[NX v22.7.2 Daemon Client] - 2026-08-09T12:47:37.133Z - [Client] Starting new daemon server in background
[NX v22.7.2 Daemon Client] - 2026-08-09T12:47:37.139Z - [Client] Waiting for server (max: 6000 attempts, 10ms interval)
[NX v22.7.2 Daemon Server] - 2026-08-09T12:47:37.435Z - New daemon starting from: /home/m/integrations/onboarded/node_modules/nx/dist/src/daemon/server/server.js
[NX v22.7.2 Daemon Server] - 2026-08-09T12:47:37.436Z - New daemon __dirname: /home/m/integrations/onboarded/node_modules/nx/dist/src/daemon/server
[NX v22.7.2 Daemon Server] - 2026-08-09T12:47:37.436Z - New daemon nxVersion: 22.7.2
[NX v22.7.2 Daemon Server] - 2026-08-09T12:47:37.437Z - New daemon getInstalledNxVersion(): 22.7.2
[NX v22.7.2 Daemon Server] - 2026-08-09T12:47:37.439Z - Time taken for 'workspace context init' 11.934766000000025ms
[NX v22.7.2 Daemon Server] - 2026-08-09T12:47:37.443Z - [Server] Starting outdated check interval (20ms)
[NX v22.7.2 Daemon Server] - 2026-08-09T12:47:37.447Z - Started listening on: /tmp/facd2ec50a6bc0ee3ba6/d.sock
[NX v22.7.2 Daemon Client] - 2026-08-09T12:47:37.448Z - [Client] Server available
[NX v22.7.2 Daemon Client] - 2026-08-09T12:47:37.448Z - [Client] Daemon server started, pid=679663
[NX v22.7.2 Daemon Client] - 2026-08-09T12:47:37.448Z - [Messenger] Setting up socket listeners
[NX v22.7.2 Daemon Server] - 2026-08-09T12:47:37.448Z - [WATCHER]: Subscribed to changes within: /home/m/integrations/onboarded (native)
[NX v22.7.2 Daemon Client] - 2026-08-09T12:47:37.448Z - [Messenger] listen() complete
[NX v22.7.2 Daemon Server] - 2026-08-09T12:47:37.449Z - [LATEST-NX]: Pulling latest Nx...
[NX v22.7.2 Daemon Server] - 2026-08-09T12:47:37.456Z - [AI-AGENTS]: Starting agent configuration status computation
[NX v22.7.2 Daemon Server] - 2026-08-09T12:47:37.457Z - Established a connection. Number of open connections: 1
[NX v22.7.2 Daemon Server] - 2026-08-09T12:47:37.457Z - Established a connection. Number of open connections: 2
[NX v22.7.2 Daemon Server] - 2026-08-09T12:47:37.459Z - Closed a connection. Number of open connections: 1
[isolated-plugin] spawned worker for "/home/m/integrations/onboarded/node_modules/nx/dist/src/plugins/js" (pid: 679740, socket: /tmp/plugin679663-0-410.196791.sock)
[NX v22.7.2 Daemon Client] - 2026-08-09T12:47:37.562Z - [Messenger] Sending message type: REQUEST_PROJECT_GRAPH
[NX v22.7.2 Daemon Client] - 2026-08-09T12:47:37.562Z - [Messenger] Message sent
[isolated-plugin] spawned worker for "/home/m/integrations/onboarded/node_modules/nx/dist/src/plugins/package-json" (pid: 679741, socket: /tmp/plugin679663-1-420.045276.sock)
[isolated-plugin] spawned worker for "/home/m/integrations/onboarded/node_modules/nx/dist/src/plugins/project-json/build-nodes/project-json" (pid: 679747, socket: /tmp/plugin679663-2-425.464619.sock)
[isolated-plugin] spawned worker for "@nx/angular/plugin" (pid: 679757, socket: /tmp/plugin679663-3-435.891304.sock)
[NX v22.7.2 Daemon Server] - 2026-08-09T12:47:37.588Z - Received raw message of length 5721
[NX v22.7.2 Daemon Server] - 2026-08-09T12:47:37.588Z - Received json message of type REQUEST_PROJECT_GRAPH
[NX v22.7.2 Daemon Server] - 2026-08-09T12:47:37.588Z - [REQUEST]: Client Request for Project Graph Received
[plugin-worker] "/home/m/integrations/onboarded/node_modules/nx/dist/src/plugins/js" (pid: 679740) listening on /tmp/plugin679663-0-410.196791.sock
[plugin-worker] "/home/m/integrations/onboarded/node_modules/nx/dist/src/plugins/package-json" (pid: 679741) listening on /tmp/plugin679663-1-420.045276.sock
Time taken for 'plugin worker 679740 code loading' 196.24780600000003ms
[isolated-plugin] connected to worker for "/home/m/integrations/onboarded/node_modules/nx/dist/src/plugins/js" (pid: 679740)
[isolated-plugin] connected to worker for "/home/m/integrations/onboarded/node_modules/nx/dist/src/plugins/package-json" (pid: 679741)
[NX v22.7.2 Daemon Server] - 2026-08-09T12:47:37.818Z - Time taken for 'start-plugin-worker:/home/m/integrations/onboarded/node_modules/nx/dist/src/plugins/js' 266.130691ms
[NX v22.7.2 Daemon Server] - 2026-08-09T12:47:37.818Z - Time taken for 'start-plugin-worker:/home/m/integrations/onboarded/node_modules/nx/dist/src/plugins/package-json' 257.20487199999997ms
Time taken for 'plugin worker 679741 code loading' 176.637787ms
[plugin-worker] "/home/m/integrations/onboarded/node_modules/nx/dist/src/plugins/package-json" (pid: 679741) connected
[plugin-worker] "/home/m/integrations/onboarded/node_modules/nx/dist/src/plugins/js" (pid: 679740) connected
[plugin-worker] "@nx/angular/plugin" (pid: 679757) listening on /tmp/plugin679663-3-435.891304.sock
Time taken for 'plugin worker 679757 code loading' 169.991747ms
[plugin-worker] "/home/m/integrations/onboarded/node_modules/nx/dist/src/plugins/project-json/build-nodes/project-json" (pid: 679747) listening on /tmp/plugin679663-2-425.464619.sock
[isolated-plugin] connected to worker for "/home/m/integrations/onboarded/node_modules/nx/dist/src/plugins/project-json/build-nodes/project-json" (pid: 679747)
[isolated-plugin] connected to worker for "@nx/angular/plugin" (pid: 679757)
[NX v22.7.2 Daemon Server] - 2026-08-09T12:47:37.838Z - Time taken for 'start-plugin-worker:/home/m/integrations/onboarded/node_modules/nx/dist/src/plugins/project-json/build-nodes/project-json' 272.64077599999996ms
[NX v22.7.2 Daemon Server] - 2026-08-09T12:47:37.838Z - Time taken for 'start-plugin-worker:@nx/angular/plugin' 262.61098400000003ms
Time taken for 'plugin worker 679747 code loading' 180.03688600000004ms
[plugin-worker] "@nx/angular/plugin" (pid: 679757) connected
[plugin-worker] "/home/m/integrations/onboarded/node_modules/nx/dist/src/plugins/project-json/build-nodes/project-json" (pid: 679747) connected
[plugin-worker] "/home/m/integrations/onboarded/node_modules/nx/dist/src/plugins/package-json" (pid: 679741) loaded successfully
[NX v22.7.2 Daemon Server] - 2026-08-09T12:47:37.913Z - Time taken for 'Load Nx Plugin: /home/m/integrations/onboarded/node_modules/nx/dist/src/plugins/package-json' 364.86405ms
[plugin-worker] "/home/m/integrations/onboarded/node_modules/nx/dist/src/plugins/js" (pid: 679740) loaded successfully
[NX v22.7.2 Daemon Server] - 2026-08-09T12:47:37.945Z - Time taken for 'Load Nx Plugin: /home/m/integrations/onboarded/node_modules/nx/dist/src/plugins/js' 397.486146ms
[plugin-worker] "/home/m/integrations/onboarded/node_modules/nx/dist/src/plugins/project-json/build-nodes/project-json" (pid: 679747) loaded successfully
[NX v22.7.2 Daemon Server] - 2026-08-09T12:47:37.958Z - Time taken for 'loadDefaultNxPlugins' 410.437206ms
[NX v22.7.2 Daemon Server] - 2026-08-09T12:47:37.958Z - Time taken for 'Load Nx Plugin: /home/m/integrations/onboarded/node_modules/nx/dist/src/plugins/project-json/build-nodes/project-json' 409.593649ms
[plugin-worker] "@nx/angular/plugin" (pid: 679757) loaded successfully
[NX v22.7.2 Daemon Server] - 2026-08-09T12:47:38.230Z - [REQUEST]: Updated workspace context based on watched changes, recomputing project graph...
[NX v22.7.2 Daemon Server] - 2026-08-09T12:47:38.230Z - [REQUEST]: 
[NX v22.7.2 Daemon Server] - 2026-08-09T12:47:38.230Z - [REQUEST]: 
[NX v22.7.2 Daemon Server] - 2026-08-09T12:47:38.238Z - Reusing in-memory cached project graph because no files changed.
[NX v22.7.2 Daemon Server] - 2026-08-09T12:47:38.239Z - Streaming message to client: progress update for topic graph-construction
[NX v22.7.2 Daemon Client] - 2026-08-09T12:47:38.239Z - [Messenger] Received message, length: 47
[NX v22.7.2 Daemon Server] - 2026-08-09T12:47:38.244Z - Time taken for 'loadSpecifiedNxPlugins' 681.366556ms
[NX v22.7.2 Daemon Server] - 2026-08-09T12:47:38.244Z - Time taken for 'Load Nx Plugin: @nx/angular/plugin' 681.25241ms
[NX v22.7.2 Daemon Server] - 2026-08-09T12:47:38.244Z - Time taken for 'hash changed files from watcher' 0.27722300000004907ms
[isolated-plugin] shutting down worker for "@nx/angular/plugin" after createNodes
[NX v22.7.2 Daemon Server] - 2026-08-09T12:47:38.250Z - Streaming message to client: progress update for topic graph-construction
[NX v22.7.2 Daemon Client] - 2026-08-09T12:47:38.250Z - [Messenger] Received message, length: 179
[isolated-plugin] shutting down worker for "nx/core/project-json" after createNodes
[NX v22.7.2 Daemon Server] - 2026-08-09T12:47:38.251Z - Streaming message to client: progress update for topic graph-construction
[NX v22.7.2 Daemon Client] - 2026-08-09T12:47:38.251Z - [Messenger] Received message, length: 153
[isolated-plugin] shutting down worker for "nx/core/package-json" after createNodes
[NX v22.7.2 Daemon Server] - 2026-08-09T12:47:38.251Z - Streaming message to client: progress update for topic graph-construction
[NX v22.7.2 Daemon Client] - 2026-08-09T12:47:38.251Z - [Messenger] Received message, length: 112
[NX v22.7.2 Daemon Server] - 2026-08-09T12:47:38.287Z - Streaming message to client: progress update for topic graph-construction
[NX v22.7.2 Daemon Client] - 2026-08-09T12:47:38.287Z - [Messenger] Received message, length: 47
[NX v22.7.2 Daemon Server] - 2026-08-09T12:47:38.302Z - Streaming message to client: progress update for topic graph-construction
[NX v22.7.2 Daemon Client] - 2026-08-09T12:47:38.302Z - [Messenger] Received message, length: 47
[NX v22.7.2 Daemon Server] - 2026-08-09T12:47:38.304Z - Time taken for 'build-project-configs' 52.652156000000105ms
[NX v22.7.2 Daemon Server] - 2026-08-09T12:47:38.305Z - Time taken for 'createNodes:merge' 3.721672000000126ms
[NX v22.7.2 Daemon Server] - 2026-08-09T12:47:38.305Z - Time taken for 'native-file-deps' 0.01873000000000502ms
[NX v22.7.2 Daemon Server] - 2026-08-09T12:47:38.305Z - Time taken for 'get-workspace-files' 0.7460919999998623ms
[NX v22.7.2 Daemon Server] - 2026-08-09T12:47:38.305Z - Time taken for 'get-all-workspace-files' 0.09363699999994424ms
[NX v22.7.2 Daemon Server] - 2026-08-09T12:47:38.305Z - Time taken for 'read cache' 0.17948500000011336ms
Time taken for 'nx/js/dependencies-and-lockfile:createNodes' 34.97110000000009ms
Time taken for 'build typescript dependencies' 8.399678999999992ms
[isolated-plugin] shutting down worker for "nx/js/dependencies-and-lockfile" after createDependencies
[NX v22.7.2 Daemon Server] - 2026-08-09T12:47:38.346Z - Streaming message to client: progress update for topic graph-construction
[NX v22.7.2 Daemon Client] - 2026-08-09T12:47:38.346Z - [Messenger] Received message, length: 47
[NX v22.7.2 Daemon Server] - 2026-08-09T12:47:38.353Z - [SYNC]: collect registered sync generators
[NX v22.7.2 Daemon Server] - 2026-08-09T12:47:38.362Z - Wrote project graph cache to /home/m/integrations/onboarded/.nx/workspace-data/project-graph.json
[NX v22.7.2 Daemon Server] - 2026-08-09T12:47:38.363Z - Serializing response for REQUEST_PROJECT_GRAPH message in json mode
[NX v22.7.2 Daemon Server] - 2026-08-09T12:47:38.363Z - Responding to REQUEST_PROJECT_GRAPH message
[NX v22.7.2 Daemon Server] - 2026-08-09T12:47:38.363Z - [REQUEST]: Responding to the client. project-graph
[NX v22.7.2 Daemon Server] - 2026-08-09T12:47:38.364Z - Time taken for 'total for creating and serializing project graph' 776.475993ms
[NX v22.7.2 Daemon Server] - 2026-08-09T12:47:38.364Z - Time taken for 'total execution time for createProjectGraph()' 50.94932700000004ms
[NX v22.7.2 Daemon Server] - 2026-08-09T12:47:38.364Z - Time taken for 'createDependencies' 46.21452199999999ms
[NX v22.7.2 Daemon Server] - 2026-08-09T12:47:38.364Z - Time taken for 'nx/js/dependencies-and-lockfile:createDependencies' 45.85830899999996ms
[NX v22.7.2 Daemon Server] - 2026-08-09T12:47:38.364Z - Time taken for 'createMetadata' 0.018821000000116328ms
[NX v22.7.2 Daemon Server] - 2026-08-09T12:47:38.364Z - Time taken for 'serialize graph' 4.636439999999993ms
[NX v22.7.2 Daemon Server] - 2026-08-09T12:47:38.364Z - Time taken for 'write cache' 8.580652999999984ms
[NX v22.7.2 Daemon Server] - 2026-08-09T12:47:38.368Z - Done responding to the client project-graph
[NX v22.7.2 Daemon Server] - 2026-08-09T12:47:38.368Z - Handled json message REQUEST_PROJECT_GRAPH. Handling time: 775. Response time: 5.
[NX v22.7.2 Daemon Client] - 2026-08-09T12:47:38.371Z - [Messenger] Received message, length: 521532
[NX v22.7.2 Daemon Server] - 2026-08-09T12:47:38.702Z - [NX-CONSOLE]: Failed to use latest Nx for console status. Error: An error occurred while checking the provenance of nx@latest. This could indicate a security risk. Please double check https://www.npmjs.com/package/nx to see if the package is published correctly or file an issue at https://github.com/nrwl/nx/issues. To disable this check at your own risk, you can set the NX_SKIP_PROVENANCE_CHECK environment variable to true. 
 Error: No attestation URL found
[NX v22.7.2 Daemon Server] - 2026-08-09T12:47:38.702Z - [AI-AGENTS]: Failed to compute agent configuration status from latest Nx. Error: An error occurred while checking the provenance of nx@latest. This could indicate a security risk. Please double check https://www.npmjs.com/package/nx to see if the package is published correctly or file an issue at https://github.com/nrwl/nx/issues. To disable this check at your own risk, you can set the NX_SKIP_PROVENANCE_CHECK environment variable to true. 
 Error: No attestation URL found
[NX v22.7.2 Daemon Server] - 2026-08-09T12:47:38.702Z - [AI-AGENTS]: Agent configuration status computation completed: 0 fully configured, 0 outdated, 0 partially configured, 0 non-configured
DEBUG nx::native::ide::install: Detected editor: Unknown
[NX v22.7.2 Daemon Client] - 2026-08-09T12:48:13.419Z - [Messenger] Sending message type: REQUEST_PROJECT_GRAPH
[NX v22.7.2 Daemon Client] - 2026-08-09T12:48:13.419Z - [Messenger] Message sent
[NX v22.7.2 Daemon Server] - 2026-08-09T12:48:13.420Z - Received raw message of length 32
[NX v22.7.2 Daemon Server] - 2026-08-09T12:48:13.420Z - Received json message of type REQUEST_PROJECT_GRAPH
[NX v22.7.2 Daemon Server] - 2026-08-09T12:48:13.420Z - [REQUEST]: Client Request for Project Graph Received
[NX v22.7.2 Daemon Server] - 2026-08-09T12:48:13.420Z - Reusing in-memory cached project graph because no files changed.
[NX v22.7.2 Daemon Server] - 2026-08-09T12:48:13.421Z - Serializing response for REQUEST_PROJECT_GRAPH message in json mode
[NX v22.7.2 Daemon Server] - 2026-08-09T12:48:13.421Z - Responding to REQUEST_PROJECT_GRAPH message
[NX v22.7.2 Daemon Server] - 2026-08-09T12:48:13.421Z - [REQUEST]: Responding to the client. project-graph
[NX v22.7.2 Daemon Server] - 2026-08-09T12:48:13.423Z - Time taken for 'total for creating and serializing project graph' 0.546730000001844ms
[NX v22.7.2 Daemon Server] - 2026-08-09T12:48:13.424Z - Done responding to the client project-graph
[NX v22.7.2 Daemon Server] - 2026-08-09T12:48:13.424Z - Handled json message REQUEST_PROJECT_GRAPH. Handling time: 1. Response time: 3.
[NX v22.7.2 Daemon Client] - 2026-08-09T12:48:13.426Z - [Messenger] Received message, length: 521532
[NX v22.7.2 Daemon Server] - 2026-08-09T12:48:38.880Z - Closed a connection. Number of open connections: 0
[NX v22.7.2 Daemon Server] - 2026-08-09T12:49:01.585Z - Established a connection. Number of open connections: 1
[NX v22.7.2 Daemon Server] - 2026-08-09T12:49:01.586Z - Closed a connection. Number of open connections: 0
[NX v22.7.2 Daemon Server] - 2026-08-09T12:49:01.586Z - Established a connection. Number of open connections: 1
[NX v22.7.2 Daemon Server] - 2026-08-09T12:49:01.587Z - Closed a connection. Number of open connections: 0
[NX v22.7.2 Daemon Server] - 2026-08-09T12:49:01.587Z - Established a connection. Number of open connections: 1
[NX v22.7.2 Daemon Client] - 2026-08-09T12:49:01.587Z - [Messenger] Setting up socket listeners
[NX v22.7.2 Daemon Client] - 2026-08-09T12:49:01.587Z - [Messenger] listen() complete
[NX v22.7.2 Daemon Client] - 2026-08-09T12:49:01.726Z - [Messenger] Sending message type: GET_NX_CONSOLE_STATUS
[NX v22.7.2 Daemon Client] - 2026-08-09T12:49:01.727Z - [Messenger] Message sent
[NX v22.7.2 Daemon Server] - 2026-08-09T12:49:01.729Z - Received raw message of length 5644
[NX v22.7.2 Daemon Server] - 2026-08-09T12:49:01.729Z - Received json message of type GET_NX_CONSOLE_STATUS
[NX v22.7.2 Daemon Server] - 2026-08-09T12:49:01.729Z - Refreshing env var ATUIN_HISTORY_ID from client connection.
[NX v22.7.2 Daemon Server] - 2026-08-09T12:49:01.729Z - Graph recompute necessary due to env variable refresh
[NX v22.7.2 Daemon Server] - 2026-08-09T12:49:01.730Z - Serializing response for GET_NX_CONSOLE_STATUS message in json mode
[NX v22.7.2 Daemon Server] - 2026-08-09T12:49:01.730Z - Responding to GET_NX_CONSOLE_STATUS message
[NX v22.7.2 Daemon Server] - 2026-08-09T12:49:01.730Z - [REQUEST]: Responding to the client. handleGetNxConsoleStatus
[NX v22.7.2 Daemon Server] - 2026-08-09T12:49:01.730Z - Done responding to the client handleGetNxConsoleStatus
[NX v22.7.2 Daemon Server] - 2026-08-09T12:49:01.730Z - Handled json message GET_NX_CONSOLE_STATUS. Handling time: 0. Response time: 0.
[NX v22.7.2 Daemon Client] - 2026-08-09T12:49:01.737Z - [Messenger] Received message, length: 22
[NX v22.7.2 Daemon Client] - 2026-08-09T12:49:01.751Z - [Messenger] Sending message type: REQUEST_PROJECT_GRAPH
[NX v22.7.2 Daemon Client] - 2026-08-09T12:49:01.751Z - [Messenger] Message sent
[NX v22.7.2 Daemon Server] - 2026-08-09T12:49:01.751Z - Received raw message of length 32
[NX v22.7.2 Daemon Server] - 2026-08-09T12:49:01.752Z - Received json message of type REQUEST_PROJECT_GRAPH
[NX v22.7.2 Daemon Server] - 2026-08-09T12:49:01.752Z - [REQUEST]: Client Request for Project Graph Received
[NX v22.7.2 Daemon Server] - 2026-08-09T12:49:01.752Z - [REQUEST]: Updated workspace context based on watched changes, recomputing project graph...
[NX v22.7.2 Daemon Server] - 2026-08-09T12:49:01.753Z - [REQUEST]: 
[NX v22.7.2 Daemon Server] - 2026-08-09T12:49:01.753Z - [REQUEST]: 
[NX v22.7.2 Daemon Server] - 2026-08-09T12:49:01.762Z - No files changed, but no in-memory cached project graph found. Recomputing it...
[NX v22.7.2 Daemon Server] - 2026-08-09T12:49:01.762Z - Streaming message to client: progress update for topic graph-construction
[plugin-client] restarting worker for "@nx/angular/plugin"
[NX v22.7.2 Daemon Client] - 2026-08-09T12:49:01.762Z - [Messenger] Received message, length: 47
[isolated-plugin] spawned worker for "@nx/angular/plugin" (pid: 680614, socket: /tmp/plugin679663-4-84629.327134.sock)
[plugin-client] restarting worker for "nx/js/dependencies-and-lockfile"
[isolated-plugin] spawned worker for "nx/js/dependencies-and-lockfile" (pid: 680615, socket: /tmp/plugin679663-5-84635.849472.sock)
[plugin-client] restarting worker for "nx/core/package-json"
[isolated-plugin] spawned worker for "nx/core/package-json" (pid: 680621, socket: /tmp/plugin679663-6-84641.262778.sock)
[plugin-client] restarting worker for "nx/core/project-json"
[isolated-plugin] spawned worker for "nx/core/project-json" (pid: 680627, socket: /tmp/plugin679663-7-84647.226075.sock)
[NX v22.7.2 Daemon Server] - 2026-08-09T12:49:01.786Z - Time taken for 'hash changed files from watcher' 0.2650359999970533ms
[plugin-worker] "@nx/angular/plugin" (pid: 680614) listening on /tmp/plugin679663-4-84629.327134.sock
Time taken for 'plugin worker 680614 code loading' 65.852272ms
[plugin-worker] "nx/js/dependencies-and-lockfile" (pid: 680615) listening on /tmp/plugin679663-5-84635.849472.sock
[isolated-plugin] connected to worker for "@nx/angular/plugin" (pid: 680614)
[isolated-plugin] connected to worker for "nx/js/dependencies-and-lockfile" (pid: 680615)
[NX v22.7.2 Daemon Server] - 2026-08-09T12:49:01.869Z - Time taken for 'start-plugin-worker:@nx/angular/plugin' 106.37248499999987ms
[NX v22.7.2 Daemon Server] - 2026-08-09T12:49:01.869Z - Time taken for 'start-plugin-worker:nx/js/dependencies-and-lockfile' 100.02575300000899ms
[plugin-worker] "nx/js/dependencies-and-lockfile" (pid: 680615) connected
[plugin-worker] "@nx/angular/plugin" (pid: 680614) connected
[plugin-worker] "nx/core/package-json" (pid: 680621) listening on /tmp/plugin679663-6-84641.262778.sock
Time taken for 'plugin worker 680615 code loading' 69.723806ms
Time taken for 'plugin worker 680621 code loading' 63.764008000000004ms
[isolated-plugin] connected to worker for "nx/core/package-json" (pid: 680621)
[NX v22.7.2 Daemon Server] - 2026-08-09T12:49:01.877Z - Time taken for 'start-plugin-worker:nx/core/package-json' 102.23206700000446ms
[plugin-worker] "nx/core/package-json" (pid: 680621) connected
[plugin-worker] "nx/core/project-json" (pid: 680627) listening on /tmp/plugin679663-7-84647.226075.sock
Time taken for 'plugin worker 680627 code loading' 61.05018199999999ms
[isolated-plugin] connected to worker for "nx/core/project-json" (pid: 680627)
[NX v22.7.2 Daemon Server] - 2026-08-09T12:49:01.879Z - Time taken for 'start-plugin-worker:nx/core/project-json' 98.07443900000362ms
[plugin-worker] "nx/core/project-json" (pid: 680627) connected
[plugin-worker] "nx/js/dependencies-and-lockfile" (pid: 680615) loaded successfully
[plugin-worker] "nx/core/package-json" (pid: 680621) loaded successfully
[plugin-worker] "nx/core/project-json" (pid: 680627) loaded successfully
[isolated-plugin] shutting down worker for "nx/core/project-json" after createNodes
[NX v22.7.2 Daemon Server] - 2026-08-09T12:49:01.906Z - Streaming message to client: progress update for topic graph-construction
[isolated-plugin] shutting down worker for "nx/core/package-json" after createNodes
[NX v22.7.2 Daemon Server] - 2026-08-09T12:49:01.907Z - Streaming message to client: progress update for topic graph-construction
[NX v22.7.2 Daemon Client] - 2026-08-09T12:49:01.907Z - [Messenger] Received message, length: 177
[NX v22.7.2 Daemon Client] - 2026-08-09T12:49:01.907Z - [Messenger] Received message, length: 151
Time taken for 'nx/js/dependencies-and-lockfile:createNodes' 18.079738000000006ms
[NX v22.7.2 Daemon Server] - 2026-08-09T12:49:01.919Z - Streaming message to client: progress update for topic graph-construction
[NX v22.7.2 Daemon Client] - 2026-08-09T12:49:01.919Z - [Messenger] Received message, length: 99
[plugin-worker] "@nx/angular/plugin" (pid: 680614) loaded successfully
[isolated-plugin] shutting down worker for "@nx/angular/plugin" after createNodes
[NX v22.7.2 Daemon Server] - 2026-08-09T12:49:01.945Z - Streaming message to client: progress update for topic graph-construction
[NX v22.7.2 Daemon Client] - 2026-08-09T12:49:01.945Z - [Messenger] Received message, length: 47
[NX v22.7.2 Daemon Server] - 2026-08-09T12:49:01.949Z - Streaming message to client: progress update for topic graph-construction
[NX v22.7.2 Daemon Client] - 2026-08-09T12:49:01.950Z - [Messenger] Received message, length: 47
[NX v22.7.2 Daemon Server] - 2026-08-09T12:49:01.952Z - Time taken for 'build-project-configs' 183.77289400000882ms
[NX v22.7.2 Daemon Server] - 2026-08-09T12:49:01.952Z - Time taken for 'createNodes:merge' 0.7620850000093924ms
[NX v22.7.2 Daemon Server] - 2026-08-09T12:49:01.952Z - Time taken for 'get-all-workspace-files' 0.05359499999030959ms
Time taken for 'build typescript dependencies' 0.2050079999999923ms
[isolated-plugin] shutting down worker for "nx/js/dependencies-and-lockfile" after createDependencies
[NX v22.7.2 Daemon Server] - 2026-08-09T12:49:01.979Z - Streaming message to client: progress update for topic graph-construction
[NX v22.7.2 Daemon Client] - 2026-08-09T12:49:01.980Z - [Messenger] Received message, length: 47
[NX v22.7.2 Daemon Server] - 2026-08-09T12:49:01.989Z - Wrote project graph cache to /home/m/integrations/onboarded/.nx/workspace-data/project-graph.json
[NX v22.7.2 Daemon Server] - 2026-08-09T12:49:01.989Z - Serializing response for REQUEST_PROJECT_GRAPH message in json mode
[NX v22.7.2 Daemon Server] - 2026-08-09T12:49:01.989Z - Responding to REQUEST_PROJECT_GRAPH message
[NX v22.7.2 Daemon Server] - 2026-08-09T12:49:01.989Z - [REQUEST]: Responding to the client. project-graph
[NX v22.7.2 Daemon Server] - 2026-08-09T12:49:01.991Z - Time taken for 'total for creating and serializing project graph' 237.68783399999666ms
[NX v22.7.2 Daemon Server] - 2026-08-09T12:49:01.991Z - Time taken for 'total execution time for createProjectGraph()' 34.83654300001217ms
[NX v22.7.2 Daemon Server] - 2026-08-09T12:49:01.991Z - Time taken for 'createDependencies' 32.115950000006706ms
[NX v22.7.2 Daemon Server] - 2026-08-09T12:49:01.991Z - Time taken for 'nx/js/dependencies-and-lockfile:createDependencies' 31.707858000008855ms
[NX v22.7.2 Daemon Server] - 2026-08-09T12:49:01.991Z - Time taken for 'createMetadata' 0.014890000005834736ms
[NX v22.7.2 Daemon Server] - 2026-08-09T12:49:01.991Z - Time taken for 'serialize graph' 2.2506020000000717ms
[NX v22.7.2 Daemon Server] - 2026-08-09T12:49:01.991Z - Time taken for 'write cache' 5.481598999991547ms
[NX v22.7.2 Daemon Server] - 2026-08-09T12:49:01.992Z - Done responding to the client project-graph
[NX v22.7.2 Daemon Server] - 2026-08-09T12:49:01.992Z - Handled json message REQUEST_PROJECT_GRAPH. Handling time: 237. Response time: 3.
[NX v22.7.2 Daemon Client] - 2026-08-09T12:49:01.993Z - [Messenger] Received message, length: 521532
[NX v22.7.2 Daemon Server] - 2026-08-09T12:49:23.263Z - Closed a connection. Number of open connections: 0
[NX v22.7.2 Daemon Server] - 2026-08-09T12:52:50.916Z - [WATCHER]: 20 file(s) created or restored, 0 file(s) modified, 0 file(s) deleted
[NX v22.7.2 Daemon Server] - 2026-08-09T12:52:50.917Z - [WATCHER]: File changes detected:
Created:
  - packages/portal/src/index.html
  - packages/portal/.gitignore
  - packages/portal/src/main.ts
  - packages/portal/src/app/app.html
  - packages/portal/angular.json
  - packages/portal/.editorconfig
  - packages/portal/tsconfig.json
  - packages/portal/src/app/app.ts
  - packages/portal/src/styles.scss
  - packages/portal/.vscode/launch.json
  ... and 10 more
Updated:
(none)
Deleted:
(none)
[NX v22.7.2 Daemon Server] - 2026-08-09T12:52:50.917Z - [SYNC]: clearing sync generators cache due to file changes
[NX v22.7.2 Daemon Server] - 2026-08-09T12:52:50.917Z - [WATCHER]: Processing file changes in outputs
[NX v22.7.2 Daemon Server] - 2026-08-09T12:52:50.917Z - [WATCHER]: Stopping the watcher for /home/m/integrations/onboarded (sources)
[NX v22.7.2 Daemon Server] - 2026-08-09T12:52:50.918Z - [WATCHER]: Stopping the watcher for /home/m/integrations/onboarded (outputs)
[NX v22.7.2 Daemon Server] - 2026-08-09T12:52:50.919Z - Server stopped because: "Stopping the daemon the set of ignored files changed (native)"
[NX v22.7.2 Daemon Client] - 2026-08-09T19:06:28.867Z - [Client] Starting new daemon server in background
[NX v22.7.2 Daemon Client] - 2026-08-09T19:06:28.880Z - [Client] Waiting for server (max: 6000 attempts, 10ms interval)
[NX v22.7.2 Daemon Server] - 2026-08-09T19:06:29.141Z - New daemon starting from: /home/m/integrations/onboarded/node_modules/nx/dist/src/daemon/server/server.js
[NX v22.7.2 Daemon Server] - 2026-08-09T19:06:29.142Z - New daemon __dirname: /home/m/integrations/onboarded/node_modules/nx/dist/src/daemon/server
[NX v22.7.2 Daemon Server] - 2026-08-09T19:06:29.142Z - New daemon nxVersion: 22.7.2
[NX v22.7.2 Daemon Server] - 2026-08-09T19:06:29.142Z - New daemon getInstalledNxVersion(): 22.7.2
[NX v22.7.2 Daemon Server] - 2026-08-09T19:06:29.145Z - Time taken for 'workspace context init' 7.549789000000004ms
[NX v22.7.2 Daemon Server] - 2026-08-09T19:06:29.155Z - [Server] Starting outdated check interval (20ms)
[NX v22.7.2 Daemon Server] - 2026-08-09T19:06:29.158Z - Started listening on: /tmp/c124d980f7eacfe0e888/d.sock
[NX v22.7.2 Daemon Client] - 2026-08-09T19:06:29.164Z - [Client] Server available
[NX v22.7.2 Daemon Client] - 2026-08-09T19:06:29.164Z - [Client] Daemon server started, pid=804856
[NX v22.7.2 Daemon Client] - 2026-08-09T19:06:29.165Z - [Messenger] Setting up socket listeners
[NX v22.7.2 Daemon Client] - 2026-08-09T19:06:29.165Z - [Messenger] listen() complete
[NX v22.7.2 Daemon Server] - 2026-08-09T19:06:29.169Z - [WATCHER]: Subscribed to changes within: /home/m/integrations/onboarded (native)
[NX v22.7.2 Daemon Server] - 2026-08-09T19:06:29.171Z - [LATEST-NX]: Pulling latest Nx...
[NX v22.7.2 Daemon Server] - 2026-08-09T19:06:29.183Z - [AI-AGENTS]: Starting agent configuration status computation
[NX v22.7.2 Daemon Server] - 2026-08-09T19:06:29.186Z - Established a connection. Number of open connections: 1
[NX v22.7.2 Daemon Server] - 2026-08-09T19:06:29.187Z - Established a connection. Number of open connections: 2
[NX v22.7.2 Daemon Server] - 2026-08-09T19:06:29.193Z - Closed a connection. Number of open connections: 1
[isolated-plugin] spawned worker for "/home/m/integrations/onboarded/node_modules/nx/dist/src/plugins/js" (pid: 804935, socket: /tmp/plugin804856-0-394.2952.sock)
[isolated-plugin] spawned worker for "/home/m/integrations/onboarded/node_modules/nx/dist/src/plugins/package-json" (pid: 804936, socket: /tmp/plugin804856-1-404.091484.sock)
[isolated-plugin] spawned worker for "/home/m/integrations/onboarded/node_modules/nx/dist/src/plugins/project-json/build-nodes/project-json" (pid: 804942, socket: /tmp/plugin804856-2-411.977244.sock)
[NX v22.7.2 Daemon Client] - 2026-08-09T19:06:29.306Z - [Messenger] Sending message type: REQUEST_PROJECT_GRAPH
[NX v22.7.2 Daemon Client] - 2026-08-09T19:06:29.307Z - [Messenger] Message sent
[isolated-plugin] spawned worker for "@nx/angular/plugin" (pid: 804948, socket: /tmp/plugin804856-3-423.657775.sock)
[NX v22.7.2 Daemon Server] - 2026-08-09T19:06:29.313Z - Received raw message of length 5208
[NX v22.7.2 Daemon Server] - 2026-08-09T19:06:29.314Z - Received json message of type REQUEST_PROJECT_GRAPH
[NX v22.7.2 Daemon Server] - 2026-08-09T19:06:29.314Z - [REQUEST]: Client Request for Project Graph Received
[plugin-worker] "/home/m/integrations/onboarded/node_modules/nx/dist/src/plugins/js" (pid: 804935) listening on /tmp/plugin804856-0-394.2952.sock
[plugin-worker] "/home/m/integrations/onboarded/node_modules/nx/dist/src/plugins/package-json" (pid: 804936) listening on /tmp/plugin804856-1-404.091484.sock
Time taken for 'plugin worker 804935 code loading' 152.168608ms
Time taken for 'plugin worker 804936 code loading' 144.464644ms
[plugin-worker] "/home/m/integrations/onboarded/node_modules/nx/dist/src/plugins/project-json/build-nodes/project-json" (pid: 804942) listening on /tmp/plugin804856-2-411.977244.sock
[isolated-plugin] connected to worker for "/home/m/integrations/onboarded/node_modules/nx/dist/src/plugins/js" (pid: 804935)
[isolated-plugin] connected to worker for "/home/m/integrations/onboarded/node_modules/nx/dist/src/plugins/package-json" (pid: 804936)
[isolated-plugin] connected to worker for "/home/m/integrations/onboarded/node_modules/nx/dist/src/plugins/project-json/build-nodes/project-json" (pid: 804942)
[NX v22.7.2 Daemon Server] - 2026-08-09T19:06:29.506Z - Time taken for 'start-plugin-worker:/home/m/integrations/onboarded/node_modules/nx/dist/src/plugins/js' 227.95135599999998ms
[NX v22.7.2 Daemon Server] - 2026-08-09T19:06:29.506Z - Time taken for 'start-plugin-worker:/home/m/integrations/onboarded/node_modules/nx/dist/src/plugins/package-json' 219.47430099999997ms
[NX v22.7.2 Daemon Server] - 2026-08-09T19:06:29.506Z - Time taken for 'start-plugin-worker:/home/m/integrations/onboarded/node_modules/nx/dist/src/plugins/project-json/build-nodes/project-json' 211.86269600000003ms
[plugin-worker] "/home/m/integrations/onboarded/node_modules/nx/dist/src/plugins/js" (pid: 804935) connected
[plugin-worker] "/home/m/integrations/onboarded/node_modules/nx/dist/src/plugins/package-json" (pid: 804936) connected
[plugin-worker] "/home/m/integrations/onboarded/node_modules/nx/dist/src/plugins/project-json/build-nodes/project-json" (pid: 804942) connected
Time taken for 'plugin worker 804942 code loading' 140.84626699999998ms
[plugin-worker] "@nx/angular/plugin" (pid: 804948) listening on /tmp/plugin804856-3-423.657775.sock
[isolated-plugin] connected to worker for "@nx/angular/plugin" (pid: 804948)
[NX v22.7.2 Daemon Server] - 2026-08-09T19:06:29.513Z - Time taken for 'start-plugin-worker:@nx/angular/plugin' 207.83233100000007ms
Time taken for 'plugin worker 804948 code loading' 134.627229ms
[plugin-worker] "@nx/angular/plugin" (pid: 804948) connected
[plugin-worker] "/home/m/integrations/onboarded/node_modules/nx/dist/src/plugins/package-json" (pid: 804936) loaded successfully
[NX v22.7.2 Daemon Server] - 2026-08-09T19:06:29.566Z - Time taken for 'Load Nx Plugin: /home/m/integrations/onboarded/node_modules/nx/dist/src/plugins/package-json' 291.96454199999994ms
[plugin-worker] "/home/m/integrations/onboarded/node_modules/nx/dist/src/plugins/project-json/build-nodes/project-json" (pid: 804942) loaded successfully
[NX v22.7.2 Daemon Server] - 2026-08-09T19:06:29.571Z - Time taken for 'Load Nx Plugin: /home/m/integrations/onboarded/node_modules/nx/dist/src/plugins/project-json/build-nodes/project-json' 297.03381900000005ms
[plugin-worker] "/home/m/integrations/onboarded/node_modules/nx/dist/src/plugins/js" (pid: 804935) loaded successfully
[NX v22.7.2 Daemon Server] - 2026-08-09T19:06:29.586Z - Time taken for 'loadDefaultNxPlugins' 313.068123ms
[NX v22.7.2 Daemon Server] - 2026-08-09T19:06:29.586Z - Time taken for 'Load Nx Plugin: /home/m/integrations/onboarded/node_modules/nx/dist/src/plugins/js' 312.742674ms
[plugin-worker] "@nx/angular/plugin" (pid: 804948) loaded successfully
[NX v22.7.2 Daemon Server] - 2026-08-09T19:06:29.742Z - [REQUEST]: Updated workspace context based on watched changes, recomputing project graph...
[NX v22.7.2 Daemon Server] - 2026-08-09T19:06:29.742Z - [REQUEST]: 
[NX v22.7.2 Daemon Server] - 2026-08-09T19:06:29.742Z - [REQUEST]: 
[NX v22.7.2 Daemon Server] - 2026-08-09T19:06:29.753Z - Reusing in-memory cached project graph because no files changed.
[NX v22.7.2 Daemon Server] - 2026-08-09T19:06:29.754Z - Streaming message to client: progress update for topic graph-construction
[NX v22.7.2 Daemon Client] - 2026-08-09T19:06:29.755Z - [Messenger] Received message, length: 47
[NX v22.7.2 Daemon Server] - 2026-08-09T19:06:29.762Z - Time taken for 'loadSpecifiedNxPlugins' 466.57615999999996ms
[NX v22.7.2 Daemon Server] - 2026-08-09T19:06:29.762Z - Time taken for 'Load Nx Plugin: @nx/angular/plugin' 466.34680899999995ms
[NX v22.7.2 Daemon Server] - 2026-08-09T19:06:29.762Z - Time taken for 'hash changed files from watcher' 0.8981899999999996ms
[isolated-plugin] shutting down worker for "nx/core/project-json" after createNodes
[NX v22.7.2 Daemon Server] - 2026-08-09T19:06:29.767Z - Streaming message to client: progress update for topic graph-construction
[NX v22.7.2 Daemon Client] - 2026-08-09T19:06:29.767Z - [Messenger] Received message, length: 177
[NX v22.7.2 Daemon Server] - 2026-08-09T19:06:29.767Z - Established a connection. Number of open connections: 2
[NX v22.7.2 Daemon Client] - 2026-08-09T19:06:29.767Z - [Messenger] Setting up socket listeners
[NX v22.7.2 Daemon Client] - 2026-08-09T19:06:29.767Z - [Messenger] listen() complete
[NX v22.7.2 Daemon Server] - 2026-08-09T19:06:29.768Z - Established a connection. Number of open connections: 3
[NX v22.7.2 Daemon Server] - 2026-08-09T19:06:29.770Z - Closed a connection. Number of open connections: 2
[isolated-plugin] shutting down worker for "nx/core/package-json" after createNodes
[NX v22.7.2 Daemon Server] - 2026-08-09T19:06:29.774Z - Streaming message to client: progress update for topic graph-construction
[NX v22.7.2 Daemon Client] - 2026-08-09T19:06:29.775Z - [Messenger] Received message, length: 151
Time taken for 'nx/js/dependencies-and-lockfile:createNodes' 35.97386899999998ms
[NX v22.7.2 Daemon Server] - 2026-08-09T19:06:29.807Z - Streaming message to client: progress update for topic graph-construction
[NX v22.7.2 Daemon Client] - 2026-08-09T19:06:29.807Z - [Messenger] Received message, length: 99
[NX v22.7.2 Daemon Client] - 2026-08-09T19:06:29.896Z - [Messenger] Sending message type: HASH_GLOB
[NX v22.7.2 Daemon Client] - 2026-08-09T19:06:29.896Z - [Messenger] Message sent
Time taken for 'daemon-message-serialization-HASH_GLOB' 0.0831869999999526ms
[NX v22.7.2 Daemon Server] - 2026-08-09T19:06:29.897Z - Received raw message of length 73
[NX v22.7.2 Daemon Server] - 2026-08-09T19:06:29.898Z - Received json message of type HASH_GLOB
[NX v22.7.2 Daemon Server] - 2026-08-09T19:06:29.901Z - Serializing response for HASH_GLOB message in json mode
[NX v22.7.2 Daemon Server] - 2026-08-09T19:06:29.901Z - Responding to HASH_GLOB message
[NX v22.7.2 Daemon Server] - 2026-08-09T19:06:29.901Z - [REQUEST]: Responding to the client. handleHashGlob
[NX v22.7.2 Daemon Server] - 2026-08-09T19:06:29.902Z - Done responding to the client handleHashGlob
[NX v22.7.2 Daemon Server] - 2026-08-09T19:06:29.902Z - Handled json message HASH_GLOB. Handling time: 3. Response time: 1.
[NX v22.7.2 Daemon Client] - 2026-08-09T19:06:29.902Z - [Messenger] Received message, length: 21
[isolated-plugin] shutting down worker for "@nx/angular/plugin" after createNodes
[NX v22.7.2 Daemon Server] - 2026-08-09T19:06:29.907Z - Streaming message to client: progress update for topic graph-construction
[NX v22.7.2 Daemon Client] - 2026-08-09T19:06:29.907Z - [Messenger] Received message, length: 47
Unable to find local plugin [] Map(0) {}
Unable to find local plugin [] Map(0) {}
[NX v22.7.2 Daemon Server] - 2026-08-09T19:06:29.949Z - Streaming message to client: progress update for topic graph-construction
[NX v22.7.2 Daemon Client] - 2026-08-09T19:06:29.949Z - [Messenger] Received message, length: 47
[NX v22.7.2 Daemon Server] - 2026-08-09T19:06:29.954Z - Time taken for 'build-project-configs' 167.368925ms
[NX v22.7.2 Daemon Server] - 2026-08-09T19:06:29.954Z - Time taken for 'createNodes:merge' 13.584071999999878ms
[NX v22.7.2 Daemon Server] - 2026-08-09T19:06:29.954Z - Time taken for 'native-file-deps' 0.031860000000051514ms
[NX v22.7.2 Daemon Server] - 2026-08-09T19:06:29.954Z - Time taken for 'get-workspace-files' 4.174882000000025ms
[NX v22.7.2 Daemon Server] - 2026-08-09T19:06:29.954Z - Time taken for 'get-all-workspace-files' 0.2744629999999688ms
[NX v22.7.2 Daemon Server] - 2026-08-09T19:06:29.954Z - Time taken for 'read cache' 1.0406060000000252ms
[NX v22.7.2 Daemon Server] - 2026-08-09T19:06:29.968Z - Closed a connection. Number of open connections: 1
[isolated-plugin] shutting down worker for "nx/js/dependencies-and-lockfile" after createDependencies
[NX v22.7.2 Daemon Server] - 2026-08-09T19:06:30.087Z - Streaming message to client: progress update for topic graph-construction
[NX v22.7.2 Daemon Client] - 2026-08-09T19:06:30.088Z - [Messenger] Received message, length: 47
[NX v22.7.2 Daemon Server] - 2026-08-09T19:06:30.104Z - [SYNC]: collect registered sync generators
[NX v22.7.2 Daemon Server] - 2026-08-09T19:06:30.120Z - Wrote project graph cache to /home/m/integrations/onboarded/.nx/workspace-data/project-graph.json
[NX v22.7.2 Daemon Server] - 2026-08-09T19:06:30.120Z - Serializing response for REQUEST_PROJECT_GRAPH message in json mode
[NX v22.7.2 Daemon Server] - 2026-08-09T19:06:30.120Z - Responding to REQUEST_PROJECT_GRAPH message
[NX v22.7.2 Daemon Server] - 2026-08-09T19:06:30.120Z - [REQUEST]: Responding to the client. project-graph
[NX v22.7.2 Daemon Server] - 2026-08-09T19:06:30.124Z - Time taken for 'total for creating and serializing project graph' 806.5297950000001ms
[NX v22.7.2 Daemon Server] - 2026-08-09T19:06:30.124Z - Time taken for 'total execution time for createProjectGraph()' 157.40682300000003ms
[NX v22.7.2 Daemon Server] - 2026-08-09T19:06:30.124Z - Time taken for 'createDependencies' 145.02132600000004ms
[NX v22.7.2 Daemon Server] - 2026-08-09T19:06:30.124Z - Time taken for 'nx/js/dependencies-and-lockfile:createDependencies' 144.2827870000001ms
[NX v22.7.2 Daemon Server] - 2026-08-09T19:06:30.124Z - Time taken for 'createMetadata' 0.029043000000001484ms
[NX v22.7.2 Daemon Server] - 2026-08-09T19:06:30.124Z - Time taken for 'serialize graph' 8.766861000000063ms
[NX v22.7.2 Daemon Server] - 2026-08-09T19:06:30.124Z - Time taken for 'write cache' 14.817031999999926ms
[NX v22.7.2 Daemon Server] - 2026-08-09T19:06:30.126Z - Done responding to the client project-graph
[NX v22.7.2 Daemon Server] - 2026-08-09T19:06:30.126Z - Handled json message REQUEST_PROJECT_GRAPH. Handling time: 806. Response time: 6.
[NX v22.7.2 Daemon Client] - 2026-08-09T19:06:30.128Z - [Messenger] Received message, length: 685601
[NX v22.7.2 Daemon Server] - 2026-08-09T19:06:30.143Z - Closed a connection. Number of open connections: 0
[NX v22.7.2 Daemon Server] - 2026-08-09T19:06:30.669Z - [NX-CONSOLE]: Failed to use latest Nx for console status. Error: An error occurred while checking the provenance of nx@latest. This could indicate a security risk. Please double check https://www.npmjs.com/package/nx to see if the package is published correctly or file an issue at https://github.com/nrwl/nx/issues. To disable this check at your own risk, you can set the NX_SKIP_PROVENANCE_CHECK environment variable to true. 
 Error: No attestation URL found
[NX v22.7.2 Daemon Server] - 2026-08-09T19:06:30.670Z - [AI-AGENTS]: Failed to compute agent configuration status from latest Nx. Error: An error occurred while checking the provenance of nx@latest. This could indicate a security risk. Please double check https://www.npmjs.com/package/nx to see if the package is published correctly or file an issue at https://github.com/nrwl/nx/issues. To disable this check at your own risk, you can set the NX_SKIP_PROVENANCE_CHECK environment variable to true. 
 Error: No attestation URL found
[NX v22.7.2 Daemon Server] - 2026-08-09T19:06:30.671Z - [AI-AGENTS]: Agent configuration status computation completed: 0 fully configured, 0 outdated, 0 partially configured, 0 non-configured
DEBUG nx::native::ide::install: Detected editor: Unknown
[NX v22.7.2 Daemon Server] - 2026-08-09T19:06:36.602Z - Established a connection. Number of open connections: 1
[NX v22.7.2 Daemon Server] - 2026-08-09T19:06:36.603Z - Closed a connection. Number of open connections: 0
[NX v22.7.2 Daemon Server] - 2026-08-09T19:06:36.605Z - Established a connection. Number of open connections: 1
[NX v22.7.2 Daemon Server] - 2026-08-09T19:06:36.606Z - Closed a connection. Number of open connections: 0
[NX v22.7.2 Daemon Server] - 2026-08-09T19:06:36.606Z - Established a connection. Number of open connections: 1
[NX v22.7.2 Daemon Client] - 2026-08-09T19:06:36.606Z - [Messenger] Setting up socket listeners
[NX v22.7.2 Daemon Client] - 2026-08-09T19:06:36.612Z - [Messenger] listen() complete
[NX v22.7.2 Daemon Client] - 2026-08-09T19:06:36.719Z - [Messenger] Sending message type: GET_NX_CONSOLE_STATUS
[NX v22.7.2 Daemon Client] - 2026-08-09T19:06:36.720Z - [Messenger] Message sent
[NX v22.7.2 Daemon Server] - 2026-08-09T19:06:36.726Z - Received raw message of length 5208
[NX v22.7.2 Daemon Server] - 2026-08-09T19:06:36.726Z - Received json message of type GET_NX_CONSOLE_STATUS
[NX v22.7.2 Daemon Server] - 2026-08-09T19:06:36.726Z - Refreshing env var ATUIN_HISTORY_ID from client connection.
[NX v22.7.2 Daemon Server] - 2026-08-09T19:06:36.727Z - Graph recompute necessary due to env variable refresh
[NX v22.7.2 Daemon Server] - 2026-08-09T19:06:36.727Z - Serializing response for GET_NX_CONSOLE_STATUS message in json mode
[NX v22.7.2 Daemon Server] - 2026-08-09T19:06:36.727Z - Responding to GET_NX_CONSOLE_STATUS message
[NX v22.7.2 Daemon Server] - 2026-08-09T19:06:36.727Z - [REQUEST]: Responding to the client. handleGetNxConsoleStatus
[NX v22.7.2 Daemon Server] - 2026-08-09T19:06:36.728Z - Done responding to the client handleGetNxConsoleStatus
[NX v22.7.2 Daemon Server] - 2026-08-09T19:06:36.728Z - Handled json message GET_NX_CONSOLE_STATUS. Handling time: 0. Response time: 1.
[NX v22.7.2 Daemon Client] - 2026-08-09T19:06:36.728Z - [Messenger] Received message, length: 22
[NX v22.7.2 Daemon Client] - 2026-08-09T19:06:36.783Z - [Messenger] Sending message type: REQUEST_PROJECT_GRAPH
[NX v22.7.2 Daemon Client] - 2026-08-09T19:06:36.784Z - [Messenger] Message sent
[NX v22.7.2 Daemon Server] - 2026-08-09T19:06:36.784Z - Received raw message of length 32
[NX v22.7.2 Daemon Server] - 2026-08-09T19:06:36.784Z - Received json message of type REQUEST_PROJECT_GRAPH
[NX v22.7.2 Daemon Server] - 2026-08-09T19:06:36.784Z - [REQUEST]: Client Request for Project Graph Received
[NX v22.7.2 Daemon Server] - 2026-08-09T19:06:36.785Z - [REQUEST]: Updated workspace context based on watched changes, recomputing project graph...
[NX v22.7.2 Daemon Server] - 2026-08-09T19:06:36.785Z - [REQUEST]: 
[NX v22.7.2 Daemon Server] - 2026-08-09T19:06:36.785Z - [REQUEST]: 
[NX v22.7.2 Daemon Server] - 2026-08-09T19:06:36.794Z - No files changed, but no in-memory cached project graph found. Recomputing it...
[NX v22.7.2 Daemon Server] - 2026-08-09T19:06:36.795Z - Streaming message to client: progress update for topic graph-construction
[plugin-client] restarting worker for "@nx/angular/plugin"
[NX v22.7.2 Daemon Client] - 2026-08-09T19:06:36.796Z - [Messenger] Received message, length: 47
[isolated-plugin] spawned worker for "@nx/angular/plugin" (pid: 805152, socket: /tmp/plugin804856-4-7913.900752.sock)
[plugin-client] restarting worker for "nx/js/dependencies-and-lockfile"
[isolated-plugin] spawned worker for "nx/js/dependencies-and-lockfile" (pid: 805153, socket: /tmp/plugin804856-5-7926.382697.sock)
[plugin-client] restarting worker for "nx/core/package-json"
[isolated-plugin] spawned worker for "nx/core/package-json" (pid: 805160, socket: /tmp/plugin804856-6-7937.302131.sock)
[plugin-client] restarting worker for "nx/core/project-json"
[isolated-plugin] spawned worker for "nx/core/project-json" (pid: 805168, socket: /tmp/plugin804856-7-7945.685356.sock)
[NX v22.7.2 Daemon Server] - 2026-08-09T19:06:36.835Z - Time taken for 'hash changed files from watcher' 0.3147500000004584ms
[plugin-worker] "@nx/angular/plugin" (pid: 805152) listening on /tmp/plugin804856-4-7913.900752.sock
Time taken for 'plugin worker 805152 code loading' 123.76781700000001ms
[isolated-plugin] connected to worker for "@nx/angular/plugin" (pid: 805152)
[NX v22.7.2 Daemon Server] - 2026-08-09T19:06:36.988Z - Time taken for 'start-plugin-worker:@nx/angular/plugin' 192.08534400000008ms
[plugin-worker] "@nx/angular/plugin" (pid: 805152) connected
[plugin-worker] "nx/js/dependencies-and-lockfile" (pid: 805153) listening on /tmp/plugin804856-5-7926.382697.sock
[isolated-plugin] connected to worker for "nx/js/dependencies-and-lockfile" (pid: 805153)
[NX v22.7.2 Daemon Server] - 2026-08-09T19:06:37.011Z - Time taken for 'start-plugin-worker:nx/js/dependencies-and-lockfile' 203.52518599999985ms
[plugin-worker] "nx/js/dependencies-and-lockfile" (pid: 805153) connected
Time taken for 'plugin worker 805153 code loading' 136.119981ms
[plugin-worker] "nx/core/package-json" (pid: 805160) listening on /tmp/plugin804856-6-7937.302131.sock
Time taken for 'plugin worker 805160 code loading' 131.59827299999998ms
[isolated-plugin] connected to worker for "nx/core/package-json" (pid: 805160)
[NX v22.7.2 Daemon Server] - 2026-08-09T19:06:37.020Z - Time taken for 'start-plugin-worker:nx/core/package-json' 200.43633099999988ms
[plugin-worker] "nx/core/package-json" (pid: 805160) connected
[plugin-worker] "nx/core/project-json" (pid: 805168) listening on /tmp/plugin804856-7-7945.685356.sock
Time taken for 'plugin worker 805168 code loading' 137.545028ms
[isolated-plugin] connected to worker for "nx/core/project-json" (pid: 805168)
[NX v22.7.2 Daemon Server] - 2026-08-09T19:06:37.039Z - Time taken for 'start-plugin-worker:nx/core/project-json' 211.70677199999955ms
[plugin-worker] "nx/core/project-json" (pid: 805168) connected
[plugin-worker] "nx/core/package-json" (pid: 805160) loaded successfully
[plugin-worker] "nx/js/dependencies-and-lockfile" (pid: 805153) loaded successfully
[isolated-plugin] shutting down worker for "nx/core/package-json" after createNodes
[NX v22.7.2 Daemon Server] - 2026-08-09T19:06:37.087Z - Streaming message to client: progress update for topic graph-construction
[NX v22.7.2 Daemon Client] - 2026-08-09T19:06:37.088Z - [Messenger] Received message, length: 177
[plugin-worker] "nx/core/project-json" (pid: 805168) loaded successfully
[isolated-plugin] shutting down worker for "nx/core/project-json" after createNodes
[NX v22.7.2 Daemon Server] - 2026-08-09T19:06:37.106Z - Streaming message to client: progress update for topic graph-construction
Time taken for 'nx/js/dependencies-and-lockfile:createNodes' 21.90782200000001ms
[NX v22.7.2 Daemon Client] - 2026-08-09T19:06:37.106Z - [Messenger] Received message, length: 151
[NX v22.7.2 Daemon Server] - 2026-08-09T19:06:37.114Z - Streaming message to client: progress update for topic graph-construction
[NX v22.7.2 Daemon Client] - 2026-08-09T19:06:37.114Z - [Messenger] Received message, length: 99
[plugin-worker] "@nx/angular/plugin" (pid: 805152) loaded successfully
[NX v22.7.2 Daemon Server] - 2026-08-09T19:06:37.165Z - Established a connection. Number of open connections: 2
[NX v22.7.2 Daemon Server] - 2026-08-09T19:06:37.174Z - Closed a connection. Number of open connections: 1
[NX v22.7.2 Daemon Server] - 2026-08-09T19:06:37.175Z - Established a connection. Number of open connections: 2
[NX v22.7.2 Daemon Client] - 2026-08-09T19:06:37.175Z - [Messenger] Setting up socket listeners
[NX v22.7.2 Daemon Client] - 2026-08-09T19:06:37.176Z - [Messenger] listen() complete
[NX v22.7.2 Daemon Client] - 2026-08-09T19:06:37.296Z - [Messenger] Sending message type: HASH_GLOB
[NX v22.7.2 Daemon Client] - 2026-08-09T19:06:37.296Z - [Messenger] Message sent
Time taken for 'daemon-message-serialization-HASH_GLOB' 0.0671729999999684ms
[NX v22.7.2 Daemon Server] - 2026-08-09T19:06:37.297Z - Received raw message of length 73
[NX v22.7.2 Daemon Server] - 2026-08-09T19:06:37.297Z - Received json message of type HASH_GLOB
[NX v22.7.2 Daemon Server] - 2026-08-09T19:06:37.298Z - Serializing response for HASH_GLOB message in json mode
[NX v22.7.2 Daemon Server] - 2026-08-09T19:06:37.298Z - Responding to HASH_GLOB message
[NX v22.7.2 Daemon Server] - 2026-08-09T19:06:37.298Z - [REQUEST]: Responding to the client. handleHashGlob
[NX v22.7.2 Daemon Server] - 2026-08-09T19:06:37.298Z - Done responding to the client handleHashGlob
[NX v22.7.2 Daemon Server] - 2026-08-09T19:06:37.298Z - Handled json message HASH_GLOB. Handling time: 1. Response time: 0.
[NX v22.7.2 Daemon Client] - 2026-08-09T19:06:37.299Z - [Messenger] Received message, length: 21
[isolated-plugin] shutting down worker for "@nx/angular/plugin" after createNodes
[NX v22.7.2 Daemon Server] - 2026-08-09T19:06:37.301Z - Streaming message to client: progress update for topic graph-construction
[NX v22.7.2 Daemon Client] - 2026-08-09T19:06:37.301Z - [Messenger] Received message, length: 47
Unable to find local plugin [] Map(0) {}
Unable to find local plugin [] Map(0) {}
[NX v22.7.2 Daemon Server] - 2026-08-09T19:06:37.313Z - Streaming message to client: progress update for topic graph-construction
[NX v22.7.2 Daemon Client] - 2026-08-09T19:06:37.313Z - [Messenger] Received message, length: 47
[NX v22.7.2 Daemon Server] - 2026-08-09T19:06:37.318Z - Time taken for 'build-project-configs' 508.8515040000011ms
[NX v22.7.2 Daemon Server] - 2026-08-09T19:06:37.318Z - Time taken for 'createNodes:merge' 2.8572429999985616ms
[NX v22.7.2 Daemon Server] - 2026-08-09T19:06:37.318Z - Time taken for 'get-all-workspace-files' 0.11090399999920919ms
[NX v22.7.2 Daemon Server] - 2026-08-09T19:06:37.337Z - Closed a connection. Number of open connections: 1
[isolated-plugin] shutting down worker for "nx/js/dependencies-and-lockfile" after createDependencies
[NX v22.7.2 Daemon Server] - 2026-08-09T19:06:37.342Z - Streaming message to client: progress update for topic graph-construction
[NX v22.7.2 Daemon Client] - 2026-08-09T19:06:37.343Z - [Messenger] Received message, length: 47
[NX v22.7.2 Daemon Server] - 2026-08-09T19:06:37.366Z - Wrote project graph cache to /home/m/integrations/onboarded/.nx/workspace-data/project-graph.json
[NX v22.7.2 Daemon Server] - 2026-08-09T19:06:37.366Z - Serializing response for REQUEST_PROJECT_GRAPH message in json mode
[NX v22.7.2 Daemon Server] - 2026-08-09T19:06:37.366Z - Responding to REQUEST_PROJECT_GRAPH message
[NX v22.7.2 Daemon Server] - 2026-08-09T19:06:37.366Z - [REQUEST]: Responding to the client. project-graph
[NX v22.7.2 Daemon Server] - 2026-08-09T19:06:37.371Z - Time taken for 'total for creating and serializing project graph' 582.1284279999991ms
[NX v22.7.2 Daemon Server] - 2026-08-09T19:06:37.372Z - Time taken for 'total execution time for createProjectGraph()' 42.99094700000023ms
[NX v22.7.2 Daemon Server] - 2026-08-09T19:06:37.372Z - Time taken for 'createDependencies' 34.69738200000029ms
[NX v22.7.2 Daemon Server] - 2026-08-09T19:06:37.372Z - Time taken for 'nx/js/dependencies-and-lockfile:createDependencies' 34.161167999998725ms
[NX v22.7.2 Daemon Server] - 2026-08-09T19:06:37.372Z - Time taken for 'createMetadata' 0.023825999998734915ms
[NX v22.7.2 Daemon Server] - 2026-08-09T19:06:37.372Z - Time taken for 'serialize graph' 6.992953999999372ms
[NX v22.7.2 Daemon Server] - 2026-08-09T19:06:37.372Z - Time taken for 'write cache' 10.799614000001384ms
[NX v22.7.2 Daemon Server] - 2026-08-09T19:06:37.381Z - Done responding to the client project-graph
[NX v22.7.2 Daemon Server] - 2026-08-09T19:06:37.381Z - Handled json message REQUEST_PROJECT_GRAPH. Handling time: 582. Response time: 15.
[NX v22.7.2 Daemon Client] - 2026-08-09T19:06:37.386Z - [Messenger] Received message, length: 685601
[NX v22.7.2 Daemon Server] - 2026-08-09T19:06:37.397Z - Closed a connection. Number of open connections: 0
[NX v22.7.2 Daemon Server] - 2026-08-09T19:09:19.293Z - [WATCHER]: 0 file(s) created or restored, 0 file(s) modified, 0 file(s) deleted
[NX v22.7.2 Daemon Server] - 2026-08-09T19:09:19.396Z - [REQUEST]: Updated workspace context based on watched changes, recomputing project graph...
[NX v22.7.2 Daemon Server] - 2026-08-09T19:09:19.396Z - [REQUEST]: 
[NX v22.7.2 Daemon Server] - 2026-08-09T19:09:19.396Z - [REQUEST]: 
[plugin-client] restarting worker for "@nx/angular/plugin"
[isolated-plugin] spawned worker for "@nx/angular/plugin" (pid: 806156, socket: /tmp/plugin804856-8-170545.114852.sock)
[plugin-client] restarting worker for "nx/js/dependencies-and-lockfile"
[isolated-plugin] spawned worker for "nx/js/dependencies-and-lockfile" (pid: 806162, socket: /tmp/plugin804856-9-170564.41762.sock)
[plugin-client] restarting worker for "nx/core/package-json"
[isolated-plugin] spawned worker for "nx/core/package-json" (pid: 806163, socket: /tmp/plugin804856-10-170574.276822.sock)
[plugin-client] restarting worker for "nx/core/project-json"
[isolated-plugin] spawned worker for "nx/core/project-json" (pid: 806169, socket: /tmp/plugin804856-11-170583.902381.sock)
[NX v22.7.2 Daemon Server] - 2026-08-09T19:09:19.456Z - Time taken for 'hash changed files from watcher' 0.508681000006618ms
[plugin-worker] "@nx/angular/plugin" (pid: 806156) listening on /tmp/plugin804856-8-170545.114852.sock
Time taken for 'plugin worker 806156 code loading' 132.75178ms
[isolated-plugin] connected to worker for "@nx/angular/plugin" (pid: 806156)
[NX v22.7.2 Daemon Server] - 2026-08-09T19:09:19.616Z - Time taken for 'start-plugin-worker:@nx/angular/plugin' 206.87505599998985ms
[plugin-worker] "@nx/angular/plugin" (pid: 806156) connected
[plugin-worker] "nx/js/dependencies-and-lockfile" (pid: 806162) listening on /tmp/plugin804856-9-170564.41762.sock
[isolated-plugin] connected to worker for "nx/js/dependencies-and-lockfile" (pid: 806162)
[NX v22.7.2 Daemon Server] - 2026-08-09T19:09:19.625Z - Time taken for 'start-plugin-worker:nx/js/dependencies-and-lockfile' 196.7374060000002ms
[plugin-worker] "nx/js/dependencies-and-lockfile" (pid: 806162) connected
Time taken for 'plugin worker 806162 code loading' 137.301954ms
[isolated-plugin] connected to worker for "nx/core/package-json" (pid: 806163)
[NX v22.7.2 Daemon Server] - 2026-08-09T19:09:19.636Z - Time taken for 'start-plugin-worker:nx/core/package-json' 198.0317179999838ms
[plugin-worker] "nx/core/package-json" (pid: 806163) listening on /tmp/plugin804856-10-170574.276822.sock
[plugin-worker] "nx/core/package-json" (pid: 806163) connected
Time taken for 'plugin worker 806163 code loading' 132.305744ms
[plugin-worker] "nx/core/project-json" (pid: 806169) listening on /tmp/plugin804856-11-170583.902381.sock
Time taken for 'plugin worker 806169 code loading' 143.35519799999997ms
[isolated-plugin] connected to worker for "nx/core/project-json" (pid: 806169)
[NX v22.7.2 Daemon Server] - 2026-08-09T19:09:19.649Z - Time taken for 'start-plugin-worker:nx/core/project-json' 201.5297089999949ms
[plugin-worker] "nx/core/project-json" (pid: 806169) connected
[plugin-worker] "nx/js/dependencies-and-lockfile" (pid: 806162) loaded successfully
[plugin-worker] "nx/core/package-json" (pid: 806163) loaded successfully
[plugin-worker] "nx/core/project-json" (pid: 806169) loaded successfully
[isolated-plugin] shutting down worker for "nx/core/package-json" after createNodes
[isolated-plugin] shutting down worker for "nx/core/project-json" after createNodes
Time taken for 'nx/js/dependencies-and-lockfile:createNodes' 22.785978ms
[plugin-worker] "@nx/angular/plugin" (pid: 806156) loaded successfully
[NX v22.7.2 Daemon Server] - 2026-08-09T19:09:19.795Z - Established a connection. Number of open connections: 1
[NX v22.7.2 Daemon Server] - 2026-08-09T19:09:19.799Z - Closed a connection. Number of open connections: 0
[NX v22.7.2 Daemon Server] - 2026-08-09T19:09:19.799Z - Established a connection. Number of open connections: 1
[NX v22.7.2 Daemon Client] - 2026-08-09T19:09:19.799Z - [Messenger] Setting up socket listeners
[NX v22.7.2 Daemon Client] - 2026-08-09T19:09:19.800Z - [Messenger] listen() complete
[NX v22.7.2 Daemon Client] - 2026-08-09T19:09:19.935Z - [Messenger] Sending message type: HASH_GLOB
[NX v22.7.2 Daemon Client] - 2026-08-09T19:09:19.936Z - [Messenger] Message sent
Time taken for 'daemon-message-serialization-HASH_GLOB' 0.08584900000005291ms
[NX v22.7.2 Daemon Server] - 2026-08-09T19:09:19.938Z - Received raw message of length 73
[NX v22.7.2 Daemon Server] - 2026-08-09T19:09:19.938Z - Received json message of type HASH_GLOB
[NX v22.7.2 Daemon Server] - 2026-08-09T19:09:19.943Z - Serializing response for HASH_GLOB message in json mode
[NX v22.7.2 Daemon Server] - 2026-08-09T19:09:19.943Z - Responding to HASH_GLOB message
[NX v22.7.2 Daemon Server] - 2026-08-09T19:09:19.943Z - [REQUEST]: Responding to the client. handleHashGlob
[NX v22.7.2 Daemon Server] - 2026-08-09T19:09:19.944Z - Done responding to the client handleHashGlob
[NX v22.7.2 Daemon Server] - 2026-08-09T19:09:19.944Z - Handled json message HASH_GLOB. Handling time: 5. Response time: 1.
[NX v22.7.2 Daemon Client] - 2026-08-09T19:09:19.944Z - [Messenger] Received message, length: 21
[isolated-plugin] shutting down worker for "@nx/angular/plugin" after createNodes
Unable to find local plugin [] Map(0) {}
Unable to find local plugin [] Map(0) {}
[NX v22.7.2 Daemon Server] - 2026-08-09T19:09:19.985Z - Time taken for 'build-project-configs' 554.1125680000114ms
[NX v22.7.2 Daemon Server] - 2026-08-09T19:09:19.986Z - Time taken for 'createNodes:merge' 13.4844269999885ms
[NX v22.7.2 Daemon Server] - 2026-08-09T19:09:19.986Z - Time taken for 'get-all-workspace-files' 0.17653700002119876ms
Time taken for 'build typescript dependencies' 1.0921650000000227ms
[isolated-plugin] shutting down worker for "nx/js/dependencies-and-lockfile" after createDependencies
[NX v22.7.2 Daemon Server] - 2026-08-09T19:09:20.032Z - [SYNC]: collect registered sync generators
[NX v22.7.2 Daemon Server] - 2026-08-09T19:09:20.033Z - [SYNC]: project graph hash is the same, not collecting task sync generators
[NX v22.7.2 Daemon Server] - 2026-08-09T19:09:20.034Z - [SYNC]: nx.json hash is the same, not collecting global sync generators
[NX v22.7.2 Daemon Server] - 2026-08-09T19:09:20.034Z - Time taken for 'total execution time for createProjectGraph()' 62.10560799998348ms
[NX v22.7.2 Daemon Server] - 2026-08-09T19:09:20.034Z - Time taken for 'createDependencies' 44.657391999993706ms
[NX v22.7.2 Daemon Server] - 2026-08-09T19:09:20.034Z - Time taken for 'nx/js/dependencies-and-lockfile:createDependencies' 44.40644400002202ms
[NX v22.7.2 Daemon Server] - 2026-08-09T19:09:20.034Z - Time taken for 'createMetadata' 0.10320100001990795ms
[NX v22.7.2 Daemon Server] - 2026-08-09T19:09:20.034Z - Time taken for 'serialize graph' 7.255080000002636ms
[NX v22.7.2 Daemon Server] - 2026-08-09T19:09:20.035Z - Closed a connection. Number of open connections: 0
[NX v22.7.2 Daemon Server] - 2026-08-09T19:09:24.708Z - [WATCHER]: Processing file changes in outputs
[NX v22.7.2 Daemon Server] - 2026-08-09T19:09:24.709Z - [WATCHER]: packages/portal/src/app/core/services/domain.ts was created or restored
[NX v22.7.2 Daemon Server] - 2026-08-09T19:09:24.711Z - [WATCHER]: File changes detected:
Created:
  - packages/portal/src/app/core/services/domain.ts
Updated:
(none)
Deleted:
(none)
[NX v22.7.2 Daemon Server] - 2026-08-09T19:09:24.712Z - [SYNC]: clearing sync generators cache due to file changes
[NX v22.7.2 Daemon Server] - 2026-08-09T19:09:24.813Z - [REQUEST]: Updated workspace context based on watched changes, recomputing project graph...
[NX v22.7.2 Daemon Server] - 2026-08-09T19:09:24.814Z - [REQUEST]: packages/portal/src/app/core/services/domain.ts
[NX v22.7.2 Daemon Server] - 2026-08-09T19:09:24.814Z - [REQUEST]: 
[plugin-client] restarting worker for "@nx/angular/plugin"
[isolated-plugin] spawned worker for "@nx/angular/plugin" (pid: 806279, socket: /tmp/plugin804856-12-175960.832805.sock)
[plugin-client] restarting worker for "nx/js/dependencies-and-lockfile"
[isolated-plugin] spawned worker for "nx/js/dependencies-and-lockfile" (pid: 806280, socket: /tmp/plugin804856-13-175973.386036.sock)
[plugin-client] restarting worker for "nx/core/package-json"
[isolated-plugin] spawned worker for "nx/core/package-json" (pid: 806286, socket: /tmp/plugin804856-14-175984.160571.sock)
[plugin-client] restarting worker for "nx/core/project-json"
[isolated-plugin] spawned worker for "nx/core/project-json" (pid: 806292, socket: /tmp/plugin804856-15-175993.97547.sock)
[NX v22.7.2 Daemon Server] - 2026-08-09T19:09:24.866Z - Time taken for 'hash changed files from watcher' 0.5477829999872483ms
[plugin-worker] "@nx/angular/plugin" (pid: 806279) listening on /tmp/plugin804856-12-175960.832805.sock
Time taken for 'plugin worker 806279 code loading' 150.83030200000002ms
[isolated-plugin] connected to worker for "@nx/angular/plugin" (pid: 806279)
[NX v22.7.2 Daemon Server] - 2026-08-09T19:09:25.043Z - Time taken for 'start-plugin-worker:@nx/angular/plugin' 219.1477400000149ms
[plugin-worker] "@nx/angular/plugin" (pid: 806279) connected
[plugin-worker] "nx/core/package-json" (pid: 806286) listening on /tmp/plugin804856-14-175984.160571.sock
Time taken for 'plugin worker 806286 code loading' 157.279626ms
[plugin-worker] "nx/js/dependencies-and-lockfile" (pid: 806280) listening on /tmp/plugin804856-13-175973.386036.sock
[plugin-worker] "nx/core/project-json" (pid: 806292) listening on /tmp/plugin804856-15-175993.97547.sock
[isolated-plugin] connected to worker for "nx/js/dependencies-and-lockfile" (pid: 806280)
[isolated-plugin] connected to worker for "nx/core/package-json" (pid: 806286)
[isolated-plugin] connected to worker for "nx/core/project-json" (pid: 806292)
[NX v22.7.2 Daemon Server] - 2026-08-09T19:09:25.075Z - Time taken for 'start-plugin-worker:nx/js/dependencies-and-lockfile' 238.17246999999043ms
[NX v22.7.2 Daemon Server] - 2026-08-09T19:09:25.075Z - Time taken for 'start-plugin-worker:nx/core/package-json' 227.74684500001604ms
[NX v22.7.2 Daemon Server] - 2026-08-09T19:09:25.075Z - Time taken for 'start-plugin-worker:nx/core/project-json' 218.16171399998711ms
[plugin-worker] "nx/core/package-json" (pid: 806286) connected
[plugin-worker] "nx/js/dependencies-and-lockfile" (pid: 806280) connected
Time taken for 'plugin worker 806280 code loading' 161.522201ms
[plugin-worker] "nx/core/project-json" (pid: 806292) connected
Time taken for 'plugin worker 806292 code loading' 147.39686899999998ms
[plugin-worker] "nx/core/package-json" (pid: 806286) loaded successfully
[plugin-worker] "nx/core/project-json" (pid: 806292) loaded successfully
[isolated-plugin] shutting down worker for "nx/core/package-json" after createNodes
[isolated-plugin] shutting down worker for "nx/core/project-json" after createNodes
[plugin-worker] "nx/js/dependencies-and-lockfile" (pid: 806280) loaded successfully
Time taken for 'nx/js/dependencies-and-lockfile:createNodes' 20.55911999999995ms
[plugin-worker] "@nx/angular/plugin" (pid: 806279) loaded successfully
[NX v22.7.2 Daemon Server] - 2026-08-09T19:09:25.294Z - Established a connection. Number of open connections: 1
[NX v22.7.2 Daemon Server] - 2026-08-09T19:09:25.294Z - Closed a connection. Number of open connections: 0
[NX v22.7.2 Daemon Server] - 2026-08-09T19:09:25.295Z - Established a connection. Number of open connections: 1
[NX v22.7.2 Daemon Client] - 2026-08-09T19:09:25.295Z - [Messenger] Setting up socket listeners
[NX v22.7.2 Daemon Client] - 2026-08-09T19:09:25.296Z - [Messenger] listen() complete
[NX v22.7.2 Daemon Client] - 2026-08-09T19:09:25.432Z - [Messenger] Sending message type: HASH_GLOB
[NX v22.7.2 Daemon Client] - 2026-08-09T19:09:25.432Z - [Messenger] Message sent
Time taken for 'daemon-message-serialization-HASH_GLOB' 0.0769079999998894ms
[NX v22.7.2 Daemon Server] - 2026-08-09T19:09:25.439Z - Received raw message of length 73
[NX v22.7.2 Daemon Server] - 2026-08-09T19:09:25.439Z - Received json message of type HASH_GLOB
[NX v22.7.2 Daemon Server] - 2026-08-09T19:09:25.444Z - Serializing response for HASH_GLOB message in json mode
[NX v22.7.2 Daemon Server] - 2026-08-09T19:09:25.444Z - Responding to HASH_GLOB message
[NX v22.7.2 Daemon Server] - 2026-08-09T19:09:25.444Z - [REQUEST]: Responding to the client. handleHashGlob
[NX v22.7.2 Daemon Server] - 2026-08-09T19:09:25.444Z - Done responding to the client handleHashGlob
[NX v22.7.2 Daemon Server] - 2026-08-09T19:09:25.444Z - Handled json message HASH_GLOB. Handling time: 4. Response time: 0.
[NX v22.7.2 Daemon Client] - 2026-08-09T19:09:25.445Z - [Messenger] Received message, length: 22
[isolated-plugin] shutting down worker for "@nx/angular/plugin" after createNodes
Unable to find local plugin [] Map(0) {}
Unable to find local plugin [] Map(0) {}
[NX v22.7.2 Daemon Server] - 2026-08-09T19:09:25.463Z - Time taken for 'build-project-configs' 628.1728909999947ms
[NX v22.7.2 Daemon Server] - 2026-08-09T19:09:25.463Z - Time taken for 'createNodes:merge' 2.279294999985723ms
[NX v22.7.2 Daemon Server] - 2026-08-09T19:09:25.463Z - Time taken for 'get-all-workspace-files' 0.10035500000230968ms
[NX v22.7.2 Daemon Server] - 2026-08-09T19:09:25.482Z - Closed a connection. Number of open connections: 0
Time taken for 'build typescript dependencies' 10.650691999999935ms
[isolated-plugin] shutting down worker for "nx/js/dependencies-and-lockfile" after createDependencies
[NX v22.7.2 Daemon Server] - 2026-08-09T19:09:25.504Z - [SYNC]: collect registered sync generators
[NX v22.7.2 Daemon Server] - 2026-08-09T19:09:25.506Z - [SYNC]: project graph hash is the same, not collecting task sync generators
[NX v22.7.2 Daemon Server] - 2026-08-09T19:09:25.507Z - [SYNC]: nx.json hash is the same, not collecting global sync generators
[NX v22.7.2 Daemon Server] - 2026-08-09T19:09:25.508Z - Time taken for 'total execution time for createProjectGraph()' 45.73848299999372ms
[NX v22.7.2 Daemon Server] - 2026-08-09T19:09:25.508Z - Time taken for 'createDependencies' 40.157299999991665ms
[NX v22.7.2 Daemon Server] - 2026-08-09T19:09:25.508Z - Time taken for 'nx/js/dependencies-and-lockfile:createDependencies' 39.76684500000556ms
[NX v22.7.2 Daemon Server] - 2026-08-09T19:09:25.508Z - Time taken for 'createMetadata' 0.01835999998729676ms
[NX v22.7.2 Daemon Server] - 2026-08-09T19:09:25.508Z - Time taken for 'serialize graph' 5.420267000008607ms
[NX v22.7.2 Daemon Server] - 2026-08-09T19:12:14.123Z - Established a connection. Number of open connections: 1
[NX v22.7.2 Daemon Server] - 2026-08-09T19:12:14.132Z - Closed a connection. Number of open connections: 0
[NX v22.7.2 Daemon Server] - 2026-08-09T19:12:14.133Z - Established a connection. Number of open connections: 1
[NX v22.7.2 Daemon Server] - 2026-08-09T19:12:14.134Z - Closed a connection. Number of open connections: 0
[NX v22.7.2 Daemon Server] - 2026-08-09T19:12:14.134Z - Established a connection. Number of open connections: 1
[NX v22.7.2 Daemon Client] - 2026-08-09T19:12:14.134Z - [Messenger] Setting up socket listeners
[NX v22.7.2 Daemon Client] - 2026-08-09T19:12:14.136Z - [Messenger] listen() complete
[NX v22.7.2 Daemon Client] - 2026-08-09T19:12:14.258Z - [Messenger] Sending message type: GET_NX_CONSOLE_STATUS
[NX v22.7.2 Daemon Client] - 2026-08-09T19:12:14.260Z - [Messenger] Message sent
[NX v22.7.2 Daemon Server] - 2026-08-09T19:12:14.264Z - Received raw message of length 5208
[NX v22.7.2 Daemon Server] - 2026-08-09T19:12:14.264Z - Received json message of type GET_NX_CONSOLE_STATUS
[NX v22.7.2 Daemon Server] - 2026-08-09T19:12:14.264Z - Refreshing env var ATUIN_HISTORY_ID from client connection.
[NX v22.7.2 Daemon Server] - 2026-08-09T19:12:14.265Z - Graph recompute necessary due to env variable refresh
[NX v22.7.2 Daemon Server] - 2026-08-09T19:12:14.266Z - Serializing response for GET_NX_CONSOLE_STATUS message in json mode
[NX v22.7.2 Daemon Server] - 2026-08-09T19:12:14.266Z - Responding to GET_NX_CONSOLE_STATUS message
[NX v22.7.2 Daemon Server] - 2026-08-09T19:12:14.266Z - [REQUEST]: Responding to the client. handleGetNxConsoleStatus
[NX v22.7.2 Daemon Server] - 2026-08-09T19:12:14.267Z - Done responding to the client handleGetNxConsoleStatus
[NX v22.7.2 Daemon Server] - 2026-08-09T19:12:14.267Z - Handled json message GET_NX_CONSOLE_STATUS. Handling time: 0. Response time: 1.
[NX v22.7.2 Daemon Client] - 2026-08-09T19:12:14.268Z - [Messenger] Received message, length: 22
[NX v22.7.2 Daemon Client] - 2026-08-09T19:12:14.341Z - [Messenger] Sending message type: REQUEST_PROJECT_GRAPH
[NX v22.7.2 Daemon Client] - 2026-08-09T19:12:14.341Z - [Messenger] Message sent
[NX v22.7.2 Daemon Server] - 2026-08-09T19:12:14.341Z - Received raw message of length 32
[NX v22.7.2 Daemon Server] - 2026-08-09T19:12:14.342Z - Received json message of type REQUEST_PROJECT_GRAPH
[NX v22.7.2 Daemon Server] - 2026-08-09T19:12:14.342Z - [REQUEST]: Client Request for Project Graph Received
[NX v22.7.2 Daemon Server] - 2026-08-09T19:12:14.344Z - [REQUEST]: Updated workspace context based on watched changes, recomputing project graph...
[NX v22.7.2 Daemon Server] - 2026-08-09T19:12:14.344Z - [REQUEST]: 
[NX v22.7.2 Daemon Server] - 2026-08-09T19:12:14.344Z - [REQUEST]: 
[NX v22.7.2 Daemon Server] - 2026-08-09T19:12:14.359Z - No files changed, but no in-memory cached project graph found. Recomputing it...
[NX v22.7.2 Daemon Server] - 2026-08-09T19:12:14.360Z - Streaming message to client: progress update for topic graph-construction
[plugin-client] restarting worker for "@nx/angular/plugin"
[NX v22.7.2 Daemon Client] - 2026-08-09T19:12:14.360Z - [Messenger] Received message, length: 47
[isolated-plugin] spawned worker for "@nx/angular/plugin" (pid: 807344, socket: /tmp/plugin804856-16-345516.781172.sock)
[plugin-client] restarting worker for "nx/js/dependencies-and-lockfile"
[isolated-plugin] spawned worker for "nx/js/dependencies-and-lockfile" (pid: 807345, socket: /tmp/plugin804856-17-345530.512815.sock)
[plugin-client] restarting worker for "nx/core/package-json"
[isolated-plugin] spawned worker for "nx/core/package-json" (pid: 807352, socket: /tmp/plugin804856-18-345543.879434.sock)
[plugin-client] restarting worker for "nx/core/project-json"
[isolated-plugin] spawned worker for "nx/core/project-json" (pid: 807357, socket: /tmp/plugin804856-19-345553.485726.sock)
[NX v22.7.2 Daemon Server] - 2026-08-09T19:12:14.406Z - Time taken for 'hash changed files from watcher' 0.9204610000015236ms
[plugin-worker] "@nx/angular/plugin" (pid: 807344) listening on /tmp/plugin804856-16-345516.781172.sock
[plugin-worker] "nx/js/dependencies-and-lockfile" (pid: 807345) listening on /tmp/plugin804856-17-345530.512815.sock
Time taken for 'plugin worker 807344 code loading' 130.872178ms
Time taken for 'plugin worker 807345 code loading' 131.71271099999998ms
[isolated-plugin] connected to worker for "@nx/angular/plugin" (pid: 807344)
[isolated-plugin] connected to worker for "nx/js/dependencies-and-lockfile" (pid: 807345)
[NX v22.7.2 Daemon Server] - 2026-08-09T19:12:14.561Z - Time taken for 'start-plugin-worker:@nx/angular/plugin' 200.3037020000047ms
[NX v22.7.2 Daemon Server] - 2026-08-09T19:12:14.561Z - Time taken for 'start-plugin-worker:nx/js/dependencies-and-lockfile' 187.07101999997394ms
[plugin-worker] "nx/js/dependencies-and-lockfile" (pid: 807345) connected
[plugin-worker] "@nx/angular/plugin" (pid: 807344) connected
[plugin-worker] "nx/core/project-json" (pid: 807357) listening on /tmp/plugin804856-19-345553.485726.sock
[plugin-worker] "nx/core/package-json" (pid: 807352) listening on /tmp/plugin804856-18-345543.879434.sock
Time taken for 'plugin worker 807357 code loading' 120.33144300000001ms
Time taken for 'plugin worker 807352 code loading' 132.532088ms
[isolated-plugin] connected to worker for "nx/core/project-json" (pid: 807357)
[NX v22.7.2 Daemon Server] - 2026-08-09T19:12:14.581Z - Time taken for 'start-plugin-worker:nx/core/project-json' 184.05983000004198ms
[isolated-plugin] connected to worker for "nx/core/package-json" (pid: 807352)
[NX v22.7.2 Daemon Server] - 2026-08-09T19:12:14.582Z - Time taken for 'start-plugin-worker:nx/core/package-json' 194.70477200002642ms
[plugin-worker] "nx/core/project-json" (pid: 807357) connected
[plugin-worker] "nx/core/package-json" (pid: 807352) connected
[plugin-worker] "nx/js/dependencies-and-lockfile" (pid: 807345) loaded successfully
[plugin-worker] "nx/core/project-json" (pid: 807357) loaded successfully
[isolated-plugin] shutting down worker for "nx/core/project-json" after createNodes
[NX v22.7.2 Daemon Server] - 2026-08-09T19:12:14.640Z - Streaming message to client: progress update for topic graph-construction
[plugin-worker] "nx/core/package-json" (pid: 807352) loaded successfully
[NX v22.7.2 Daemon Client] - 2026-08-09T19:12:14.640Z - [Messenger] Received message, length: 177
[NX v22.7.2 Daemon Server] - 2026-08-09T19:12:14.652Z - Streaming message to client: progress update for topic graph-construction
Time taken for 'nx/js/dependencies-and-lockfile:createNodes' 24.403295000000014ms
[NX v22.7.2 Daemon Client] - 2026-08-09T19:12:14.653Z - [Messenger] Received message, length: 140
[isolated-plugin] shutting down worker for "nx/core/package-json" after createNodes
[NX v22.7.2 Daemon Server] - 2026-08-09T19:12:14.656Z - Streaming message to client: progress update for topic graph-construction
[NX v22.7.2 Daemon Client] - 2026-08-09T19:12:14.656Z - [Messenger] Received message, length: 99
[plugin-worker] "@nx/angular/plugin" (pid: 807344) loaded successfully
[NX v22.7.2 Daemon Server] - 2026-08-09T19:12:14.746Z - Established a connection. Number of open connections: 2
[NX v22.7.2 Daemon Server] - 2026-08-09T19:12:14.751Z - Closed a connection. Number of open connections: 1
[NX v22.7.2 Daemon Server] - 2026-08-09T19:12:14.751Z - Established a connection. Number of open connections: 2
[NX v22.7.2 Daemon Client] - 2026-08-09T19:12:14.751Z - [Messenger] Setting up socket listeners
[NX v22.7.2 Daemon Client] - 2026-08-09T19:12:14.752Z - [Messenger] listen() complete
[NX v22.7.2 Daemon Client] - 2026-08-09T19:12:14.896Z - [Messenger] Sending message type: HASH_GLOB
[NX v22.7.2 Daemon Client] - 2026-08-09T19:12:14.897Z - [Messenger] Message sent
Time taken for 'daemon-message-serialization-HASH_GLOB' 0.07496200000002773ms
[NX v22.7.2 Daemon Server] - 2026-08-09T19:12:14.898Z - Received raw message of length 73
[NX v22.7.2 Daemon Server] - 2026-08-09T19:12:14.898Z - Received json message of type HASH_GLOB
[NX v22.7.2 Daemon Server] - 2026-08-09T19:12:14.902Z - Serializing response for HASH_GLOB message in json mode
[NX v22.7.2 Daemon Server] - 2026-08-09T19:12:14.902Z - Responding to HASH_GLOB message
[NX v22.7.2 Daemon Server] - 2026-08-09T19:12:14.902Z - [REQUEST]: Responding to the client. handleHashGlob
[NX v22.7.2 Daemon Server] - 2026-08-09T19:12:14.902Z - Done responding to the client handleHashGlob
[NX v22.7.2 Daemon Server] - 2026-08-09T19:12:14.902Z - Handled json message HASH_GLOB. Handling time: 4. Response time: 0.
[NX v22.7.2 Daemon Client] - 2026-08-09T19:12:14.902Z - [Messenger] Received message, length: 22
[isolated-plugin] shutting down worker for "@nx/angular/plugin" after createNodes
[NX v22.7.2 Daemon Server] - 2026-08-09T19:12:14.905Z - Streaming message to client: progress update for topic graph-construction
[NX v22.7.2 Daemon Client] - 2026-08-09T19:12:14.906Z - [Messenger] Received message, length: 47
Unable to find local plugin [] Map(0) {}
Unable to find local plugin [] Map(0) {}
[NX v22.7.2 Daemon Server] - 2026-08-09T19:12:14.920Z - Streaming message to client: progress update for topic graph-construction
[NX v22.7.2 Daemon Client] - 2026-08-09T19:12:14.921Z - [Messenger] Received message, length: 47
[NX v22.7.2 Daemon Server] - 2026-08-09T19:12:14.926Z - Time taken for 'build-project-configs' 552.778524000023ms
[NX v22.7.2 Daemon Server] - 2026-08-09T19:12:14.926Z - Time taken for 'createNodes:merge' 6.2526590000488795ms
[NX v22.7.2 Daemon Server] - 2026-08-09T19:12:14.926Z - Time taken for 'get-all-workspace-files' 0.11897199996747077ms
[NX v22.7.2 Daemon Server] - 2026-08-09T19:12:14.937Z - Closed a connection. Number of open connections: 1
Time taken for 'build typescript dependencies' 0.42061999999998534ms
[isolated-plugin] shutting down worker for "nx/js/dependencies-and-lockfile" after createDependencies
[NX v22.7.2 Daemon Server] - 2026-08-09T19:12:14.946Z - Streaming message to client: progress update for topic graph-construction
[NX v22.7.2 Daemon Client] - 2026-08-09T19:12:14.947Z - [Messenger] Received message, length: 47
[NX v22.7.2 Daemon Server] - 2026-08-09T19:12:14.975Z - Wrote project graph cache to /home/m/integrations/onboarded/.nx/workspace-data/project-graph.json
[NX v22.7.2 Daemon Server] - 2026-08-09T19:12:14.976Z - Serializing response for REQUEST_PROJECT_GRAPH message in json mode
[NX v22.7.2 Daemon Server] - 2026-08-09T19:12:14.976Z - Responding to REQUEST_PROJECT_GRAPH message
[NX v22.7.2 Daemon Server] - 2026-08-09T19:12:14.976Z - [REQUEST]: Responding to the client. project-graph
[NX v22.7.2 Daemon Server] - 2026-08-09T19:12:14.979Z - Time taken for 'total for creating and serializing project graph' 633.9583970000385ms
[NX v22.7.2 Daemon Server] - 2026-08-09T19:12:14.979Z - Time taken for 'total execution time for createProjectGraph()' 37.78496899997117ms
[NX v22.7.2 Daemon Server] - 2026-08-09T19:12:14.979Z - Time taken for 'createDependencies' 30.276176999963354ms
[NX v22.7.2 Daemon Server] - 2026-08-09T19:12:14.979Z - Time taken for 'nx/js/dependencies-and-lockfile:createDependencies' 29.658548000035807ms
[NX v22.7.2 Daemon Server] - 2026-08-09T19:12:14.979Z - Time taken for 'createMetadata' 0.07474000001093373ms
[NX v22.7.2 Daemon Server] - 2026-08-09T19:12:14.979Z - Time taken for 'serialize graph' 6.2612849999568425ms
[NX v22.7.2 Daemon Server] - 2026-08-09T19:12:14.979Z - Time taken for 'write cache' 18.011777999985497ms
[NX v22.7.2 Daemon Server] - 2026-08-09T19:12:14.982Z - Done responding to the client project-graph
[NX v22.7.2 Daemon Server] - 2026-08-09T19:12:14.982Z - Handled json message REQUEST_PROJECT_GRAPH. Handling time: 634. Response time: 6.
[NX v22.7.2 Daemon Client] - 2026-08-09T19:12:14.985Z - [Messenger] Received message, length: 685601
[NX v22.7.2 Daemon Server] - 2026-08-09T19:12:15.051Z - Closed a connection. Number of open connections: 0
[NX v22.7.2 Daemon Server] - 2026-08-09T19:12:50.736Z - Established a connection. Number of open connections: 1
[NX v22.7.2 Daemon Server] - 2026-08-09T19:12:50.740Z - Closed a connection. Number of open connections: 0
[NX v22.7.2 Daemon Server] - 2026-08-09T19:12:50.742Z - Established a connection. Number of open connections: 1
[NX v22.7.2 Daemon Server] - 2026-08-09T19:12:50.743Z - Closed a connection. Number of open connections: 0
[NX v22.7.2 Daemon Server] - 2026-08-09T19:12:50.744Z - Established a connection. Number of open connections: 1
[NX v22.7.2 Daemon Client] - 2026-08-09T19:12:50.744Z - [Messenger] Setting up socket listeners
[NX v22.7.2 Daemon Client] - 2026-08-09T19:12:50.747Z - [Messenger] listen() complete
[NX v22.7.2 Daemon Client] - 2026-08-09T19:12:50.875Z - [Messenger] Sending message type: GET_NX_CONSOLE_STATUS
[NX v22.7.2 Daemon Client] - 2026-08-09T19:12:50.876Z - [Messenger] Message sent
[NX v22.7.2 Daemon Server] - 2026-08-09T19:12:50.881Z - Received raw message of length 5208
[NX v22.7.2 Daemon Server] - 2026-08-09T19:12:50.882Z - Received json message of type GET_NX_CONSOLE_STATUS
[NX v22.7.2 Daemon Server] - 2026-08-09T19:12:50.882Z - Refreshing env var ATUIN_HISTORY_ID from client connection.
[NX v22.7.2 Daemon Server] - 2026-08-09T19:12:50.914Z - Graph recompute necessary due to env variable refresh
[NX v22.7.2 Daemon Server] - 2026-08-09T19:12:50.915Z - Serializing response for GET_NX_CONSOLE_STATUS message in json mode
[NX v22.7.2 Daemon Server] - 2026-08-09T19:12:50.915Z - Responding to GET_NX_CONSOLE_STATUS message
[NX v22.7.2 Daemon Server] - 2026-08-09T19:12:50.915Z - [REQUEST]: Responding to the client. handleGetNxConsoleStatus
[NX v22.7.2 Daemon Server] - 2026-08-09T19:12:50.915Z - Done responding to the client handleGetNxConsoleStatus
[NX v22.7.2 Daemon Server] - 2026-08-09T19:12:50.915Z - Handled json message GET_NX_CONSOLE_STATUS. Handling time: 0. Response time: 0.
[NX v22.7.2 Daemon Client] - 2026-08-09T19:12:50.917Z - [Messenger] Received message, length: 22
[NX v22.7.2 Daemon Client] - 2026-08-09T19:12:50.936Z - [Messenger] Sending message type: REQUEST_PROJECT_GRAPH
[NX v22.7.2 Daemon Client] - 2026-08-09T19:12:50.936Z - [Messenger] Message sent
[NX v22.7.2 Daemon Server] - 2026-08-09T19:12:50.937Z - Received raw message of length 32
[NX v22.7.2 Daemon Server] - 2026-08-09T19:12:50.937Z - Received json message of type REQUEST_PROJECT_GRAPH
[NX v22.7.2 Daemon Server] - 2026-08-09T19:12:50.937Z - [REQUEST]: Client Request for Project Graph Received
[NX v22.7.2 Daemon Server] - 2026-08-09T19:12:50.938Z - [REQUEST]: Updated workspace context based on watched changes, recomputing project graph...
[NX v22.7.2 Daemon Server] - 2026-08-09T19:12:50.938Z - [REQUEST]: 
[NX v22.7.2 Daemon Server] - 2026-08-09T19:12:50.938Z - [REQUEST]: 
[NX v22.7.2 Daemon Server] - 2026-08-09T19:12:50.948Z - No files changed, but no in-memory cached project graph found. Recomputing it...
[NX v22.7.2 Daemon Server] - 2026-08-09T19:12:50.948Z - Streaming message to client: progress update for topic graph-construction
[NX v22.7.2 Daemon Client] - 2026-08-09T19:12:50.949Z - [Messenger] Received message, length: 47
[plugin-client] restarting worker for "@nx/angular/plugin"
[isolated-plugin] spawned worker for "@nx/angular/plugin" (pid: 807700, socket: /tmp/plugin804856-20-382108.296495.sock)
[plugin-client] restarting worker for "nx/js/dependencies-and-lockfile"
[isolated-plugin] spawned worker for "nx/js/dependencies-and-lockfile" (pid: 807701, socket: /tmp/plugin804856-21-382119.031125.sock)
[plugin-client] restarting worker for "nx/core/package-json"
[isolated-plugin] spawned worker for "nx/core/package-json" (pid: 807707, socket: /tmp/plugin804856-22-382129.505568.sock)
[plugin-client] restarting worker for "nx/core/project-json"
[isolated-plugin] spawned worker for "nx/core/project-json" (pid: 807713, socket: /tmp/plugin804856-23-382139.763635.sock)
[NX v22.7.2 Daemon Server] - 2026-08-09T19:12:50.989Z - Time taken for 'hash changed files from watcher' 0.23219199996674433ms
[plugin-worker] "@nx/angular/plugin" (pid: 807700) listening on /tmp/plugin804856-20-382108.296495.sock
[isolated-plugin] connected to worker for "@nx/angular/plugin" (pid: 807700)
[NX v22.7.2 Daemon Server] - 2026-08-09T19:12:51.143Z - Time taken for 'start-plugin-worker:@nx/angular/plugin' 193.9687139999587ms
[plugin-worker] "@nx/angular/plugin" (pid: 807700) connected
Time taken for 'plugin worker 807700 code loading' 128.713631ms
[plugin-worker] "nx/js/dependencies-and-lockfile" (pid: 807701) listening on /tmp/plugin804856-21-382119.031125.sock
Time taken for 'plugin worker 807701 code loading' 122.43633600000001ms
[isolated-plugin] connected to worker for "nx/js/dependencies-and-lockfile" (pid: 807701)
[NX v22.7.2 Daemon Server] - 2026-08-09T19:12:51.156Z - Time taken for 'start-plugin-worker:nx/js/dependencies-and-lockfile' 195.73730600002455ms
[plugin-worker] "nx/js/dependencies-and-lockfile" (pid: 807701) connected
[plugin-worker] "nx/core/package-json" (pid: 807707) listening on /tmp/plugin804856-22-382129.505568.sock
Time taken for 'plugin worker 807707 code loading' 134.424324ms
[isolated-plugin] connected to worker for "nx/core/package-json" (pid: 807707)
[NX v22.7.2 Daemon Server] - 2026-08-09T19:12:51.177Z - Time taken for 'start-plugin-worker:nx/core/package-json' 206.38833799998974ms
[plugin-worker] "nx/core/project-json" (pid: 807713) listening on /tmp/plugin804856-23-382139.763635.sock
[plugin-worker] "nx/core/package-json" (pid: 807707) connected
Time taken for 'plugin worker 807713 code loading' 129.601746ms
[isolated-plugin] connected to worker for "nx/core/project-json" (pid: 807713)
[NX v22.7.2 Daemon Server] - 2026-08-09T19:12:51.187Z - Time taken for 'start-plugin-worker:nx/core/project-json' 205.75398300000234ms
[plugin-worker] "nx/core/project-json" (pid: 807713) connected
[plugin-worker] "nx/js/dependencies-and-lockfile" (pid: 807701) loaded successfully
[plugin-worker] "nx/core/package-json" (pid: 807707) loaded successfully
Time taken for 'nx/js/dependencies-and-lockfile:createNodes' 21.66484600000004ms
[plugin-worker] "nx/core/project-json" (pid: 807713) loaded successfully
[isolated-plugin] shutting down worker for "nx/core/project-json" after createNodes
[NX v22.7.2 Daemon Server] - 2026-08-09T19:12:51.244Z - Streaming message to client: progress update for topic graph-construction
[NX v22.7.2 Daemon Client] - 2026-08-09T19:12:51.244Z - [Messenger] Received message, length: 177
[NX v22.7.2 Daemon Server] - 2026-08-09T19:12:51.248Z - Streaming message to client: progress update for topic graph-construction
[NX v22.7.2 Daemon Client] - 2026-08-09T19:12:51.249Z - [Messenger] Received message, length: 140
[isolated-plugin] shutting down worker for "nx/core/package-json" after createNodes
[NX v22.7.2 Daemon Server] - 2026-08-09T19:12:51.251Z - Streaming message to client: progress update for topic graph-construction
[NX v22.7.2 Daemon Client] - 2026-08-09T19:12:51.251Z - [Messenger] Received message, length: 99
[plugin-worker] "@nx/angular/plugin" (pid: 807700) loaded successfully
[NX v22.7.2 Daemon Server] - 2026-08-09T19:12:51.324Z - Established a connection. Number of open connections: 2
[NX v22.7.2 Daemon Server] - 2026-08-09T19:12:51.325Z - Closed a connection. Number of open connections: 1
[NX v22.7.2 Daemon Server] - 2026-08-09T19:12:51.325Z - Established a connection. Number of open connections: 2
[NX v22.7.2 Daemon Client] - 2026-08-09T19:12:51.325Z - [Messenger] Setting up socket listeners
[NX v22.7.2 Daemon Client] - 2026-08-09T19:12:51.326Z - [Messenger] listen() complete
[NX v22.7.2 Daemon Client] - 2026-08-09T19:12:51.464Z - [Messenger] Sending message type: HASH_GLOB
[NX v22.7.2 Daemon Client] - 2026-08-09T19:12:51.465Z - [Messenger] Message sent
Time taken for 'daemon-message-serialization-HASH_GLOB' 0.08395899999999301ms
[NX v22.7.2 Daemon Server] - 2026-08-09T19:12:51.466Z - Received raw message of length 73
[NX v22.7.2 Daemon Server] - 2026-08-09T19:12:51.466Z - Received json message of type HASH_GLOB
[NX v22.7.2 Daemon Server] - 2026-08-09T19:12:51.471Z - Serializing response for HASH_GLOB message in json mode
[NX v22.7.2 Daemon Server] - 2026-08-09T19:12:51.471Z - Responding to HASH_GLOB message
[NX v22.7.2 Daemon Server] - 2026-08-09T19:12:51.471Z - [REQUEST]: Responding to the client. handleHashGlob
[NX v22.7.2 Daemon Server] - 2026-08-09T19:12:51.471Z - Done responding to the client handleHashGlob
[NX v22.7.2 Daemon Server] - 2026-08-09T19:12:51.471Z - Handled json message HASH_GLOB. Handling time: 5. Response time: 0.
[NX v22.7.2 Daemon Client] - 2026-08-09T19:12:51.472Z - [Messenger] Received message, length: 22
[isolated-plugin] shutting down worker for "@nx/angular/plugin" after createNodes
[NX v22.7.2 Daemon Server] - 2026-08-09T19:12:51.476Z - Streaming message to client: progress update for topic graph-construction
[NX v22.7.2 Daemon Client] - 2026-08-09T19:12:51.476Z - [Messenger] Received message, length: 47
Unable to find local plugin [] Map(0) {}
Unable to find local plugin [] Map(0) {}
[NX v22.7.2 Daemon Server] - 2026-08-09T19:12:51.486Z - Streaming message to client: progress update for topic graph-construction
[NX v22.7.2 Daemon Client] - 2026-08-09T19:12:51.486Z - [Messenger] Received message, length: 47
[NX v22.7.2 Daemon Server] - 2026-08-09T19:12:51.493Z - Time taken for 'build-project-configs' 531.737106000015ms
[NX v22.7.2 Daemon Server] - 2026-08-09T19:12:51.493Z - Time taken for 'createNodes:merge' 3.690451000002213ms
[NX v22.7.2 Daemon Server] - 2026-08-09T19:12:51.493Z - Time taken for 'get-all-workspace-files' 0.15039900003466755ms
[NX v22.7.2 Daemon Server] - 2026-08-09T19:12:51.505Z - Closed a connection. Number of open connections: 1
Time taken for 'build typescript dependencies' 0.3333279999999377ms
[isolated-plugin] shutting down worker for "nx/js/dependencies-and-lockfile" after createDependencies
[NX v22.7.2 Daemon Server] - 2026-08-09T19:12:51.512Z - Streaming message to client: progress update for topic graph-construction
[NX v22.7.2 Daemon Client] - 2026-08-09T19:12:51.513Z - [Messenger] Received message, length: 47
[NX v22.7.2 Daemon Server] - 2026-08-09T19:12:51.533Z - Wrote project graph cache to /home/m/integrations/onboarded/.nx/workspace-data/project-graph.json
[NX v22.7.2 Daemon Server] - 2026-08-09T19:12:51.533Z - Serializing response for REQUEST_PROJECT_GRAPH message in json mode
[NX v22.7.2 Daemon Server] - 2026-08-09T19:12:51.533Z - Responding to REQUEST_PROJECT_GRAPH message
[NX v22.7.2 Daemon Server] - 2026-08-09T19:12:51.533Z - [REQUEST]: Responding to the client. project-graph
[NX v22.7.2 Daemon Server] - 2026-08-09T19:12:51.536Z - Time taken for 'total for creating and serializing project graph' 596.0742910000263ms
[NX v22.7.2 Daemon Server] - 2026-08-09T19:12:51.537Z - Time taken for 'total execution time for createProjectGraph()' 35.6980179999955ms
[NX v22.7.2 Daemon Server] - 2026-08-09T19:12:51.537Z - Time taken for 'createDependencies' 30.3054509999929ms
[NX v22.7.2 Daemon Server] - 2026-08-09T19:12:51.537Z - Time taken for 'nx/js/dependencies-and-lockfile:createDependencies' 29.740611999994144ms
[NX v22.7.2 Daemon Server] - 2026-08-09T19:12:51.537Z - Time taken for 'createMetadata' 0.016563999990466982ms
[NX v22.7.2 Daemon Server] - 2026-08-09T19:12:51.537Z - Time taken for 'serialize graph' 6.046750999987125ms
[NX v22.7.2 Daemon Server] - 2026-08-09T19:12:51.537Z - Time taken for 'write cache' 10.529154999996535ms
[NX v22.7.2 Daemon Server] - 2026-08-09T19:12:51.539Z - Done responding to the client project-graph
[NX v22.7.2 Daemon Server] - 2026-08-09T19:12:51.539Z - Handled json message REQUEST_PROJECT_GRAPH. Handling time: 596. Response time: 6.
[NX v22.7.2 Daemon Client] - 2026-08-09T19:12:51.541Z - [Messenger] Received message, length: 685601
[NX v22.7.2 Daemon Server] - 2026-08-09T19:12:51.562Z - Closed a connection. Number of open connections: 0
[NX v22.7.2 Daemon Server] - 2026-08-09T19:15:59.789Z - [WATCHER]: packages/shared/src/lib/types/tenant.types.ts was modified
[NX v22.7.2 Daemon Server] - 2026-08-09T19:15:59.790Z - [WATCHER]: File changes detected:
Created:
(none)
Updated:
  - packages/shared/src/lib/types/tenant.types.ts
Deleted:
(none)
[NX v22.7.2 Daemon Server] - 2026-08-09T19:15:59.791Z - [SYNC]: clearing sync generators cache due to file changes
[NX v22.7.2 Daemon Server] - 2026-08-09T19:15:59.791Z - [WATCHER]: Processing file changes in outputs
[NX v22.7.2 Daemon Server] - 2026-08-09T19:15:59.893Z - [REQUEST]: Updated workspace context based on watched changes, recomputing project graph...
[NX v22.7.2 Daemon Server] - 2026-08-09T19:15:59.893Z - [REQUEST]: packages/shared/src/lib/types/tenant.types.ts
[NX v22.7.2 Daemon Server] - 2026-08-09T19:15:59.893Z - [REQUEST]: 
[plugin-client] restarting worker for "@nx/angular/plugin"
[isolated-plugin] spawned worker for "@nx/angular/plugin" (pid: 809055, socket: /tmp/plugin804856-24-571089.354165.sock)
[plugin-client] restarting worker for "nx/js/dependencies-and-lockfile"
[isolated-plugin] spawned worker for "nx/js/dependencies-and-lockfile" (pid: 809057, socket: /tmp/plugin804856-25-571104.344181.sock)
[plugin-client] restarting worker for "nx/core/package-json"
[isolated-plugin] spawned worker for "nx/core/package-json" (pid: 809063, socket: /tmp/plugin804856-26-571114.705583.sock)
[plugin-client] restarting worker for "nx/core/project-json"
[isolated-plugin] spawned worker for "nx/core/project-json" (pid: 809069, socket: /tmp/plugin804856-27-571126.063915.sock)
[NX v22.7.2 Daemon Server] - 2026-08-09T19:15:59.957Z - Time taken for 'hash changed files from watcher' 1.1586939999833703ms
[plugin-worker] "nx/js/dependencies-and-lockfile" (pid: 809057) listening on /tmp/plugin804856-25-571104.344181.sock
[isolated-plugin] connected to worker for "nx/js/dependencies-and-lockfile" (pid: 809057)
[NX v22.7.2 Daemon Server] - 2026-08-09T19:16:00.250Z - Time taken for 'start-plugin-worker:nx/js/dependencies-and-lockfile' 323.37650100002065ms
[plugin-worker] "nx/core/package-json" (pid: 809063) listening on /tmp/plugin804856-26-571114.705583.sock
Time taken for 'plugin worker 809063 code loading' 250.239754ms
[plugin-worker] "nx/js/dependencies-and-lockfile" (pid: 809057) connected
Time taken for 'plugin worker 809057 code loading' 260.188319ms
[isolated-plugin] connected to worker for "nx/core/package-json" (pid: 809063)
[NX v22.7.2 Daemon Server] - 2026-08-09T19:16:00.266Z - Time taken for 'start-plugin-worker:nx/core/package-json' 329.41638900002ms
[plugin-worker] "nx/core/package-json" (pid: 809063) connected
[plugin-worker] "@nx/angular/plugin" (pid: 809055) listening on /tmp/plugin804856-24-571089.354165.sock
Time taken for 'plugin worker 809055 code loading' 284.311351ms
[plugin-worker] "@nx/angular/plugin" (pid: 809055) connected
[isolated-plugin] connected to worker for "@nx/angular/plugin" (pid: 809055)
[NX v22.7.2 Daemon Server] - 2026-08-09T19:16:00.304Z - Time taken for 'start-plugin-worker:@nx/angular/plugin' 393.5997779999161ms
[plugin-worker] "nx/js/dependencies-and-lockfile" (pid: 809057) loaded successfully
Time taken for 'nx/js/dependencies-and-lockfile:createNodes' 29.476188999999977ms
[plugin-worker] "nx/core/project-json" (pid: 809069) listening on /tmp/plugin804856-27-571126.063915.sock
[isolated-plugin] connected to worker for "nx/core/project-json" (pid: 809069)
[NX v22.7.2 Daemon Server] - 2026-08-09T19:16:00.380Z - Time taken for 'start-plugin-worker:nx/core/project-json' 432.3146110000089ms
[plugin-worker] "nx/core/project-json" (pid: 809069) connected
Time taken for 'plugin worker 809069 code loading' 349.477628ms
[plugin-worker] "nx/core/package-json" (pid: 809063) loaded successfully
[isolated-plugin] shutting down worker for "nx/core/package-json" after createNodes
[plugin-worker] "nx/core/project-json" (pid: 809069) loaded successfully
[isolated-plugin] shutting down worker for "nx/core/project-json" after createNodes
[plugin-worker] "@nx/angular/plugin" (pid: 809055) loaded successfully
[NX v22.7.2 Daemon Server] - 2026-08-09T19:16:00.671Z - Established a connection. Number of open connections: 1
[NX v22.7.2 Daemon Client] - 2026-08-09T19:16:00.672Z - [Messenger] Setting up socket listeners
[NX v22.7.2 Daemon Client] - 2026-08-09T19:16:00.673Z - [Messenger] listen() complete
[NX v22.7.2 Daemon Server] - 2026-08-09T19:16:00.676Z - Closed a connection. Number of open connections: 0
[NX v22.7.2 Daemon Server] - 2026-08-09T19:16:00.676Z - Established a connection. Number of open connections: 1
[NX v22.7.2 Daemon Client] - 2026-08-09T19:16:00.802Z - [Messenger] Sending message type: HASH_GLOB
[NX v22.7.2 Daemon Client] - 2026-08-09T19:16:00.802Z - [Messenger] Message sent
Time taken for 'daemon-message-serialization-HASH_GLOB' 0.07112900000004174ms
[NX v22.7.2 Daemon Server] - 2026-08-09T19:16:00.803Z - Received raw message of length 73
[NX v22.7.2 Daemon Server] - 2026-08-09T19:16:00.803Z - Received json message of type HASH_GLOB
[NX v22.7.2 Daemon Server] - 2026-08-09T19:16:00.806Z - Serializing response for HASH_GLOB message in json mode
[NX v22.7.2 Daemon Server] - 2026-08-09T19:16:00.806Z - Responding to HASH_GLOB message
[NX v22.7.2 Daemon Server] - 2026-08-09T19:16:00.806Z - [REQUEST]: Responding to the client. handleHashGlob
[NX v22.7.2 Daemon Server] - 2026-08-09T19:16:00.807Z - Done responding to the client handleHashGlob
[NX v22.7.2 Daemon Server] - 2026-08-09T19:16:00.807Z - Handled json message HASH_GLOB. Handling time: 2. Response time: 1.
[NX v22.7.2 Daemon Client] - 2026-08-09T19:16:00.807Z - [Messenger] Received message, length: 22
[isolated-plugin] shutting down worker for "@nx/angular/plugin" after createNodes
Unable to find local plugin [] Map(0) {}
Unable to find local plugin [] Map(0) {}
[NX v22.7.2 Daemon Server] - 2026-08-09T19:16:00.837Z - Time taken for 'build-project-configs' 912.1682420000434ms
[NX v22.7.2 Daemon Server] - 2026-08-09T19:16:00.838Z - Time taken for 'createNodes:merge' 10.347448999993503ms
[NX v22.7.2 Daemon Server] - 2026-08-09T19:16:00.838Z - Time taken for 'get-all-workspace-files' 0.1592060000402853ms
[NX v22.7.2 Daemon Server] - 2026-08-09T19:16:00.877Z - Closed a connection. Number of open connections: 0
Time taken for 'build typescript dependencies' 18.462846000000013ms
[isolated-plugin] shutting down worker for "nx/js/dependencies-and-lockfile" after createDependencies
[NX v22.7.2 Daemon Server] - 2026-08-09T19:16:00.905Z - [SYNC]: collect registered sync generators
[NX v22.7.2 Daemon Server] - 2026-08-09T19:16:00.911Z - [SYNC]: project graph hash is the same, not collecting task sync generators
[NX v22.7.2 Daemon Server] - 2026-08-09T19:16:00.911Z - [SYNC]: nx.json hash is the same, not collecting global sync generators
[NX v22.7.2 Daemon Server] - 2026-08-09T19:16:00.912Z - Time taken for 'total execution time for createProjectGraph()' 75.51837399997748ms
[NX v22.7.2 Daemon Server] - 2026-08-09T19:16:00.912Z - Time taken for 'createDependencies' 68.71420899999794ms
[NX v22.7.2 Daemon Server] - 2026-08-09T19:16:00.912Z - Time taken for 'nx/js/dependencies-and-lockfile:createDependencies' 68.50379300001077ms
[NX v22.7.2 Daemon Server] - 2026-08-09T19:16:00.912Z - Time taken for 'createMetadata' 0.082010000012815ms
[NX v22.7.2 Daemon Server] - 2026-08-09T19:16:00.912Z - Time taken for 'serialize graph' 6.155590999987908ms
[NX v22.7.2 Daemon Server] - 2026-08-09T19:16:08.190Z - [WATCHER]: Processing file changes in outputs
[NX v22.7.2 Daemon Server] - 2026-08-09T19:16:08.190Z - [WATCHER]: packages/shared/src/lib/types/tenant.types.ts was modified
[NX v22.7.2 Daemon Server] - 2026-08-09T19:16:08.191Z - [WATCHER]: File changes detected:
Created:
(none)
Updated:
  - packages/shared/src/lib/types/tenant.types.ts
Deleted:
(none)
[NX v22.7.2 Daemon Server] - 2026-08-09T19:16:08.191Z - [SYNC]: clearing sync generators cache due to file changes
[NX v22.7.2 Daemon Server] - 2026-08-09T19:16:08.393Z - [REQUEST]: Updated workspace context based on watched changes, recomputing project graph...
[NX v22.7.2 Daemon Server] - 2026-08-09T19:16:08.393Z - [REQUEST]: packages/shared/src/lib/types/tenant.types.ts
[NX v22.7.2 Daemon Server] - 2026-08-09T19:16:08.393Z - [REQUEST]: 
[plugin-client] restarting worker for "@nx/angular/plugin"
[isolated-plugin] spawned worker for "@nx/angular/plugin" (pid: 809361, socket: /tmp/plugin804856-28-579580.447815.sock)
[plugin-client] restarting worker for "nx/js/dependencies-and-lockfile"
[isolated-plugin] spawned worker for "nx/js/dependencies-and-lockfile" (pid: 809362, socket: /tmp/plugin804856-29-579591.16904.sock)
[plugin-client] restarting worker for "nx/core/package-json"
[isolated-plugin] spawned worker for "nx/core/package-json" (pid: 809368, socket: /tmp/plugin804856-30-579600.278588.sock)
[plugin-client] restarting worker for "nx/core/project-json"
[isolated-plugin] spawned worker for "nx/core/project-json" (pid: 809374, socket: /tmp/plugin804856-31-579613.598307.sock)
[NX v22.7.2 Daemon Server] - 2026-08-09T19:16:08.445Z - Time taken for 'hash changed files from watcher' 0.5441110000247136ms
[plugin-worker] "nx/js/dependencies-and-lockfile" (pid: 809362) listening on /tmp/plugin804856-29-579591.16904.sock
[plugin-worker] "@nx/angular/plugin" (pid: 809361) listening on /tmp/plugin804856-28-579580.447815.sock
Time taken for 'plugin worker 809362 code loading' 139.55323399999997ms
Time taken for 'plugin worker 809361 code loading' 143.48450200000002ms
[isolated-plugin] connected to worker for "@nx/angular/plugin" (pid: 809361)
[NX v22.7.2 Daemon Server] - 2026-08-09T19:16:08.619Z - Time taken for 'start-plugin-worker:@nx/angular/plugin' 217.85092100000475ms
[isolated-plugin] connected to worker for "nx/js/dependencies-and-lockfile" (pid: 809362)
[NX v22.7.2 Daemon Server] - 2026-08-09T19:16:08.620Z - Time taken for 'start-plugin-worker:nx/js/dependencies-and-lockfile' 207.773659999948ms
[plugin-worker] "@nx/angular/plugin" (pid: 809361) connected
[plugin-worker] "nx/js/dependencies-and-lockfile" (pid: 809362) connected
[plugin-worker] "nx/core/package-json" (pid: 809368) listening on /tmp/plugin804856-30-579600.278588.sock
Time taken for 'plugin worker 809368 code loading' 138.623979ms
[isolated-plugin] connected to worker for "nx/core/package-json" (pid: 809368)
[NX v22.7.2 Daemon Server] - 2026-08-09T19:16:08.630Z - Time taken for 'start-plugin-worker:nx/core/package-json' 209.01926600001752ms
[plugin-worker] "nx/core/package-json" (pid: 809368) connected
[plugin-worker] "nx/core/project-json" (pid: 809374) listening on /tmp/plugin804856-31-579613.598307.sock
Time taken for 'plugin worker 809374 code loading' 143.33205999999998ms
[isolated-plugin] connected to worker for "nx/core/project-json" (pid: 809374)
[NX v22.7.2 Daemon Server] - 2026-08-09T19:16:08.641Z - Time taken for 'start-plugin-worker:nx/core/project-json' 206.67374400002882ms
[plugin-worker] "nx/core/project-json" (pid: 809374) connected
[plugin-worker] "nx/js/dependencies-and-lockfile" (pid: 809362) loaded successfully
[plugin-worker] "nx/core/package-json" (pid: 809368) loaded successfully
[isolated-plugin] shutting down worker for "nx/core/package-json" after createNodes
[plugin-worker] "nx/core/project-json" (pid: 809374) loaded successfully
Time taken for 'nx/js/dependencies-and-lockfile:createNodes' 25.992593ms
[isolated-plugin] shutting down worker for "nx/core/project-json" after createNodes
[plugin-worker] "@nx/angular/plugin" (pid: 809361) loaded successfully
[NX v22.7.2 Daemon Server] - 2026-08-09T19:16:08.815Z - Established a connection. Number of open connections: 1
[NX v22.7.2 Daemon Server] - 2026-08-09T19:16:08.815Z - Closed a connection. Number of open connections: 0
[NX v22.7.2 Daemon Server] - 2026-08-09T19:16:08.816Z - Established a connection. Number of open connections: 1
[NX v22.7.2 Daemon Client] - 2026-08-09T19:16:08.816Z - [Messenger] Setting up socket listeners
[NX v22.7.2 Daemon Client] - 2026-08-09T19:16:08.816Z - [Messenger] listen() complete
[NX v22.7.2 Daemon Client] - 2026-08-09T19:16:08.907Z - [Messenger] Sending message type: HASH_GLOB
[NX v22.7.2 Daemon Client] - 2026-08-09T19:16:08.907Z - [Messenger] Message sent
Time taken for 'daemon-message-serialization-HASH_GLOB' 0.08808700000003ms
[NX v22.7.2 Daemon Server] - 2026-08-09T19:16:08.909Z - Received raw message of length 73
[NX v22.7.2 Daemon Server] - 2026-08-09T19:16:08.909Z - Received json message of type HASH_GLOB
[NX v22.7.2 Daemon Server] - 2026-08-09T19:16:08.913Z - Serializing response for HASH_GLOB message in json mode
[NX v22.7.2 Daemon Server] - 2026-08-09T19:16:08.913Z - Responding to HASH_GLOB message
[NX v22.7.2 Daemon Server] - 2026-08-09T19:16:08.913Z - [REQUEST]: Responding to the client. handleHashGlob
[NX v22.7.2 Daemon Server] - 2026-08-09T19:16:08.913Z - Done responding to the client handleHashGlob
[NX v22.7.2 Daemon Server] - 2026-08-09T19:16:08.913Z - Handled json message HASH_GLOB. Handling time: 4. Response time: 0.
[NX v22.7.2 Daemon Client] - 2026-08-09T19:16:08.913Z - [Messenger] Received message, length: 22
[isolated-plugin] shutting down worker for "@nx/angular/plugin" after createNodes
Unable to find local plugin [] Map(0) {}
Unable to find local plugin [] Map(0) {}
[NX v22.7.2 Daemon Server] - 2026-08-09T19:16:08.931Z - Time taken for 'build-project-configs' 518.082110999967ms
[NX v22.7.2 Daemon Server] - 2026-08-09T19:16:08.931Z - Time taken for 'createNodes:merge' 2.9397680000402033ms
[NX v22.7.2 Daemon Server] - 2026-08-09T19:16:08.931Z - Time taken for 'get-all-workspace-files' 0.1066570000257343ms
[NX v22.7.2 Daemon Server] - 2026-08-09T19:16:08.944Z - Closed a connection. Number of open connections: 0
Time taken for 'build typescript dependencies' 10.346340999999939ms
[isolated-plugin] shutting down worker for "nx/js/dependencies-and-lockfile" after createDependencies
[NX v22.7.2 Daemon Server] - 2026-08-09T19:16:08.972Z - [SYNC]: collect registered sync generators
[NX v22.7.2 Daemon Server] - 2026-08-09T19:16:08.972Z - [SYNC]: project graph hash is the same, not collecting task sync generators
[NX v22.7.2 Daemon Server] - 2026-08-09T19:16:08.972Z - [SYNC]: nx.json hash is the same, not collecting global sync generators
[NX v22.7.2 Daemon Server] - 2026-08-09T19:16:08.973Z - Time taken for 'total execution time for createProjectGraph()' 44.88687399995979ms
[NX v22.7.2 Daemon Server] - 2026-08-09T19:16:08.974Z - Time taken for 'createDependencies' 38.92908999999054ms
[NX v22.7.2 Daemon Server] - 2026-08-09T19:16:08.974Z - Time taken for 'nx/js/dependencies-and-lockfile:createDependencies' 38.11499800009187ms
[NX v22.7.2 Daemon Server] - 2026-08-09T19:16:08.974Z - Time taken for 'createMetadata' 0.016987000009976327ms
[NX v22.7.2 Daemon Server] - 2026-08-09T19:16:08.974Z - Time taken for 'serialize graph' 6.591545999981463ms
[NX v22.7.2 Daemon Server] - 2026-08-09T19:16:20.179Z - [WATCHER]: packages/shared/src/lib/tenants/msi.ts was modified
[NX v22.7.2 Daemon Server] - 2026-08-09T19:16:20.179Z - [WATCHER]: File changes detected:
Created:
(none)
Updated:
  - packages/shared/src/lib/tenants/msi.ts
Deleted:
(none)
[NX v22.7.2 Daemon Server] - 2026-08-09T19:16:20.179Z - [SYNC]: clearing sync generators cache due to file changes
[NX v22.7.2 Daemon Server] - 2026-08-09T19:16:20.179Z - [WATCHER]: Processing file changes in outputs
[NX v22.7.2 Daemon Server] - 2026-08-09T19:16:20.581Z - [REQUEST]: Updated workspace context based on watched changes, recomputing project graph...
[NX v22.7.2 Daemon Server] - 2026-08-09T19:16:20.581Z - [REQUEST]: packages/shared/src/lib/tenants/msi.ts
[NX v22.7.2 Daemon Server] - 2026-08-09T19:16:20.581Z - [REQUEST]: 
[plugin-client] restarting worker for "@nx/angular/plugin"
[isolated-plugin] spawned worker for "@nx/angular/plugin" (pid: 809713, socket: /tmp/plugin804856-32-591767.676531.sock)
[plugin-client] restarting worker for "nx/js/dependencies-and-lockfile"
[isolated-plugin] spawned worker for "nx/js/dependencies-and-lockfile" (pid: 809714, socket: /tmp/plugin804856-33-591778.055304.sock)
[plugin-client] restarting worker for "nx/core/package-json"
[isolated-plugin] spawned worker for "nx/core/package-json" (pid: 809720, socket: /tmp/plugin804856-34-591789.972751.sock)
[plugin-client] restarting worker for "nx/core/project-json"
[isolated-plugin] spawned worker for "nx/core/project-json" (pid: 809726, socket: /tmp/plugin804856-35-591799.591131.sock)
[NX v22.7.2 Daemon Server] - 2026-08-09T19:16:20.628Z - Time taken for 'hash changed files from watcher' 0.4471409999532625ms
[plugin-worker] "nx/js/dependencies-and-lockfile" (pid: 809714) listening on /tmp/plugin804856-33-591778.055304.sock
Time taken for 'plugin worker 809714 code loading' 146.172722ms
[isolated-plugin] connected to worker for "nx/js/dependencies-and-lockfile" (pid: 809714)
[NX v22.7.2 Daemon Server] - 2026-08-09T19:16:20.820Z - Time taken for 'start-plugin-worker:nx/js/dependencies-and-lockfile' 224.30242299998645ms
[plugin-worker] "nx/js/dependencies-and-lockfile" (pid: 809714) connected
[plugin-worker] "nx/core/package-json" (pid: 809720) listening on /tmp/plugin804856-34-591789.972751.sock
Time taken for 'plugin worker 809720 code loading' 159.166336ms
[isolated-plugin] connected to worker for "nx/core/package-json" (pid: 809720)
[NX v22.7.2 Daemon Server] - 2026-08-09T19:16:20.830Z - Time taken for 'start-plugin-worker:nx/core/package-json' 222.26332200004254ms
[plugin-worker] "nx/core/package-json" (pid: 809720) connected
[plugin-worker] "nx/core/project-json" (pid: 809726) listening on /tmp/plugin804856-35-591799.591131.sock
[isolated-plugin] connected to worker for "nx/core/project-json" (pid: 809726)
[NX v22.7.2 Daemon Server] - 2026-08-09T19:16:20.839Z - Time taken for 'start-plugin-worker:nx/core/project-json' 221.93539100000635ms
Time taken for 'plugin worker 809726 code loading' 157.929942ms
[plugin-worker] "@nx/angular/plugin" (pid: 809713) listening on /tmp/plugin804856-32-591767.676531.sock
[plugin-worker] "nx/core/project-json" (pid: 809726) connected
Time taken for 'plugin worker 809713 code loading' 164.698283ms
[isolated-plugin] connected to worker for "@nx/angular/plugin" (pid: 809713)
[NX v22.7.2 Daemon Server] - 2026-08-09T19:16:20.851Z - Time taken for 'start-plugin-worker:@nx/angular/plugin' 265.60844400001224ms
[plugin-worker] "@nx/angular/plugin" (pid: 809713) connected
[plugin-worker] "nx/js/dependencies-and-lockfile" (pid: 809714) loaded successfully
[plugin-worker] "nx/core/package-json" (pid: 809720) loaded successfully
[plugin-worker] "nx/core/project-json" (pid: 809726) loaded successfully
[isolated-plugin] shutting down worker for "nx/core/project-json" after createNodes
[isolated-plugin] shutting down worker for "nx/core/package-json" after createNodes
Time taken for 'nx/js/dependencies-and-lockfile:createNodes' 28.039547000000027ms
[plugin-worker] "@nx/angular/plugin" (pid: 809713) loaded successfully
[NX v22.7.2 Daemon Server] - 2026-08-09T19:16:21.056Z - Established a connection. Number of open connections: 1
[NX v22.7.2 Daemon Server] - 2026-08-09T19:16:21.057Z - Closed a connection. Number of open connections: 0
[NX v22.7.2 Daemon Server] - 2026-08-09T19:16:21.058Z - Established a connection. Number of open connections: 1
[NX v22.7.2 Daemon Client] - 2026-08-09T19:16:21.058Z - [Messenger] Setting up socket listeners
[NX v22.7.2 Daemon Client] - 2026-08-09T19:16:21.059Z - [Messenger] listen() complete
[NX v22.7.2 Daemon Client] - 2026-08-09T19:16:21.179Z - [Messenger] Sending message type: HASH_GLOB
[NX v22.7.2 Daemon Client] - 2026-08-09T19:16:21.180Z - [Messenger] Message sent
Time taken for 'daemon-message-serialization-HASH_GLOB' 0.07063099999993483ms
[NX v22.7.2 Daemon Server] - 2026-08-09T19:16:21.181Z - Received raw message of length 73
[NX v22.7.2 Daemon Server] - 2026-08-09T19:16:21.182Z - Received json message of type HASH_GLOB
[NX v22.7.2 Daemon Server] - 2026-08-09T19:16:21.184Z - Serializing response for HASH_GLOB message in json mode
[NX v22.7.2 Daemon Server] - 2026-08-09T19:16:21.184Z - Responding to HASH_GLOB message
[NX v22.7.2 Daemon Server] - 2026-08-09T19:16:21.184Z - [REQUEST]: Responding to the client. handleHashGlob
[NX v22.7.2 Daemon Server] - 2026-08-09T19:16:21.185Z - Done responding to the client handleHashGlob
[NX v22.7.2 Daemon Server] - 2026-08-09T19:16:21.185Z - Handled json message HASH_GLOB. Handling time: 2. Response time: 1.
[NX v22.7.2 Daemon Client] - 2026-08-09T19:16:21.186Z - [Messenger] Received message, length: 22
[isolated-plugin] shutting down worker for "@nx/angular/plugin" after createNodes
Unable to find local plugin [] Map(0) {}
Unable to find local plugin [] Map(0) {}
[NX v22.7.2 Daemon Server] - 2026-08-09T19:16:21.201Z - Time taken for 'build-project-configs' 607.3113809999777ms
[NX v22.7.2 Daemon Server] - 2026-08-09T19:16:21.201Z - Time taken for 'createNodes:merge' 3.117278999998234ms
[NX v22.7.2 Daemon Server] - 2026-08-09T19:16:21.201Z - Time taken for 'get-all-workspace-files' 0.10796599998138845ms
[isolated-plugin] shutting down worker for "nx/js/dependencies-and-lockfile" after createDependencies
[NX v22.7.2 Daemon Server] - 2026-08-09T19:16:21.228Z - [SYNC]: collect registered sync generators
[NX v22.7.2 Daemon Server] - 2026-08-09T19:16:21.229Z - [SYNC]: project graph hash is the same, not collecting task sync generators
[NX v22.7.2 Daemon Server] - 2026-08-09T19:16:21.229Z - [SYNC]: nx.json hash is the same, not collecting global sync generators
[NX v22.7.2 Daemon Server] - 2026-08-09T19:16:21.229Z - Time taken for 'total execution time for createProjectGraph()' 30.389048999990337ms
[NX v22.7.2 Daemon Server] - 2026-08-09T19:16:21.229Z - Time taken for 'createDependencies' 25.500754000036977ms
[NX v22.7.2 Daemon Server] - 2026-08-09T19:16:21.229Z - Time taken for 'nx/js/dependencies-and-lockfile:createDependencies' 25.24946199997794ms
[NX v22.7.2 Daemon Server] - 2026-08-09T19:16:21.229Z - Time taken for 'createMetadata' 0.0418380000628531ms
[NX v22.7.2 Daemon Server] - 2026-08-09T19:16:21.229Z - Time taken for 'serialize graph' 5.403734000050463ms
[NX v22.7.2 Daemon Server] - 2026-08-09T19:16:21.230Z - Closed a connection. Number of open connections: 0
[NX v22.7.2 Daemon Server] - 2026-08-09T19:16:21.853Z - [WATCHER]: packages/shared/src/lib/tenants/msi.ts was modified
[NX v22.7.2 Daemon Server] - 2026-08-09T19:16:21.853Z - [WATCHER]: File changes detected:
Created:
(none)
Updated:
  - packages/shared/src/lib/tenants/msi.ts
Deleted:
(none)
[NX v22.7.2 Daemon Server] - 2026-08-09T19:16:21.853Z - [SYNC]: clearing sync generators cache due to file changes
[NX v22.7.2 Daemon Server] - 2026-08-09T19:16:21.853Z - [WATCHER]: Processing file changes in outputs
[NX v22.7.2 Daemon Server] - 2026-08-09T19:16:22.654Z - [REQUEST]: Updated workspace context based on watched changes, recomputing project graph...
[NX v22.7.2 Daemon Server] - 2026-08-09T19:16:22.654Z - [REQUEST]: packages/shared/src/lib/tenants/msi.ts
[NX v22.7.2 Daemon Server] - 2026-08-09T19:16:22.654Z - [REQUEST]: 
[plugin-client] restarting worker for "@nx/angular/plugin"
[isolated-plugin] spawned worker for "@nx/angular/plugin" (pid: 809956, socket: /tmp/plugin804856-36-593848.383227.sock)
[plugin-client] restarting worker for "nx/js/dependencies-and-lockfile"
[isolated-plugin] spawned worker for "nx/js/dependencies-and-lockfile" (pid: 809957, socket: /tmp/plugin804856-37-593861.268983.sock)
[plugin-client] restarting worker for "nx/core/package-json"
[isolated-plugin] spawned worker for "nx/core/package-json" (pid: 809963, socket: /tmp/plugin804856-38-593872.326199.sock)
[plugin-client] restarting worker for "nx/core/project-json"
[isolated-plugin] spawned worker for "nx/core/project-json" (pid: 809969, socket: /tmp/plugin804856-39-593882.37678.sock)
[NX v22.7.2 Daemon Server] - 2026-08-09T19:16:22.712Z - Time taken for 'hash changed files from watcher' 0.4294819999486208ms
[plugin-worker] "@nx/angular/plugin" (pid: 809956) listening on /tmp/plugin804856-36-593848.383227.sock
[isolated-plugin] connected to worker for "@nx/angular/plugin" (pid: 809956)
[NX v22.7.2 Daemon Server] - 2026-08-09T19:16:22.858Z - Time taken for 'start-plugin-worker:@nx/angular/plugin' 191.97018599999137ms
Time taken for 'plugin worker 809956 code loading' 124.70064299999999ms
[plugin-worker] "@nx/angular/plugin" (pid: 809956) connected
[plugin-worker] "nx/js/dependencies-and-lockfile" (pid: 809957) listening on /tmp/plugin804856-37-593861.268983.sock
Time taken for 'plugin worker 809957 code loading' 131.084025ms
[isolated-plugin] connected to worker for "nx/js/dependencies-and-lockfile" (pid: 809957)
[NX v22.7.2 Daemon Server] - 2026-08-09T19:16:22.879Z - Time taken for 'start-plugin-worker:nx/js/dependencies-and-lockfile' 200.76353700004984ms
[plugin-worker] "nx/js/dependencies-and-lockfile" (pid: 809957) connected
[plugin-worker] "nx/core/package-json" (pid: 809963) listening on /tmp/plugin804856-38-593872.326199.sock
Time taken for 'plugin worker 809963 code loading' 163.694956ms
[isolated-plugin] connected to worker for "nx/core/package-json" (pid: 809963)
[NX v22.7.2 Daemon Server] - 2026-08-09T19:16:22.930Z - Time taken for 'start-plugin-worker:nx/core/package-json' 240.25275800004601ms
[plugin-worker] "nx/core/package-json" (pid: 809963) connected
[plugin-worker] "nx/core/project-json" (pid: 809969) listening on /tmp/plugin804856-39-593882.37678.sock
Time taken for 'plugin worker 809969 code loading' 160.778605ms
[isolated-plugin] connected to worker for "nx/core/project-json" (pid: 809969)
[NX v22.7.2 Daemon Server] - 2026-08-09T19:16:22.941Z - Time taken for 'start-plugin-worker:nx/core/project-json' 240.83543099998496ms
[plugin-worker] "nx/core/project-json" (pid: 809969) connected
[plugin-worker] "nx/js/dependencies-and-lockfile" (pid: 809957) loaded successfully
Time taken for 'nx/js/dependencies-and-lockfile:createNodes' 30.748452000000043ms
[NX v22.7.2 Daemon Server] - 2026-08-09T19:16:23.012Z - [WATCHER]: Processing file changes in outputs
[NX v22.7.2 Daemon Server] - 2026-08-09T19:16:23.012Z - [WATCHER]: packages/shared/src/lib/tenants/generic.ts was modified
[NX v22.7.2 Daemon Server] - 2026-08-09T19:16:23.013Z - [WATCHER]: File changes detected:
Created:
(none)
Updated:
  - packages/shared/src/lib/tenants/generic.ts
Deleted:
(none)
[NX v22.7.2 Daemon Server] - 2026-08-09T19:16:23.013Z - [SYNC]: clearing sync generators cache due to file changes
[plugin-worker] "nx/core/package-json" (pid: 809963) loaded successfully
[plugin-worker] "nx/core/project-json" (pid: 809969) loaded successfully
[isolated-plugin] shutting down worker for "nx/core/project-json" after createNodes
[isolated-plugin] shutting down worker for "nx/core/package-json" after createNodes
[plugin-worker] "@nx/angular/plugin" (pid: 809956) loaded successfully
[NX v22.7.2 Daemon Server] - 2026-08-09T19:16:23.083Z - Established a connection. Number of open connections: 1
[NX v22.7.2 Daemon Server] - 2026-08-09T19:16:23.084Z - Closed a connection. Number of open connections: 0
[NX v22.7.2 Daemon Server] - 2026-08-09T19:16:23.085Z - Established a connection. Number of open connections: 1
[NX v22.7.2 Daemon Client] - 2026-08-09T19:16:23.085Z - [Messenger] Setting up socket listeners
[NX v22.7.2 Daemon Client] - 2026-08-09T19:16:23.086Z - [Messenger] listen() complete
[NX v22.7.2 Daemon Client] - 2026-08-09T19:16:23.216Z - [Messenger] Sending message type: HASH_GLOB
[NX v22.7.2 Daemon Client] - 2026-08-09T19:16:23.217Z - [Messenger] Message sent
Time taken for 'daemon-message-serialization-HASH_GLOB' 0.06756100000006882ms
[NX v22.7.2 Daemon Server] - 2026-08-09T19:16:23.218Z - Received raw message of length 73
[NX v22.7.2 Daemon Server] - 2026-08-09T19:16:23.218Z - Received json message of type HASH_GLOB
[NX v22.7.2 Daemon Server] - 2026-08-09T19:16:23.224Z - Serializing response for HASH_GLOB message in json mode
[NX v22.7.2 Daemon Server] - 2026-08-09T19:16:23.225Z - Responding to HASH_GLOB message
[NX v22.7.2 Daemon Server] - 2026-08-09T19:16:23.225Z - [REQUEST]: Responding to the client. handleHashGlob
[NX v22.7.2 Daemon Server] - 2026-08-09T19:16:23.225Z - Done responding to the client handleHashGlob
[NX v22.7.2 Daemon Server] - 2026-08-09T19:16:23.225Z - Handled json message HASH_GLOB. Handling time: 6. Response time: 1.
[NX v22.7.2 Daemon Client] - 2026-08-09T19:16:23.225Z - [Messenger] Received message, length: 22
[isolated-plugin] shutting down worker for "@nx/angular/plugin" after createNodes
Unable to find local plugin [] Map(0) {}
Unable to find local plugin [] Map(0) {}
[NX v22.7.2 Daemon Server] - 2026-08-09T19:16:23.241Z - Time taken for 'build-project-configs' 565.3378550000489ms
[NX v22.7.2 Daemon Server] - 2026-08-09T19:16:23.242Z - Time taken for 'createNodes:merge' 2.5778489999938756ms
[NX v22.7.2 Daemon Server] - 2026-08-09T19:16:23.242Z - Time taken for 'get-all-workspace-files' 0.10952800000086427ms
[NX v22.7.2 Daemon Server] - 2026-08-09T19:16:23.253Z - Closed a connection. Number of open connections: 0
Time taken for 'build typescript dependencies' 0.8400429999999233ms
[isolated-plugin] shutting down worker for "nx/js/dependencies-and-lockfile" after createDependencies
[NX v22.7.2 Daemon Server] - 2026-08-09T19:16:23.275Z - [SYNC]: collect registered sync generators
[NX v22.7.2 Daemon Server] - 2026-08-09T19:16:23.275Z - [SYNC]: project graph hash is the same, not collecting task sync generators
[NX v22.7.2 Daemon Server] - 2026-08-09T19:16:23.276Z - [SYNC]: nx.json hash is the same, not collecting global sync generators
[NX v22.7.2 Daemon Server] - 2026-08-09T19:16:23.276Z - Time taken for 'total execution time for createProjectGraph()' 33.82452300004661ms
[NX v22.7.2 Daemon Server] - 2026-08-09T19:16:23.276Z - Time taken for 'createDependencies' 29.112915000063367ms
[NX v22.7.2 Daemon Server] - 2026-08-09T19:16:23.276Z - Time taken for 'nx/js/dependencies-and-lockfile:createDependencies' 28.840334999957122ms
[NX v22.7.2 Daemon Server] - 2026-08-09T19:16:23.276Z - Time taken for 'createMetadata' 0.024179000058211386ms
[NX v22.7.2 Daemon Server] - 2026-08-09T19:16:23.276Z - Time taken for 'serialize graph' 9.144564000074752ms
[NX v22.7.2 Daemon Server] - 2026-08-09T19:16:24.614Z - [REQUEST]: Updated workspace context based on watched changes, recomputing project graph...
[NX v22.7.2 Daemon Server] - 2026-08-09T19:16:24.614Z - [REQUEST]: packages/shared/src/lib/tenants/generic.ts
[NX v22.7.2 Daemon Server] - 2026-08-09T19:16:24.614Z - [REQUEST]: 
[plugin-client] restarting worker for "@nx/angular/plugin"
[isolated-plugin] spawned worker for "@nx/angular/plugin" (pid: 810214, socket: /tmp/plugin804856-40-595809.808506.sock)
[plugin-client] restarting worker for "nx/js/dependencies-and-lockfile"
[isolated-plugin] spawned worker for "nx/js/dependencies-and-lockfile" (pid: 810215, socket: /tmp/plugin804856-41-595821.210181.sock)
[plugin-client] restarting worker for "nx/core/package-json"
[isolated-plugin] spawned worker for "nx/core/package-json" (pid: 810221, socket: /tmp/plugin804856-42-595830.725502.sock)
[plugin-client] restarting worker for "nx/core/project-json"
[isolated-plugin] spawned worker for "nx/core/project-json" (pid: 810227, socket: /tmp/plugin804856-43-595841.741233.sock)
[NX v22.7.2 Daemon Server] - 2026-08-09T19:16:24.670Z - Time taken for 'hash changed files from watcher' 0.4910430000163615ms
[plugin-worker] "nx/js/dependencies-and-lockfile" (pid: 810215) listening on /tmp/plugin804856-41-595821.210181.sock
Time taken for 'plugin worker 810215 code loading' 125.24319399999999ms
[plugin-worker] "@nx/angular/plugin" (pid: 810214) listening on /tmp/plugin804856-40-595809.808506.sock
[isolated-plugin] connected to worker for "@nx/angular/plugin" (pid: 810214)
[isolated-plugin] connected to worker for "nx/js/dependencies-and-lockfile" (pid: 810215)
[NX v22.7.2 Daemon Server] - 2026-08-09T19:16:24.826Z - Time taken for 'start-plugin-worker:@nx/angular/plugin' 198.53844900010154ms
[NX v22.7.2 Daemon Server] - 2026-08-09T19:16:24.826Z - Time taken for 'start-plugin-worker:nx/js/dependencies-and-lockfile' 187.34032099996693ms
[plugin-worker] "nx/js/dependencies-and-lockfile" (pid: 810215) connected
[plugin-worker] "@nx/angular/plugin" (pid: 810214) connected
Time taken for 'plugin worker 810214 code loading' 132.264545ms
[plugin-worker] "nx/core/package-json" (pid: 810221) listening on /tmp/plugin804856-42-595830.725502.sock
[isolated-plugin] connected to worker for "nx/core/package-json" (pid: 810221)
[NX v22.7.2 Daemon Server] - 2026-08-09T19:16:24.836Z - Time taken for 'start-plugin-worker:nx/core/package-json' 187.634992999956ms
[plugin-worker] "nx/core/package-json" (pid: 810221) connected
Time taken for 'plugin worker 810221 code loading' 120.458064ms
[plugin-worker] "nx/core/project-json" (pid: 810227) listening on /tmp/plugin804856-43-595841.741233.sock
[isolated-plugin] connected to worker for "nx/core/project-json" (pid: 810227)
[NX v22.7.2 Daemon Server] - 2026-08-09T19:16:24.852Z - Time taken for 'start-plugin-worker:nx/core/project-json' 192.2835699999705ms
Time taken for 'plugin worker 810227 code loading' 129.51790899999997ms
[plugin-worker] "nx/core/project-json" (pid: 810227) connected
[plugin-worker] "nx/js/dependencies-and-lockfile" (pid: 810215) loaded successfully
[plugin-worker] "nx/core/package-json" (pid: 810221) loaded successfully
[plugin-worker] "nx/core/project-json" (pid: 810227) loaded successfully
[isolated-plugin] shutting down worker for "nx/core/project-json" after createNodes
[isolated-plugin] shutting down worker for "nx/core/package-json" after createNodes
Time taken for 'nx/js/dependencies-and-lockfile:createNodes' 24.716159000000005ms
[plugin-worker] "@nx/angular/plugin" (pid: 810214) loaded successfully
[NX v22.7.2 Daemon Server] - 2026-08-09T19:16:25.006Z - Established a connection. Number of open connections: 1
[NX v22.7.2 Daemon Server] - 2026-08-09T19:16:25.010Z - Closed a connection. Number of open connections: 0
[NX v22.7.2 Daemon Server] - 2026-08-09T19:16:25.011Z - Established a connection. Number of open connections: 1
[NX v22.7.2 Daemon Client] - 2026-08-09T19:16:25.011Z - [Messenger] Setting up socket listeners
[NX v22.7.2 Daemon Client] - 2026-08-09T19:16:25.012Z - [Messenger] listen() complete
[NX v22.7.2 Daemon Client] - 2026-08-09T19:16:25.111Z - [Messenger] Sending message type: HASH_GLOB
[NX v22.7.2 Daemon Client] - 2026-08-09T19:16:25.111Z - [Messenger] Message sent
Time taken for 'daemon-message-serialization-HASH_GLOB' 0.08264800000000605ms
[NX v22.7.2 Daemon Server] - 2026-08-09T19:16:25.113Z - Received raw message of length 73
[NX v22.7.2 Daemon Server] - 2026-08-09T19:16:25.113Z - Received json message of type HASH_GLOB
[NX v22.7.2 Daemon Server] - 2026-08-09T19:16:25.116Z - Serializing response for HASH_GLOB message in json mode
[NX v22.7.2 Daemon Server] - 2026-08-09T19:16:25.116Z - Responding to HASH_GLOB message
[NX v22.7.2 Daemon Server] - 2026-08-09T19:16:25.116Z - [REQUEST]: Responding to the client. handleHashGlob
[NX v22.7.2 Daemon Server] - 2026-08-09T19:16:25.117Z - Done responding to the client handleHashGlob
[NX v22.7.2 Daemon Server] - 2026-08-09T19:16:25.117Z - Handled json message HASH_GLOB. Handling time: 3. Response time: 1.
[NX v22.7.2 Daemon Client] - 2026-08-09T19:16:25.118Z - [Messenger] Received message, length: 22
[isolated-plugin] shutting down worker for "@nx/angular/plugin" after createNodes
Unable to find local plugin [] Map(0) {}
Unable to find local plugin [] Map(0) {}
[NX v22.7.2 Daemon Server] - 2026-08-09T19:16:25.135Z - Time taken for 'build-project-configs' 497.2991059999913ms
[NX v22.7.2 Daemon Server] - 2026-08-09T19:16:25.135Z - Time taken for 'createNodes:merge' 2.7527279999339953ms
[NX v22.7.2 Daemon Server] - 2026-08-09T19:16:25.135Z - Time taken for 'get-all-workspace-files' 0.09819799999240786ms
Time taken for 'build typescript dependencies' 0.26492999999999256ms
[isolated-plugin] shutting down worker for "nx/js/dependencies-and-lockfile" after createDependencies
[NX v22.7.2 Daemon Server] - 2026-08-09T19:16:25.159Z - [SYNC]: collect registered sync generators
[NX v22.7.2 Daemon Server] - 2026-08-09T19:16:25.160Z - [SYNC]: project graph hash is the same, not collecting task sync generators
[NX v22.7.2 Daemon Server] - 2026-08-09T19:16:25.160Z - [SYNC]: nx.json hash is the same, not collecting global sync generators
[NX v22.7.2 Daemon Server] - 2026-08-09T19:16:25.160Z - Time taken for 'total execution time for createProjectGraph()' 28.763956999988295ms
[NX v22.7.2 Daemon Server] - 2026-08-09T19:16:25.160Z - Time taken for 'createDependencies' 23.74767100007739ms
[NX v22.7.2 Daemon Server] - 2026-08-09T19:16:25.160Z - Time taken for 'nx/js/dependencies-and-lockfile:createDependencies' 23.380286999978125ms
[NX v22.7.2 Daemon Server] - 2026-08-09T19:16:25.160Z - Time taken for 'createMetadata' 0.013749000034295022ms
[NX v22.7.2 Daemon Server] - 2026-08-09T19:16:25.160Z - Time taken for 'serialize graph' 5.473604000057094ms
[NX v22.7.2 Daemon Server] - 2026-08-09T19:16:25.161Z - Closed a connection. Number of open connections: 0
[NX v22.7.2 Daemon Server] - 2026-08-09T19:19:38.355Z - [WATCHER]: templates/msi/scaffolds/DIAGNOSTIC.sql.md was deleted
[NX v22.7.2 Daemon Server] - 2026-08-09T19:19:38.355Z - [WATCHER]: File changes detected:
Created:
(none)
Updated:
(none)
Deleted:
  - templates/msi/scaffolds/DIAGNOSTIC.sql.md
[NX v22.7.2 Daemon Server] - 2026-08-09T19:19:38.356Z - [SYNC]: clearing sync generators cache due to file changes
[NX v22.7.2 Daemon Server] - 2026-08-09T19:19:38.356Z - [WATCHER]: Processing file changes in outputs
[NX v22.7.2 Daemon Server] - 2026-08-09T19:19:41.555Z - [REQUEST]: Updated workspace context based on watched changes, recomputing project graph...
[NX v22.7.2 Daemon Server] - 2026-08-09T19:19:41.555Z - [REQUEST]: 
[NX v22.7.2 Daemon Server] - 2026-08-09T19:19:41.555Z - [REQUEST]: templates/msi/scaffolds/DIAGNOSTIC.sql.md
[plugin-client] restarting worker for "@nx/angular/plugin"
[isolated-plugin] spawned worker for "@nx/angular/plugin" (pid: 811420, socket: /tmp/plugin804856-44-792769.734559.sock)
[plugin-client] restarting worker for "nx/js/dependencies-and-lockfile"
[isolated-plugin] spawned worker for "nx/js/dependencies-and-lockfile" (pid: 811421, socket: /tmp/plugin804856-45-792781.926182.sock)
[plugin-client] restarting worker for "nx/core/package-json"
[isolated-plugin] spawned worker for "nx/core/package-json" (pid: 811427, socket: /tmp/plugin804856-46-792791.384847.sock)
[plugin-client] restarting worker for "nx/core/project-json"
[isolated-plugin] spawned worker for "nx/core/project-json" (pid: 811433, socket: /tmp/plugin804856-47-792803.300293.sock)
[NX v22.7.2 Daemon Server] - 2026-08-09T19:19:41.633Z - Time taken for 'hash changed files from watcher' 0.4746830000076443ms
[plugin-worker] "nx/js/dependencies-and-lockfile" (pid: 811421) listening on /tmp/plugin804856-45-792781.926182.sock
[isolated-plugin] connected to worker for "nx/js/dependencies-and-lockfile" (pid: 811421)
[NX v22.7.2 Daemon Server] - 2026-08-09T19:19:41.861Z - Time taken for 'start-plugin-worker:nx/js/dependencies-and-lockfile' 282.69983199995477ms
[plugin-worker] "nx/js/dependencies-and-lockfile" (pid: 811421) connected
[plugin-worker] "@nx/angular/plugin" (pid: 811420) listening on /tmp/plugin804856-44-792769.734559.sock
Time taken for 'plugin worker 811421 code loading' 184.73609799999997ms
Time taken for 'plugin worker 811420 code loading' 179.722988ms
[isolated-plugin] connected to worker for "@nx/angular/plugin" (pid: 811420)
[NX v22.7.2 Daemon Server] - 2026-08-09T19:19:41.872Z - Time taken for 'start-plugin-worker:@nx/angular/plugin' 306.0220299999928ms
[plugin-worker] "@nx/angular/plugin" (pid: 811420) connected
[plugin-worker] "nx/core/package-json" (pid: 811427) listening on /tmp/plugin804856-46-792791.384847.sock
Time taken for 'plugin worker 811427 code loading' 185.915373ms
[isolated-plugin] connected to worker for "nx/core/package-json" (pid: 811427)
[NX v22.7.2 Daemon Server] - 2026-08-09T19:19:41.893Z - Time taken for 'start-plugin-worker:nx/core/package-json' 305.96794500004034ms
[plugin-worker] "nx/core/package-json" (pid: 811427) connected
[plugin-worker] "nx/core/project-json" (pid: 811433) listening on /tmp/plugin804856-47-792803.300293.sock
Time taken for 'plugin worker 811433 code loading' 193.688746ms
[isolated-plugin] connected to worker for "nx/core/project-json" (pid: 811433)
[NX v22.7.2 Daemon Server] - 2026-08-09T19:19:41.904Z - Time taken for 'start-plugin-worker:nx/core/project-json' 304.67751299997326ms
[plugin-worker] "nx/core/project-json" (pid: 811433) connected
[plugin-worker] "nx/js/dependencies-and-lockfile" (pid: 811421) loaded successfully
Time taken for 'nx/js/dependencies-and-lockfile:createNodes' 36.91076800000002ms
[plugin-worker] "nx/core/project-json" (pid: 811433) loaded successfully
[plugin-worker] "nx/core/package-json" (pid: 811427) loaded successfully
[isolated-plugin] shutting down worker for "nx/core/project-json" after createNodes
[isolated-plugin] shutting down worker for "nx/core/package-json" after createNodes
[plugin-worker] "@nx/angular/plugin" (pid: 811420) loaded successfully
[NX v22.7.2 Daemon Server] - 2026-08-09T19:19:42.130Z - Established a connection. Number of open connections: 1
[NX v22.7.2 Daemon Server] - 2026-08-09T19:19:42.131Z - Closed a connection. Number of open connections: 0
[NX v22.7.2 Daemon Server] - 2026-08-09T19:19:42.131Z - Established a connection. Number of open connections: 1
[NX v22.7.2 Daemon Client] - 2026-08-09T19:19:42.131Z - [Messenger] Setting up socket listeners
[NX v22.7.2 Daemon Client] - 2026-08-09T19:19:42.132Z - [Messenger] listen() complete
[NX v22.7.2 Daemon Client] - 2026-08-09T19:19:42.249Z - [Messenger] Sending message type: HASH_GLOB
[NX v22.7.2 Daemon Client] - 2026-08-09T19:19:42.249Z - [Messenger] Message sent
Time taken for 'daemon-message-serialization-HASH_GLOB' 0.07350199999996221ms
[NX v22.7.2 Daemon Server] - 2026-08-09T19:19:42.251Z - Received raw message of length 73
[NX v22.7.2 Daemon Server] - 2026-08-09T19:19:42.251Z - Received json message of type HASH_GLOB
[NX v22.7.2 Daemon Server] - 2026-08-09T19:19:42.253Z - Serializing response for HASH_GLOB message in json mode
[NX v22.7.2 Daemon Server] - 2026-08-09T19:19:42.253Z - Responding to HASH_GLOB message
[NX v22.7.2 Daemon Server] - 2026-08-09T19:19:42.253Z - [REQUEST]: Responding to the client. handleHashGlob
[NX v22.7.2 Daemon Server] - 2026-08-09T19:19:42.253Z - Done responding to the client handleHashGlob
[NX v22.7.2 Daemon Server] - 2026-08-09T19:19:42.253Z - Handled json message HASH_GLOB. Handling time: 2. Response time: 0.
[NX v22.7.2 Daemon Client] - 2026-08-09T19:19:42.255Z - [Messenger] Received message, length: 22
[isolated-plugin] shutting down worker for "@nx/angular/plugin" after createNodes
Unable to find local plugin [] Map(0) {}
Unable to find local plugin [] Map(0) {}
[NX v22.7.2 Daemon Server] - 2026-08-09T19:19:42.280Z - Time taken for 'build-project-configs' 700.4309330000542ms
[NX v22.7.2 Daemon Server] - 2026-08-09T19:19:42.280Z - Time taken for 'createNodes:merge' 4.571103999973275ms
[NX v22.7.2 Daemon Server] - 2026-08-09T19:19:42.280Z - Time taken for 'get-all-workspace-files' 0.17721700004767627ms
Time taken for 'build typescript dependencies' 0.3228359999999384ms
[isolated-plugin] shutting down worker for "nx/js/dependencies-and-lockfile" after createDependencies
[NX v22.7.2 Daemon Server] - 2026-08-09T19:19:42.324Z - [SYNC]: collect registered sync generators
[NX v22.7.2 Daemon Server] - 2026-08-09T19:19:42.325Z - [SYNC]: project graph hash is the same, not collecting task sync generators
[NX v22.7.2 Daemon Server] - 2026-08-09T19:19:42.325Z - [SYNC]: nx.json hash is the same, not collecting global sync generators
[NX v22.7.2 Daemon Server] - 2026-08-09T19:19:42.325Z - Time taken for 'total execution time for createProjectGraph()' 49.773365000030026ms
[NX v22.7.2 Daemon Server] - 2026-08-09T19:19:42.325Z - Time taken for 'createDependencies' 40.14273099997081ms
[NX v22.7.2 Daemon Server] - 2026-08-09T19:19:42.325Z - Time taken for 'nx/js/dependencies-and-lockfile:createDependencies' 39.90189800004009ms
[NX v22.7.2 Daemon Server] - 2026-08-09T19:19:42.325Z - Time taken for 'createMetadata' 0.012759999954141676ms
[NX v22.7.2 Daemon Server] - 2026-08-09T19:19:42.325Z - Time taken for 'serialize graph' 7.452368000056595ms
[NX v22.7.2 Daemon Server] - 2026-08-09T19:19:42.327Z - Closed a connection. Number of open connections: 0
[NX v22.7.2 Daemon Server] - 2026-08-09T19:19:46.752Z - [WATCHER]: templates/msi/scaffolds/diagnostic.sql was created or restored
[NX v22.7.2 Daemon Server] - 2026-08-09T19:19:46.752Z - [WATCHER]: File changes detected:
Created:
  - templates/msi/scaffolds/diagnostic.sql
Updated:
(none)
Deleted:
(none)
[NX v22.7.2 Daemon Server] - 2026-08-09T19:19:46.752Z - [SYNC]: clearing sync generators cache due to file changes
[NX v22.7.2 Daemon Server] - 2026-08-09T19:19:46.753Z - [WATCHER]: Processing file changes in outputs
[NX v22.7.2 Daemon Server] - 2026-08-09T19:19:46.854Z - [REQUEST]: Updated workspace context based on watched changes, recomputing project graph...
[NX v22.7.2 Daemon Server] - 2026-08-09T19:19:46.854Z - [REQUEST]: templates/msi/scaffolds/diagnostic.sql
[NX v22.7.2 Daemon Server] - 2026-08-09T19:19:46.854Z - [REQUEST]: 
[plugin-client] restarting worker for "@nx/angular/plugin"
[isolated-plugin] spawned worker for "@nx/angular/plugin" (pid: 811536, socket: /tmp/plugin804856-48-798067.512621.sock)
[plugin-client] restarting worker for "nx/js/dependencies-and-lockfile"
[isolated-plugin] spawned worker for "nx/js/dependencies-and-lockfile" (pid: 811541, socket: /tmp/plugin804856-49-798077.606814.sock)
[plugin-client] restarting worker for "nx/core/package-json"
[isolated-plugin] spawned worker for "nx/core/package-json" (pid: 811543, socket: /tmp/plugin804856-50-798091.970428.sock)
[plugin-client] restarting worker for "nx/core/project-json"
[isolated-plugin] spawned worker for "nx/core/project-json" (pid: 811547, socket: /tmp/plugin804856-51-798100.872043.sock)
[NX v22.7.2 Daemon Server] - 2026-08-09T19:19:46.912Z - Time taken for 'hash changed files from watcher' 0.4169319999637082ms
[plugin-worker] "@nx/angular/plugin" (pid: 811536) listening on /tmp/plugin804856-48-798067.512621.sock
Time taken for 'plugin worker 811536 code loading' 155.485083ms
[isolated-plugin] connected to worker for "@nx/angular/plugin" (pid: 811536)
[NX v22.7.2 Daemon Server] - 2026-08-09T19:19:47.092Z - Time taken for 'start-plugin-worker:@nx/angular/plugin' 228.19464199990034ms
[plugin-worker] "@nx/angular/plugin" (pid: 811536) connected
[plugin-worker] "nx/js/dependencies-and-lockfile" (pid: 811541) listening on /tmp/plugin804856-49-798077.606814.sock
[plugin-worker] "nx/core/project-json" (pid: 811547) listening on /tmp/plugin804856-51-798100.872043.sock
Time taken for 'plugin worker 811541 code loading' 163.031294ms
Time taken for 'plugin worker 811547 code loading' 150.040011ms
[isolated-plugin] connected to worker for "nx/js/dependencies-and-lockfile" (pid: 811541)
[isolated-plugin] connected to worker for "nx/core/project-json" (pid: 811547)
[NX v22.7.2 Daemon Server] - 2026-08-09T19:19:47.113Z - Time taken for 'start-plugin-worker:nx/js/dependencies-and-lockfile' 239.6830909999553ms
[NX v22.7.2 Daemon Server] - 2026-08-09T19:19:47.114Z - Time taken for 'start-plugin-worker:nx/core/project-json' 216.76438599999528ms
[plugin-worker] "nx/core/project-json" (pid: 811547) connected
[plugin-worker] "nx/js/dependencies-and-lockfile" (pid: 811541) connected
[plugin-worker] "nx/core/package-json" (pid: 811543) listening on /tmp/plugin804856-50-798091.970428.sock
Time taken for 'plugin worker 811543 code loading' 161.882332ms
[isolated-plugin] connected to worker for "nx/core/package-json" (pid: 811543)
[NX v22.7.2 Daemon Server] - 2026-08-09T19:19:47.124Z - Time taken for 'start-plugin-worker:nx/core/package-json' 235.5057370000286ms
[plugin-worker] "nx/core/package-json" (pid: 811543) connected
[plugin-worker] "nx/core/project-json" (pid: 811547) loaded successfully
[isolated-plugin] shutting down worker for "nx/core/project-json" after createNodes
[plugin-worker] "nx/js/dependencies-and-lockfile" (pid: 811541) loaded successfully
[plugin-worker] "nx/core/package-json" (pid: 811543) loaded successfully
[isolated-plugin] shutting down worker for "nx/core/package-json" after createNodes
Time taken for 'nx/js/dependencies-and-lockfile:createNodes' 14.981067999999993ms
[plugin-worker] "@nx/angular/plugin" (pid: 811536) loaded successfully
[NX v22.7.2 Daemon Server] - 2026-08-09T19:19:47.258Z - Established a connection. Number of open connections: 1
[NX v22.7.2 Daemon Server] - 2026-08-09T19:19:47.263Z - Closed a connection. Number of open connections: 0
[NX v22.7.2 Daemon Server] - 2026-08-09T19:19:47.264Z - Established a connection. Number of open connections: 1
[NX v22.7.2 Daemon Client] - 2026-08-09T19:19:47.264Z - [Messenger] Setting up socket listeners
[NX v22.7.2 Daemon Client] - 2026-08-09T19:19:47.264Z - [Messenger] listen() complete
[NX v22.7.2 Daemon Client] - 2026-08-09T19:19:47.365Z - [Messenger] Sending message type: HASH_GLOB
[NX v22.7.2 Daemon Client] - 2026-08-09T19:19:47.365Z - [Messenger] Message sent
Time taken for 'daemon-message-serialization-HASH_GLOB' 0.0747859999999605ms
[NX v22.7.2 Daemon Server] - 2026-08-09T19:19:47.367Z - Received raw message of length 73
[NX v22.7.2 Daemon Server] - 2026-08-09T19:19:47.367Z - Received json message of type HASH_GLOB
[NX v22.7.2 Daemon Server] - 2026-08-09T19:19:47.369Z - Serializing response for HASH_GLOB message in json mode
[NX v22.7.2 Daemon Server] - 2026-08-09T19:19:47.369Z - Responding to HASH_GLOB message
[NX v22.7.2 Daemon Server] - 2026-08-09T19:19:47.369Z - [REQUEST]: Responding to the client. handleHashGlob
[NX v22.7.2 Daemon Server] - 2026-08-09T19:19:47.369Z - Done responding to the client handleHashGlob
[NX v22.7.2 Daemon Server] - 2026-08-09T19:19:47.369Z - Handled json message HASH_GLOB. Handling time: 2. Response time: 0.
[NX v22.7.2 Daemon Client] - 2026-08-09T19:19:47.369Z - [Messenger] Received message, length: 22
[isolated-plugin] shutting down worker for "@nx/angular/plugin" after createNodes
Unable to find local plugin [] Map(0) {}
Unable to find local plugin [] Map(0) {}
[NX v22.7.2 Daemon Server] - 2026-08-09T19:19:47.385Z - Time taken for 'build-project-configs' 513.3178880000487ms
[NX v22.7.2 Daemon Server] - 2026-08-09T19:19:47.385Z - Time taken for 'createNodes:merge' 2.3792600000742823ms
[NX v22.7.2 Daemon Server] - 2026-08-09T19:19:47.385Z - Time taken for 'get-all-workspace-files' 0.09091799997258931ms
[NX v22.7.2 Daemon Server] - 2026-08-09T19:19:47.398Z - Closed a connection. Number of open connections: 0
Time taken for 'build typescript dependencies' 0.2849289999999769ms
[isolated-plugin] shutting down worker for "nx/js/dependencies-and-lockfile" after createDependencies
[NX v22.7.2 Daemon Server] - 2026-08-09T19:19:47.411Z - [SYNC]: collect registered sync generators
[NX v22.7.2 Daemon Server] - 2026-08-09T19:19:47.411Z - [SYNC]: project graph hash is the same, not collecting task sync generators
[NX v22.7.2 Daemon Server] - 2026-08-09T19:19:47.411Z - [SYNC]: nx.json hash is the same, not collecting global sync generators
[NX v22.7.2 Daemon Server] - 2026-08-09T19:19:47.412Z - Time taken for 'total execution time for createProjectGraph()' 28.416260000085458ms
[NX v22.7.2 Daemon Server] - 2026-08-09T19:19:47.412Z - Time taken for 'createDependencies' 24.31408000004012ms
[NX v22.7.2 Daemon Server] - 2026-08-09T19:19:47.412Z - Time taken for 'nx/js/dependencies-and-lockfile:createDependencies' 24.112698000040837ms
[NX v22.7.2 Daemon Server] - 2026-08-09T19:19:47.412Z - Time taken for 'createMetadata' 0.01478800002951175ms
[NX v22.7.2 Daemon Server] - 2026-08-09T19:19:47.412Z - Time taken for 'serialize graph' 5.433683000039309ms
[NX v22.7.2 Daemon Server] - 2026-08-09T19:19:57.783Z - [WATCHER]: 1 file(s) created or restored, 0 file(s) modified, 1 file(s) deleted
[NX v22.7.2 Daemon Server] - 2026-08-09T19:19:57.783Z - [WATCHER]: File changes detected:
Created:
  - templates/msi/scaffolds/dryrun.sql
Updated:
(none)
Deleted:
  - templates/msi/scaffolds/DRYRUN.sql.md
[NX v22.7.2 Daemon Server] - 2026-08-09T19:19:57.783Z - [SYNC]: clearing sync generators cache due to file changes
[NX v22.7.2 Daemon Server] - 2026-08-09T19:19:57.783Z - [WATCHER]: Processing file changes in outputs
[NX v22.7.2 Daemon Server] - 2026-08-09T19:19:57.884Z - [REQUEST]: Updated workspace context based on watched changes, recomputing project graph...
[NX v22.7.2 Daemon Server] - 2026-08-09T19:19:57.884Z - [REQUEST]: templates/msi/scaffolds/dryrun.sql
[NX v22.7.2 Daemon Server] - 2026-08-09T19:19:57.884Z - [REQUEST]: templates/msi/scaffolds/DRYRUN.sql.md
[plugin-client] restarting worker for "@nx/angular/plugin"
[isolated-plugin] spawned worker for "@nx/angular/plugin" (pid: 811692, socket: /tmp/plugin804856-52-809099.388231.sock)
[plugin-client] restarting worker for "nx/js/dependencies-and-lockfile"
[isolated-plugin] spawned worker for "nx/js/dependencies-and-lockfile" (pid: 811693, socket: /tmp/plugin804856-53-809111.424131.sock)
[plugin-client] restarting worker for "nx/core/package-json"
[isolated-plugin] spawned worker for "nx/core/package-json" (pid: 811699, socket: /tmp/plugin804856-54-809122.078833.sock)
[plugin-client] restarting worker for "nx/core/project-json"
[isolated-plugin] spawned worker for "nx/core/project-json" (pid: 811705, socket: /tmp/plugin804856-55-809135.317265.sock)
[NX v22.7.2 Daemon Server] - 2026-08-09T19:19:57.941Z - Time taken for 'hash changed files from watcher' 0.40990700002294034ms
[plugin-worker] "@nx/angular/plugin" (pid: 811692) listening on /tmp/plugin804856-52-809099.388231.sock
[isolated-plugin] connected to worker for "@nx/angular/plugin" (pid: 811692)
[NX v22.7.2 Daemon Server] - 2026-08-09T19:19:58.121Z - Time taken for 'start-plugin-worker:@nx/angular/plugin' 225.26697899994906ms
[plugin-worker] "@nx/angular/plugin" (pid: 811692) connected
Time taken for 'plugin worker 811692 code loading' 153.69505ms
[plugin-worker] "nx/js/dependencies-and-lockfile" (pid: 811693) listening on /tmp/plugin804856-53-809111.424131.sock
[isolated-plugin] connected to worker for "nx/js/dependencies-and-lockfile" (pid: 811693)
[NX v22.7.2 Daemon Server] - 2026-08-09T19:19:58.141Z - Time taken for 'start-plugin-worker:nx/js/dependencies-and-lockfile' 233.8085939999437ms
Time taken for 'plugin worker 811693 code loading' 162.58537ms
[plugin-worker] "nx/js/dependencies-and-lockfile" (pid: 811693) connected
[plugin-worker] "nx/core/project-json" (pid: 811705) listening on /tmp/plugin804856-55-809135.317265.sock
[isolated-plugin] connected to worker for "nx/core/project-json" (pid: 811705)
[NX v22.7.2 Daemon Server] - 2026-08-09T19:19:58.154Z - Time taken for 'start-plugin-worker:nx/core/project-json' 223.1394080000464ms
[plugin-worker] "nx/core/project-json" (pid: 811705) connected
Time taken for 'plugin worker 811705 code loading' 156.355567ms
[plugin-worker] "nx/core/package-json" (pid: 811699) listening on /tmp/plugin804856-54-809122.078833.sock
Time taken for 'plugin worker 811699 code loading' 155.54578099999998ms
[isolated-plugin] connected to worker for "nx/core/package-json" (pid: 811699)
[NX v22.7.2 Daemon Server] - 2026-08-09T19:19:58.162Z - Time taken for 'start-plugin-worker:nx/core/package-json' 244.15855100005865ms
[plugin-worker] "nx/core/package-json" (pid: 811699) connected
[plugin-worker] "nx/core/project-json" (pid: 811705) loaded successfully
[isolated-plugin] shutting down worker for "nx/core/project-json" after createNodes
[plugin-worker] "nx/js/dependencies-and-lockfile" (pid: 811693) loaded successfully
[plugin-worker] "nx/core/package-json" (pid: 811699) loaded successfully
[isolated-plugin] shutting down worker for "nx/core/package-json" after createNodes
Time taken for 'nx/js/dependencies-and-lockfile:createNodes' 55.65141399999999ms
[plugin-worker] "@nx/angular/plugin" (pid: 811692) loaded successfully
[NX v22.7.2 Daemon Server] - 2026-08-09T19:19:58.317Z - Established a connection. Number of open connections: 1
[NX v22.7.2 Daemon Server] - 2026-08-09T19:19:58.322Z - Closed a connection. Number of open connections: 0
[NX v22.7.2 Daemon Server] - 2026-08-09T19:19:58.323Z - Established a connection. Number of open connections: 1
[NX v22.7.2 Daemon Client] - 2026-08-09T19:19:58.322Z - [Messenger] Setting up socket listeners
[NX v22.7.2 Daemon Client] - 2026-08-09T19:19:58.323Z - [Messenger] listen() complete
[NX v22.7.2 Daemon Client] - 2026-08-09T19:19:58.419Z - [Messenger] Sending message type: HASH_GLOB
[NX v22.7.2 Daemon Client] - 2026-08-09T19:19:58.419Z - [Messenger] Message sent
Time taken for 'daemon-message-serialization-HASH_GLOB' 0.07160799999996925ms
[NX v22.7.2 Daemon Server] - 2026-08-09T19:19:58.420Z - Received raw message of length 73
[NX v22.7.2 Daemon Server] - 2026-08-09T19:19:58.421Z - Received json message of type HASH_GLOB
[NX v22.7.2 Daemon Server] - 2026-08-09T19:19:58.424Z - Serializing response for HASH_GLOB message in json mode
[NX v22.7.2 Daemon Server] - 2026-08-09T19:19:58.425Z - Responding to HASH_GLOB message
[NX v22.7.2 Daemon Server] - 2026-08-09T19:19:58.425Z - [REQUEST]: Responding to the client. handleHashGlob
[NX v22.7.2 Daemon Server] - 2026-08-09T19:19:58.425Z - Done responding to the client handleHashGlob
[NX v22.7.2 Daemon Server] - 2026-08-09T19:19:58.425Z - Handled json message HASH_GLOB. Handling time: 3. Response time: 1.
[NX v22.7.2 Daemon Client] - 2026-08-09T19:19:58.425Z - [Messenger] Received message, length: 22
[isolated-plugin] shutting down worker for "@nx/angular/plugin" after createNodes
Unable to find local plugin [] Map(0) {}
Unable to find local plugin [] Map(0) {}
[NX v22.7.2 Daemon Server] - 2026-08-09T19:19:58.438Z - Time taken for 'build-project-configs' 535.5560080000432ms
[NX v22.7.2 Daemon Server] - 2026-08-09T19:19:58.439Z - Time taken for 'createNodes:merge' 2.278554000076838ms
[NX v22.7.2 Daemon Server] - 2026-08-09T19:19:58.439Z - Time taken for 'get-all-workspace-files' 0.08892899996135384ms
[NX v22.7.2 Daemon Server] - 2026-08-09T19:19:58.451Z - Closed a connection. Number of open connections: 0
Time taken for 'build typescript dependencies' 0.2696720000000141ms
[isolated-plugin] shutting down worker for "nx/js/dependencies-and-lockfile" after createDependencies
[NX v22.7.2 Daemon Server] - 2026-08-09T19:19:58.467Z - [SYNC]: collect registered sync generators
[NX v22.7.2 Daemon Server] - 2026-08-09T19:19:58.468Z - [SYNC]: project graph hash is the same, not collecting task sync generators
[NX v22.7.2 Daemon Server] - 2026-08-09T19:19:58.468Z - [SYNC]: nx.json hash is the same, not collecting global sync generators
[NX v22.7.2 Daemon Server] - 2026-08-09T19:19:58.468Z - Time taken for 'total execution time for createProjectGraph()' 30.474459000048228ms
[NX v22.7.2 Daemon Server] - 2026-08-09T19:19:58.468Z - Time taken for 'createDependencies' 26.586154000018723ms
[NX v22.7.2 Daemon Server] - 2026-08-09T19:19:58.468Z - Time taken for 'nx/js/dependencies-and-lockfile:createDependencies' 26.33629100001417ms
[NX v22.7.2 Daemon Server] - 2026-08-09T19:19:58.468Z - Time taken for 'createMetadata' 0.012481999932788312ms
[NX v22.7.2 Daemon Server] - 2026-08-09T19:19:58.468Z - Time taken for 'serialize graph' 6.0554590000538155ms
[NX v22.7.2 Daemon Server] - 2026-08-09T19:20:06.754Z - [WATCHER]: Processing file changes in outputs
[NX v22.7.2 Daemon Server] - 2026-08-09T19:20:06.754Z - [WATCHER]: 1 file(s) created or restored, 0 file(s) modified, 1 file(s) deleted
[NX v22.7.2 Daemon Server] - 2026-08-09T19:20:06.754Z - [WATCHER]: File changes detected:
Created:
  - templates/msi/scaffolds/fix.sql
Updated:
(none)
Deleted:
  - templates/msi/scaffolds/FIX.sql.md
[NX v22.7.2 Daemon Server] - 2026-08-09T19:20:06.754Z - [SYNC]: clearing sync generators cache due to file changes
[NX v22.7.2 Daemon Server] - 2026-08-09T19:20:06.856Z - [REQUEST]: Updated workspace context based on watched changes, recomputing project graph...
[NX v22.7.2 Daemon Server] - 2026-08-09T19:20:06.856Z - [REQUEST]: templates/msi/scaffolds/fix.sql
[NX v22.7.2 Daemon Server] - 2026-08-09T19:20:06.856Z - [REQUEST]: templates/msi/scaffolds/FIX.sql.md
[plugin-client] restarting worker for "@nx/angular/plugin"
[isolated-plugin] spawned worker for "@nx/angular/plugin" (pid: 811851, socket: /tmp/plugin804856-56-818075.334006.sock)
[plugin-client] restarting worker for "nx/js/dependencies-and-lockfile"
[isolated-plugin] spawned worker for "nx/js/dependencies-and-lockfile" (pid: 811853, socket: /tmp/plugin804856-57-818088.359286.sock)
[plugin-client] restarting worker for "nx/core/package-json"
[isolated-plugin] spawned worker for "nx/core/package-json" (pid: 811859, socket: /tmp/plugin804856-58-818099.058491.sock)
[plugin-client] restarting worker for "nx/core/project-json"
[isolated-plugin] spawned worker for "nx/core/project-json" (pid: 811865, socket: /tmp/plugin804856-59-818108.381216.sock)
[NX v22.7.2 Daemon Server] - 2026-08-09T19:20:06.913Z - Time taken for 'hash changed files from watcher' 0.3974119999911636ms
[plugin-worker] "@nx/angular/plugin" (pid: 811851) listening on /tmp/plugin804856-56-818075.334006.sock
Time taken for 'plugin worker 811851 code loading' 133.727322ms
[isolated-plugin] connected to worker for "@nx/angular/plugin" (pid: 811851)
[NX v22.7.2 Daemon Server] - 2026-08-09T19:20:07.078Z - Time taken for 'start-plugin-worker:@nx/angular/plugin' 206.9394420000026ms
[plugin-worker] "@nx/angular/plugin" (pid: 811851) connected
[plugin-worker] "nx/js/dependencies-and-lockfile" (pid: 811853) listening on /tmp/plugin804856-57-818088.359286.sock
Time taken for 'plugin worker 811853 code loading' 146.192793ms
[plugin-worker] "nx/js/dependencies-and-lockfile" (pid: 811853) connected
[isolated-plugin] connected to worker for "nx/js/dependencies-and-lockfile" (pid: 811853)
[NX v22.7.2 Daemon Server] - 2026-08-09T19:20:07.092Z - Time taken for 'start-plugin-worker:nx/js/dependencies-and-lockfile' 207.82768300001044ms
[plugin-worker] "nx/core/package-json" (pid: 811859) listening on /tmp/plugin804856-58-818099.058491.sock
Time taken for 'plugin worker 811859 code loading' 139.108017ms
[plugin-worker] "nx/core/project-json" (pid: 811865) listening on /tmp/plugin804856-59-818108.381216.sock
[isolated-plugin] connected to worker for "nx/core/package-json" (pid: 811859)
[NX v22.7.2 Daemon Server] - 2026-08-09T19:20:07.103Z - Time taken for 'start-plugin-worker:nx/core/package-json' 207.6284539999906ms
Time taken for 'plugin worker 811865 code loading' 140.086435ms
[plugin-worker] "nx/core/package-json" (pid: 811859) connected
[isolated-plugin] connected to worker for "nx/core/project-json" (pid: 811865)
[NX v22.7.2 Daemon Server] - 2026-08-09T19:20:07.106Z - Time taken for 'start-plugin-worker:nx/core/project-json' 202.0553180000279ms
[plugin-worker] "nx/core/project-json" (pid: 811865) connected
[plugin-worker] "nx/js/dependencies-and-lockfile" (pid: 811853) loaded successfully
[plugin-worker] "nx/core/package-json" (pid: 811859) loaded successfully
[plugin-worker] "nx/core/project-json" (pid: 811865) loaded successfully
[isolated-plugin] shutting down worker for "nx/core/project-json" after createNodes
[isolated-plugin] shutting down worker for "nx/core/package-json" after createNodes
Time taken for 'nx/js/dependencies-and-lockfile:createNodes' 30.81693100000001ms
[plugin-worker] "@nx/angular/plugin" (pid: 811851) loaded successfully
[NX v22.7.2 Daemon Server] - 2026-08-09T19:20:07.275Z - Established a connection. Number of open connections: 1
[NX v22.7.2 Daemon Server] - 2026-08-09T19:20:07.276Z - Closed a connection. Number of open connections: 0
[NX v22.7.2 Daemon Server] - 2026-08-09T19:20:07.276Z - Established a connection. Number of open connections: 1
[NX v22.7.2 Daemon Client] - 2026-08-09T19:20:07.276Z - [Messenger] Setting up socket listeners
[NX v22.7.2 Daemon Client] - 2026-08-09T19:20:07.277Z - [Messenger] listen() complete
[NX v22.7.2 Daemon Client] - 2026-08-09T19:20:07.397Z - [Messenger] Sending message type: HASH_GLOB
[NX v22.7.2 Daemon Client] - 2026-08-09T19:20:07.398Z - [Messenger] Message sent
Time taken for 'daemon-message-serialization-HASH_GLOB' 0.08021400000006906ms
[NX v22.7.2 Daemon Server] - 2026-08-09T19:20:07.399Z - Received raw message of length 73
[NX v22.7.2 Daemon Server] - 2026-08-09T19:20:07.399Z - Received json message of type HASH_GLOB
[NX v22.7.2 Daemon Server] - 2026-08-09T19:20:07.401Z - Serializing response for HASH_GLOB message in json mode
[NX v22.7.2 Daemon Server] - 2026-08-09T19:20:07.401Z - Responding to HASH_GLOB message
[NX v22.7.2 Daemon Server] - 2026-08-09T19:20:07.401Z - [REQUEST]: Responding to the client. handleHashGlob
[NX v22.7.2 Daemon Server] - 2026-08-09T19:20:07.401Z - Done responding to the client handleHashGlob
[NX v22.7.2 Daemon Server] - 2026-08-09T19:20:07.401Z - Handled json message HASH_GLOB. Handling time: 2. Response time: 0.
[NX v22.7.2 Daemon Client] - 2026-08-09T19:20:07.402Z - [Messenger] Received message, length: 22
[isolated-plugin] shutting down worker for "@nx/angular/plugin" after createNodes
Unable to find local plugin [] Map(0) {}
Unable to find local plugin [] Map(0) {}
[NX v22.7.2 Daemon Server] - 2026-08-09T19:20:07.417Z - Time taken for 'build-project-configs' 536.4144000000088ms
[NX v22.7.2 Daemon Server] - 2026-08-09T19:20:07.417Z - Time taken for 'createNodes:merge' 3.067263000062667ms
[NX v22.7.2 Daemon Server] - 2026-08-09T19:20:07.417Z - Time taken for 'get-all-workspace-files' 0.09680499997921288ms
Time taken for 'build typescript dependencies' 0.3062840000000051ms
[isolated-plugin] shutting down worker for "nx/js/dependencies-and-lockfile" after createDependencies
[NX v22.7.2 Daemon Server] - 2026-08-09T19:20:07.445Z - [SYNC]: collect registered sync generators
[NX v22.7.2 Daemon Server] - 2026-08-09T19:20:07.445Z - [SYNC]: project graph hash is the same, not collecting task sync generators
[NX v22.7.2 Daemon Server] - 2026-08-09T19:20:07.445Z - [SYNC]: nx.json hash is the same, not collecting global sync generators
[NX v22.7.2 Daemon Server] - 2026-08-09T19:20:07.446Z - Time taken for 'total execution time for createProjectGraph()' 31.646059999940917ms
[NX v22.7.2 Daemon Server] - 2026-08-09T19:20:07.446Z - Time taken for 'createDependencies' 26.97633100009989ms
[NX v22.7.2 Daemon Server] - 2026-08-09T19:20:07.446Z - Time taken for 'nx/js/dependencies-and-lockfile:createDependencies' 26.71266399999149ms
[NX v22.7.2 Daemon Server] - 2026-08-09T19:20:07.446Z - Time taken for 'createMetadata' 0.01348399999551475ms
[NX v22.7.2 Daemon Server] - 2026-08-09T19:20:07.446Z - Time taken for 'serialize graph' 5.1963489999761805ms
[NX v22.7.2 Daemon Server] - 2026-08-09T19:20:07.447Z - Closed a connection. Number of open connections: 0
[NX v22.7.2 Daemon Server] - 2026-08-09T19:20:15.362Z - [WATCHER]: 1 file(s) created or restored, 0 file(s) modified, 1 file(s) deleted
[NX v22.7.2 Daemon Server] - 2026-08-09T19:20:15.363Z - [WATCHER]: File changes detected:
Created:
  - templates/msi/scaffolds/rollback.sql
Updated:
(none)
Deleted:
  - templates/msi/scaffolds/ROLLBACK.sql.md
[NX v22.7.2 Daemon Server] - 2026-08-09T19:20:15.363Z - [SYNC]: clearing sync generators cache due to file changes
[NX v22.7.2 Daemon Server] - 2026-08-09T19:20:15.363Z - [WATCHER]: Processing file changes in outputs
[NX v22.7.2 Daemon Server] - 2026-08-09T19:20:15.464Z - [REQUEST]: Updated workspace context based on watched changes, recomputing project graph...
[NX v22.7.2 Daemon Server] - 2026-08-09T19:20:15.464Z - [REQUEST]: templates/msi/scaffolds/rollback.sql
[NX v22.7.2 Daemon Server] - 2026-08-09T19:20:15.464Z - [REQUEST]: templates/msi/scaffolds/ROLLBACK.sql.md
[plugin-client] restarting worker for "@nx/angular/plugin"
[isolated-plugin] spawned worker for "@nx/angular/plugin" (pid: 812001, socket: /tmp/plugin804856-60-826683.285955.sock)
[plugin-client] restarting worker for "nx/js/dependencies-and-lockfile"
[isolated-plugin] spawned worker for "nx/js/dependencies-and-lockfile" (pid: 812002, socket: /tmp/plugin804856-61-826693.050158.sock)
[plugin-client] restarting worker for "nx/core/package-json"
[isolated-plugin] spawned worker for "nx/core/package-json" (pid: 812008, socket: /tmp/plugin804856-62-826703.698209.sock)
[plugin-client] restarting worker for "nx/core/project-json"
[isolated-plugin] spawned worker for "nx/core/project-json" (pid: 812015, socket: /tmp/plugin804856-63-826714.549112.sock)
[NX v22.7.2 Daemon Server] - 2026-08-09T19:20:15.520Z - Time taken for 'hash changed files from watcher' 0.34606500004883856ms
[plugin-worker] "nx/core/package-json" (pid: 812008) listening on /tmp/plugin804856-62-826703.698209.sock
[isolated-plugin] connected to worker for "nx/core/package-json" (pid: 812008)
[NX v22.7.2 Daemon Server] - 2026-08-09T19:20:15.748Z - Time taken for 'start-plugin-worker:nx/core/package-json' 251.35482500004582ms
Time taken for 'plugin worker 812008 code loading' 182.171485ms
[plugin-worker] "nx/core/package-json" (pid: 812008) connected
[plugin-worker] "nx/js/dependencies-and-lockfile" (pid: 812002) listening on /tmp/plugin804856-61-826693.050158.sock
[isolated-plugin] connected to worker for "nx/js/dependencies-and-lockfile" (pid: 812002)
[NX v22.7.2 Daemon Server] - 2026-08-09T19:20:15.757Z - Time taken for 'start-plugin-worker:nx/js/dependencies-and-lockfile' 271.1941710000392ms
[plugin-worker] "nx/js/dependencies-and-lockfile" (pid: 812002) connected
[plugin-worker] "@nx/angular/plugin" (pid: 812001) listening on /tmp/plugin804856-60-826683.285955.sock
Time taken for 'plugin worker 812002 code loading' 202.965376ms
Time taken for 'plugin worker 812001 code loading' 213.26038099999997ms
[isolated-plugin] connected to worker for "@nx/angular/plugin" (pid: 812001)
[NX v22.7.2 Daemon Server] - 2026-08-09T19:20:15.770Z - Time taken for 'start-plugin-worker:@nx/angular/plugin' 293.8126480000792ms
[plugin-worker] "@nx/angular/plugin" (pid: 812001) connected
[plugin-worker] "nx/core/project-json" (pid: 812015) listening on /tmp/plugin804856-63-826714.549112.sock
Time taken for 'plugin worker 812015 code loading' 199.30573600000002ms
[isolated-plugin] connected to worker for "nx/core/project-json" (pid: 812015)
[NX v22.7.2 Daemon Server] - 2026-08-09T19:20:15.806Z - Time taken for 'start-plugin-worker:nx/core/project-json' 298.05472799995914ms
[plugin-worker] "nx/core/package-json" (pid: 812008) loaded successfully
[plugin-worker] "nx/core/project-json" (pid: 812015) connected
[isolated-plugin] shutting down worker for "nx/core/package-json" after createNodes
[plugin-worker] "nx/js/dependencies-and-lockfile" (pid: 812002) loaded successfully
Time taken for 'nx/js/dependencies-and-lockfile:createNodes' 16.31549100000001ms
[plugin-worker] "nx/core/project-json" (pid: 812015) loaded successfully
[isolated-plugin] shutting down worker for "nx/core/project-json" after createNodes
[plugin-worker] "@nx/angular/plugin" (pid: 812001) loaded successfully
[NX v22.7.2 Daemon Server] - 2026-08-09T19:20:15.927Z - Established a connection. Number of open connections: 1
[NX v22.7.2 Daemon Server] - 2026-08-09T19:20:15.932Z - Closed a connection. Number of open connections: 0
[NX v22.7.2 Daemon Server] - 2026-08-09T19:20:15.932Z - Established a connection. Number of open connections: 1
[NX v22.7.2 Daemon Client] - 2026-08-09T19:20:15.932Z - [Messenger] Setting up socket listeners
[NX v22.7.2 Daemon Client] - 2026-08-09T19:20:15.933Z - [Messenger] listen() complete
[NX v22.7.2 Daemon Client] - 2026-08-09T19:20:16.040Z - [Messenger] Sending message type: HASH_GLOB
[NX v22.7.2 Daemon Client] - 2026-08-09T19:20:16.040Z - [Messenger] Message sent
Time taken for 'daemon-message-serialization-HASH_GLOB' 0.1045289999999568ms
[NX v22.7.2 Daemon Server] - 2026-08-09T19:20:16.043Z - Received raw message of length 73
[NX v22.7.2 Daemon Server] - 2026-08-09T19:20:16.043Z - Received json message of type HASH_GLOB
[NX v22.7.2 Daemon Server] - 2026-08-09T19:20:16.044Z - Serializing response for HASH_GLOB message in json mode
[NX v22.7.2 Daemon Server] - 2026-08-09T19:20:16.044Z - Responding to HASH_GLOB message
[NX v22.7.2 Daemon Server] - 2026-08-09T19:20:16.044Z - [REQUEST]: Responding to the client. handleHashGlob
[NX v22.7.2 Daemon Server] - 2026-08-09T19:20:16.044Z - Done responding to the client handleHashGlob
[NX v22.7.2 Daemon Server] - 2026-08-09T19:20:16.044Z - Handled json message HASH_GLOB. Handling time: 1. Response time: 0.
[NX v22.7.2 Daemon Client] - 2026-08-09T19:20:16.044Z - [Messenger] Received message, length: 22
[isolated-plugin] shutting down worker for "@nx/angular/plugin" after createNodes
Unable to find local plugin [] Map(0) {}
Unable to find local plugin [] Map(0) {}
[NX v22.7.2 Daemon Server] - 2026-08-09T19:20:16.059Z - Time taken for 'build-project-configs' 573.6908070000354ms
[NX v22.7.2 Daemon Server] - 2026-08-09T19:20:16.059Z - Time taken for 'createNodes:merge' 2.29444899992086ms
[NX v22.7.2 Daemon Server] - 2026-08-09T19:20:16.059Z - Time taken for 'get-all-workspace-files' 0.2247450000140816ms
[NX v22.7.2 Daemon Server] - 2026-08-09T19:20:16.074Z - Closed a connection. Number of open connections: 0
Time taken for 'build typescript dependencies' 1.692737999999963ms
[isolated-plugin] shutting down worker for "nx/js/dependencies-and-lockfile" after createDependencies
[NX v22.7.2 Daemon Server] - 2026-08-09T19:20:16.087Z - [SYNC]: collect registered sync generators
[NX v22.7.2 Daemon Server] - 2026-08-09T19:20:16.088Z - [SYNC]: project graph hash is the same, not collecting task sync generators
[NX v22.7.2 Daemon Server] - 2026-08-09T19:20:16.088Z - [SYNC]: nx.json hash is the same, not collecting global sync generators
[NX v22.7.2 Daemon Server] - 2026-08-09T19:20:16.089Z - Time taken for 'total execution time for createProjectGraph()' 31.230999000021257ms
[NX v22.7.2 Daemon Server] - 2026-08-09T19:20:16.089Z - Time taken for 'createDependencies' 26.612202999996953ms
[NX v22.7.2 Daemon Server] - 2026-08-09T19:20:16.089Z - Time taken for 'nx/js/dependencies-and-lockfile:createDependencies' 26.389767999993637ms
[NX v22.7.2 Daemon Server] - 2026-08-09T19:20:16.089Z - Time taken for 'createMetadata' 0.01124400005210191ms
[NX v22.7.2 Daemon Server] - 2026-08-09T19:20:16.089Z - Time taken for 'serialize graph' 5.425401999964379ms
[NX v22.7.2 Daemon Server] - 2026-08-09T19:20:23.092Z - [WATCHER]: templates/msi/scaffolds/diagnostic.sql was modified
[NX v22.7.2 Daemon Server] - 2026-08-09T19:20:23.092Z - [WATCHER]: File changes detected:
Created:
(none)
Updated:
  - templates/msi/scaffolds/diagnostic.sql
Deleted:
(none)
[NX v22.7.2 Daemon Server] - 2026-08-09T19:20:23.092Z - [SYNC]: clearing sync generators cache due to file changes
[NX v22.7.2 Daemon Server] - 2026-08-09T19:20:23.092Z - [WATCHER]: Processing file changes in outputs
[NX v22.7.2 Daemon Server] - 2026-08-09T19:20:23.294Z - [REQUEST]: Updated workspace context based on watched changes, recomputing project graph...
[NX v22.7.2 Daemon Server] - 2026-08-09T19:20:23.294Z - [REQUEST]: templates/msi/scaffolds/diagnostic.sql
[NX v22.7.2 Daemon Server] - 2026-08-09T19:20:23.294Z - [REQUEST]: 
[plugin-client] restarting worker for "@nx/angular/plugin"
[isolated-plugin] spawned worker for "@nx/angular/plugin" (pid: 812303, socket: /tmp/plugin804856-64-834509.172306.sock)
[plugin-client] restarting worker for "nx/js/dependencies-and-lockfile"
[isolated-plugin] spawned worker for "nx/js/dependencies-and-lockfile" (pid: 812305, socket: /tmp/plugin804856-65-834522.521169.sock)
[plugin-client] restarting worker for "nx/core/package-json"
[isolated-plugin] spawned worker for "nx/core/package-json" (pid: 812311, socket: /tmp/plugin804856-66-834531.623179.sock)
[plugin-client] restarting worker for "nx/core/project-json"
[isolated-plugin] spawned worker for "nx/core/project-json" (pid: 812317, socket: /tmp/plugin804856-67-834542.039476.sock)
[NX v22.7.2 Daemon Server] - 2026-08-09T19:20:23.344Z - Time taken for 'hash changed files from watcher' 0.464075000025332ms
[plugin-worker] "@nx/angular/plugin" (pid: 812303) listening on /tmp/plugin804856-64-834509.172306.sock
[plugin-worker] "nx/js/dependencies-and-lockfile" (pid: 812305) listening on /tmp/plugin804856-65-834522.521169.sock
Time taken for 'plugin worker 812303 code loading' 127.893601ms
Time taken for 'plugin worker 812305 code loading' 120.51840500000002ms
[isolated-plugin] connected to worker for "@nx/angular/plugin" (pid: 812303)
[NX v22.7.2 Daemon Server] - 2026-08-09T19:20:23.520Z - Time taken for 'start-plugin-worker:@nx/angular/plugin' 217.12303100002464ms
[plugin-worker] "@nx/angular/plugin" (pid: 812303) connected
[isolated-plugin] connected to worker for "nx/js/dependencies-and-lockfile" (pid: 812305)
[NX v22.7.2 Daemon Server] - 2026-08-09T19:20:23.523Z - Time taken for 'start-plugin-worker:nx/js/dependencies-and-lockfile' 206.84490000002552ms
[plugin-worker] "nx/js/dependencies-and-lockfile" (pid: 812305) connected
[plugin-worker] "nx/core/package-json" (pid: 812311) listening on /tmp/plugin804856-66-834531.623179.sock
Time taken for 'plugin worker 812311 code loading' 127.040445ms
[isolated-plugin] connected to worker for "nx/core/package-json" (pid: 812311)
[NX v22.7.2 Daemon Server] - 2026-08-09T19:20:23.534Z - Time taken for 'start-plugin-worker:nx/core/package-json' 208.82656600000337ms
[plugin-worker] "nx/core/package-json" (pid: 812311) connected
[plugin-worker] "nx/core/project-json" (pid: 812317) listening on /tmp/plugin804856-67-834542.039476.sock
Time taken for 'plugin worker 812317 code loading' 131.787362ms
[isolated-plugin] connected to worker for "nx/core/project-json" (pid: 812317)
[NX v22.7.2 Daemon Server] - 2026-08-09T19:20:23.544Z - Time taken for 'start-plugin-worker:nx/core/project-json' 209.0975000000326ms
[plugin-worker] "nx/core/project-json" (pid: 812317) connected
[plugin-worker] "nx/js/dependencies-and-lockfile" (pid: 812305) loaded successfully
[plugin-worker] "nx/core/package-json" (pid: 812311) loaded successfully
[plugin-worker] "nx/core/project-json" (pid: 812317) loaded successfully
[isolated-plugin] shutting down worker for "nx/core/package-json" after createNodes
[isolated-plugin] shutting down worker for "nx/core/project-json" after createNodes
Time taken for 'nx/js/dependencies-and-lockfile:createNodes' 20.277068999999983ms
[plugin-worker] "@nx/angular/plugin" (pid: 812303) loaded successfully
[NX v22.7.2 Daemon Server] - 2026-08-09T19:20:23.672Z - Established a connection. Number of open connections: 1
[NX v22.7.2 Daemon Server] - 2026-08-09T19:20:23.674Z - Closed a connection. Number of open connections: 0
[NX v22.7.2 Daemon Server] - 2026-08-09T19:20:23.674Z - Established a connection. Number of open connections: 1
[NX v22.7.2 Daemon Client] - 2026-08-09T19:20:23.674Z - [Messenger] Setting up socket listeners
[NX v22.7.2 Daemon Client] - 2026-08-09T19:20:23.675Z - [Messenger] listen() complete
[NX v22.7.2 Daemon Client] - 2026-08-09T19:20:23.765Z - [Messenger] Sending message type: HASH_GLOB
[NX v22.7.2 Daemon Client] - 2026-08-09T19:20:23.766Z - [Messenger] Message sent
Time taken for 'daemon-message-serialization-HASH_GLOB' 0.08452399999998761ms
[NX v22.7.2 Daemon Server] - 2026-08-09T19:20:23.771Z - Received raw message of length 73
[NX v22.7.2 Daemon Server] - 2026-08-09T19:20:23.771Z - Received json message of type HASH_GLOB
[NX v22.7.2 Daemon Server] - 2026-08-09T19:20:23.774Z - Serializing response for HASH_GLOB message in json mode
[NX v22.7.2 Daemon Server] - 2026-08-09T19:20:23.774Z - Responding to HASH_GLOB message
[NX v22.7.2 Daemon Server] - 2026-08-09T19:20:23.774Z - [REQUEST]: Responding to the client. handleHashGlob
[NX v22.7.2 Daemon Server] - 2026-08-09T19:20:23.774Z - Done responding to the client handleHashGlob
[NX v22.7.2 Daemon Server] - 2026-08-09T19:20:23.774Z - Handled json message HASH_GLOB. Handling time: 3. Response time: 0.
[NX v22.7.2 Daemon Client] - 2026-08-09T19:20:23.775Z - [Messenger] Received message, length: 22
[isolated-plugin] shutting down worker for "@nx/angular/plugin" after createNodes
Unable to find local plugin [] Map(0) {}
Unable to find local plugin [] Map(0) {}
[NX v22.7.2 Daemon Server] - 2026-08-09T19:20:23.788Z - Time taken for 'build-project-configs' 477.6159259999404ms
[NX v22.7.2 Daemon Server] - 2026-08-09T19:20:23.790Z - Time taken for 'createNodes:merge' 2.2279379999963567ms
[NX v22.7.2 Daemon Server] - 2026-08-09T19:20:23.790Z - Time taken for 'get-all-workspace-files' 0.1869060000171885ms
[isolated-plugin] shutting down worker for "nx/js/dependencies-and-lockfile" after createDependencies
[NX v22.7.2 Daemon Server] - 2026-08-09T19:20:23.833Z - [SYNC]: collect registered sync generators
[NX v22.7.2 Daemon Server] - 2026-08-09T19:20:23.837Z - [SYNC]: project graph hash is the same, not collecting task sync generators
[NX v22.7.2 Daemon Server] - 2026-08-09T19:20:23.838Z - [SYNC]: nx.json hash is the same, not collecting global sync generators
[NX v22.7.2 Daemon Server] - 2026-08-09T19:20:23.838Z - Time taken for 'total execution time for createProjectGraph()' 41.14685299992561ms
[NX v22.7.2 Daemon Server] - 2026-08-09T19:20:23.838Z - Time taken for 'createDependencies' 37.62928799993824ms
[NX v22.7.2 Daemon Server] - 2026-08-09T19:20:23.839Z - Time taken for 'nx/js/dependencies-and-lockfile:createDependencies' 37.48358899995219ms
[NX v22.7.2 Daemon Server] - 2026-08-09T19:20:23.839Z - Time taken for 'createMetadata' 0.011972000007517636ms
[NX v22.7.2 Daemon Server] - 2026-08-09T19:20:23.839Z - Time taken for 'serialize graph' 11.249210000038147ms
[NX v22.7.2 Daemon Server] - 2026-08-09T19:20:23.846Z - Closed a connection. Number of open connections: 0
[NX v22.7.2 Daemon Server] - 2026-08-09T19:20:52.447Z - [WATCHER]: packages/portal/angular.json was deleted
[NX v22.7.2 Daemon Server] - 2026-08-09T19:20:52.447Z - [WATCHER]: File changes detected:
Created:
(none)
Updated:
(none)
Deleted:
  - packages/portal/angular.json
[NX v22.7.2 Daemon Server] - 2026-08-09T19:20:52.447Z - [SYNC]: clearing sync generators cache due to file changes
[NX v22.7.2 Daemon Server] - 2026-08-09T19:20:52.447Z - [WATCHER]: Processing file changes in outputs
[NX v22.7.2 Daemon Server] - 2026-08-09T19:20:52.848Z - [REQUEST]: Updated workspace context based on watched changes, recomputing project graph...
[NX v22.7.2 Daemon Server] - 2026-08-09T19:20:52.848Z - [REQUEST]: 
[NX v22.7.2 Daemon Server] - 2026-08-09T19:20:52.848Z - [REQUEST]: packages/portal/angular.json
[plugin-client] restarting worker for "@nx/angular/plugin"
[isolated-plugin] spawned worker for "@nx/angular/plugin" (pid: 812551, socket: /tmp/plugin804856-68-864072.488911.sock)
[plugin-client] restarting worker for "nx/js/dependencies-and-lockfile"
[isolated-plugin] spawned worker for "nx/js/dependencies-and-lockfile" (pid: 812552, socket: /tmp/plugin804856-69-864082.630144.sock)
[plugin-client] restarting worker for "nx/core/package-json"
[isolated-plugin] spawned worker for "nx/core/package-json" (pid: 812558, socket: /tmp/plugin804856-70-864092.293987.sock)
[plugin-client] restarting worker for "nx/core/project-json"
[isolated-plugin] spawned worker for "nx/core/project-json" (pid: 812564, socket: /tmp/plugin804856-71-864102.737054.sock)
[NX v22.7.2 Daemon Server] - 2026-08-09T19:20:52.902Z - Time taken for 'hash changed files from watcher' 0.5285530000692233ms
[plugin-worker] "@nx/angular/plugin" (pid: 812551) listening on /tmp/plugin804856-68-864072.488911.sock
[plugin-worker] "nx/js/dependencies-and-lockfile" (pid: 812552) listening on /tmp/plugin804856-69-864082.630144.sock
Time taken for 'plugin worker 812551 code loading' 140.653605ms
Time taken for 'plugin worker 812552 code loading' 137.122248ms
[isolated-plugin] connected to worker for "@nx/angular/plugin" (pid: 812551)
[isolated-plugin] connected to worker for "nx/js/dependencies-and-lockfile" (pid: 812552)
[NX v22.7.2 Daemon Server] - 2026-08-09T19:20:53.079Z - Time taken for 'start-plugin-worker:@nx/angular/plugin' 216.61089300003368ms
[NX v22.7.2 Daemon Server] - 2026-08-09T19:20:53.079Z - Time taken for 'start-plugin-worker:nx/js/dependencies-and-lockfile' 206.63282499997877ms
[plugin-worker] "nx/js/dependencies-and-lockfile" (pid: 812552) connected
[plugin-worker] "@nx/angular/plugin" (pid: 812551) connected
[plugin-worker] "nx/core/package-json" (pid: 812558) listening on /tmp/plugin804856-70-864092.293987.sock
[plugin-worker] "nx/core/project-json" (pid: 812564) listening on /tmp/plugin804856-71-864102.737054.sock
Time taken for 'plugin worker 812558 code loading' 125.542921ms
Time taken for 'plugin worker 812564 code loading' 129.04092699999998ms
[isolated-plugin] connected to worker for "nx/core/project-json" (pid: 812564)
[isolated-plugin] connected to worker for "nx/core/package-json" (pid: 812558)
[NX v22.7.2 Daemon Server] - 2026-08-09T19:20:53.089Z - Time taken for 'start-plugin-worker:nx/core/package-json' 207.00073099997826ms
[NX v22.7.2 Daemon Server] - 2026-08-09T19:20:53.089Z - Time taken for 'start-plugin-worker:nx/core/project-json' 196.46458899998106ms
[plugin-worker] "nx/core/package-json" (pid: 812558) connected
[plugin-worker] "nx/core/project-json" (pid: 812564) connected
[plugin-worker] "nx/js/dependencies-and-lockfile" (pid: 812552) loaded successfully
[plugin-worker] "nx/core/package-json" (pid: 812558) loaded successfully
[plugin-worker] "nx/core/project-json" (pid: 812564) loaded successfully
[isolated-plugin] shutting down worker for "nx/core/project-json" after createNodes
[isolated-plugin] shutting down worker for "nx/core/package-json" after createNodes
Time taken for 'nx/js/dependencies-and-lockfile:createNodes' 24.164534000000003ms
[plugin-worker] "@nx/angular/plugin" (pid: 812551) loaded successfully
[isolated-plugin] shutting down worker for "@nx/angular/plugin" after createNodes
Unable to find local plugin [] Map(0) {}
Unable to find local plugin [] Map(0) {}
[NX v22.7.2 Daemon Server] - 2026-08-09T19:20:53.277Z - Time taken for 'build-project-configs' 404.3620949999895ms
[NX v22.7.2 Daemon Server] - 2026-08-09T19:20:53.278Z - Time taken for 'createNodes:merge' 2.8117479999782518ms
[NX v22.7.2 Daemon Server] - 2026-08-09T19:20:53.278Z - Time taken for 'native-file-deps' 0.0040420000441372395ms
[NX v22.7.2 Daemon Server] - 2026-08-09T19:20:53.278Z - Time taken for 'get-workspace-files' 2.363037999952212ms
[NX v22.7.2 Daemon Server] - 2026-08-09T19:20:53.278Z - Time taken for 'get-all-workspace-files' 0.10325399995781481ms
Time taken for 'build typescript dependencies' 0.466226000000006ms
[isolated-plugin] shutting down worker for "nx/js/dependencies-and-lockfile" after createDependencies
[NX v22.7.2 Daemon Server] - 2026-08-09T19:20:53.306Z - [SYNC]: collect registered sync generators
[NX v22.7.2 Daemon Server] - 2026-08-09T19:20:53.307Z - [SYNC]: nx.json hash is the same, not collecting global sync generators
[NX v22.7.2 Daemon Server] - 2026-08-09T19:20:53.308Z - Time taken for 'total execution time for createProjectGraph()' 32.07119699998293ms
[NX v22.7.2 Daemon Server] - 2026-08-09T19:20:53.309Z - Time taken for 'createDependencies' 26.71069500001613ms
[NX v22.7.2 Daemon Server] - 2026-08-09T19:20:53.309Z - Time taken for 'nx/js/dependencies-and-lockfile:createDependencies' 26.52102400001604ms
[NX v22.7.2 Daemon Server] - 2026-08-09T19:20:53.309Z - Time taken for 'createMetadata' 0.011531000025570393ms
[NX v22.7.2 Daemon Server] - 2026-08-09T19:20:53.309Z - Time taken for 'serialize graph' 5.320734999957494ms
[NX v22.7.2 Daemon Server] - 2026-08-09T19:21:16.344Z - [WATCHER]: packages/portal/project.json was modified
[NX v22.7.2 Daemon Server] - 2026-08-09T19:21:16.344Z - [WATCHER]: File changes detected:
Created:
(none)
Updated:
  - packages/portal/project.json
Deleted:
(none)
[NX v22.7.2 Daemon Server] - 2026-08-09T19:21:16.344Z - [SYNC]: clearing sync generators cache due to file changes
[NX v22.7.2 Daemon Server] - 2026-08-09T19:21:16.344Z - [WATCHER]: Processing file changes in outputs
[NX v22.7.2 Daemon Server] - 2026-08-09T19:21:17.145Z - [REQUEST]: Updated workspace context based on watched changes, recomputing project graph...
[NX v22.7.2 Daemon Server] - 2026-08-09T19:21:17.145Z - [REQUEST]: packages/portal/project.json
[NX v22.7.2 Daemon Server] - 2026-08-09T19:21:17.145Z - [REQUEST]: 
[plugin-client] restarting worker for "@nx/angular/plugin"
[isolated-plugin] spawned worker for "@nx/angular/plugin" (pid: 812928, socket: /tmp/plugin804856-72-888373.459285.sock)
[plugin-client] restarting worker for "nx/js/dependencies-and-lockfile"
[isolated-plugin] spawned worker for "nx/js/dependencies-and-lockfile" (pid: 812929, socket: /tmp/plugin804856-73-888388.142425.sock)
[plugin-client] restarting worker for "nx/core/package-json"
[isolated-plugin] spawned worker for "nx/core/package-json" (pid: 812935, socket: /tmp/plugin804856-74-888397.179606.sock)
[plugin-client] restarting worker for "nx/core/project-json"
[isolated-plugin] spawned worker for "nx/core/project-json" (pid: 812941, socket: /tmp/plugin804856-75-888406.822972.sock)
[NX v22.7.2 Daemon Server] - 2026-08-09T19:21:17.202Z - Time taken for 'hash changed files from watcher' 0.46996300003957003ms
[plugin-worker] "@nx/angular/plugin" (pid: 812928) listening on /tmp/plugin804856-72-888373.459285.sock
Time taken for 'plugin worker 812928 code loading' 130.766463ms
[isolated-plugin] connected to worker for "@nx/angular/plugin" (pid: 812928)
[NX v22.7.2 Daemon Server] - 2026-08-09T19:21:17.366Z - Time taken for 'start-plugin-worker:@nx/angular/plugin' 205.5607869999949ms
[plugin-worker] "@nx/angular/plugin" (pid: 812928) connected
[plugin-worker] "nx/js/dependencies-and-lockfile" (pid: 812929) listening on /tmp/plugin804856-73-888388.142425.sock
Time taken for 'plugin worker 812929 code loading' 138.283096ms
[isolated-plugin] connected to worker for "nx/js/dependencies-and-lockfile" (pid: 812929)
[NX v22.7.2 Daemon Server] - 2026-08-09T19:21:17.375Z - Time taken for 'start-plugin-worker:nx/js/dependencies-and-lockfile' 200.48391199996695ms
[plugin-worker] "nx/js/dependencies-and-lockfile" (pid: 812929) connected
[plugin-worker] "nx/core/package-json" (pid: 812935) listening on /tmp/plugin804856-74-888397.179606.sock
Time taken for 'plugin worker 812935 code loading' 142.340252ms
[isolated-plugin] connected to worker for "nx/core/package-json" (pid: 812935)
[NX v22.7.2 Daemon Server] - 2026-08-09T19:21:17.386Z - Time taken for 'start-plugin-worker:nx/core/package-json' 201.55379300005734ms
[plugin-worker] "nx/core/package-json" (pid: 812935) connected
[plugin-worker] "nx/core/project-json" (pid: 812941) listening on /tmp/plugin804856-75-888406.822972.sock
[isolated-plugin] connected to worker for "nx/core/project-json" (pid: 812941)
[NX v22.7.2 Daemon Server] - 2026-08-09T19:21:17.407Z - Time taken for 'start-plugin-worker:nx/core/project-json' 212.6654339999659ms
[plugin-worker] "nx/core/project-json" (pid: 812941) connected
Time taken for 'plugin worker 812941 code loading' 158.096148ms
[plugin-worker] "nx/js/dependencies-and-lockfile" (pid: 812929) loaded successfully
[plugin-worker] "nx/core/package-json" (pid: 812935) loaded successfully
[plugin-worker] "nx/core/project-json" (pid: 812941) loaded successfully
[isolated-plugin] shutting down worker for "nx/core/package-json" after createNodes
[isolated-plugin] shutting down worker for "nx/core/project-json" after createNodes
Time taken for 'nx/js/dependencies-and-lockfile:createNodes' 24.93433600000003ms
[plugin-worker] "@nx/angular/plugin" (pid: 812928) loaded successfully
[isolated-plugin] shutting down worker for "@nx/angular/plugin" after createNodes
[NX v22.7.2 Daemon Server] - 2026-08-09T19:21:17.549Z - Time taken for 'build-project-configs' 377.95810100005474ms
[NX v22.7.2 Daemon Server] - 2026-08-09T19:21:17.550Z - Time taken for 'createNodes:merge' 10.034515999956056ms
[NX v22.7.2 Daemon Server] - 2026-08-09T19:21:17.550Z - Time taken for 'native-file-deps' 0.005217000027187169ms
[NX v22.7.2 Daemon Server] - 2026-08-09T19:21:17.550Z - Time taken for 'get-workspace-files' 3.2151989999692887ms
[NX v22.7.2 Daemon Server] - 2026-08-09T19:21:17.550Z - Time taken for 'get-all-workspace-files' 0.10549900005571544ms
Time taken for 'build typescript dependencies' 11.646166999999991ms
[isolated-plugin] shutting down worker for "nx/js/dependencies-and-lockfile" after createDependencies
[NX v22.7.2 Daemon Server] - 2026-08-09T19:21:17.590Z - [SYNC]: collect registered sync generators
[NX v22.7.2 Daemon Server] - 2026-08-09T19:21:17.591Z - [SYNC]: nx.json hash is the same, not collecting global sync generators
[NX v22.7.2 Daemon Server] - 2026-08-09T19:21:17.591Z - Time taken for 'total execution time for createProjectGraph()' 43.01220600004308ms
[NX v22.7.2 Daemon Server] - 2026-08-09T19:21:17.591Z - Time taken for 'createDependencies' 38.24861700006295ms
[NX v22.7.2 Daemon Server] - 2026-08-09T19:21:17.591Z - Time taken for 'nx/js/dependencies-and-lockfile:createDependencies' 38.05746499996167ms
[NX v22.7.2 Daemon Server] - 2026-08-09T19:21:17.591Z - Time taken for 'createMetadata' 0.012768999906256795ms
[NX v22.7.2 Daemon Server] - 2026-08-09T19:21:17.591Z - Time taken for 'serialize graph' 6.2767669999739155ms
[NX v22.7.2 Daemon Server] - 2026-08-09T19:21:37.941Z - [WATCHER]: packages/portal/tsconfig.json was modified
[NX v22.7.2 Daemon Server] - 2026-08-09T19:21:37.941Z - [WATCHER]: File changes detected:
Created:
(none)
Updated:
  - packages/portal/tsconfig.json
Deleted:
(none)
[NX v22.7.2 Daemon Server] - 2026-08-09T19:21:37.941Z - [SYNC]: clearing sync generators cache due to file changes
[NX v22.7.2 Daemon Server] - 2026-08-09T19:21:37.942Z - [WATCHER]: Processing file changes in outputs
[NX v22.7.2 Daemon Server] - 2026-08-09T19:21:39.543Z - [REQUEST]: Updated workspace context based on watched changes, recomputing project graph...
[NX v22.7.2 Daemon Server] - 2026-08-09T19:21:39.544Z - [REQUEST]: packages/portal/tsconfig.json
[NX v22.7.2 Daemon Server] - 2026-08-09T19:21:39.544Z - [REQUEST]: 
[plugin-client] restarting worker for "@nx/angular/plugin"
[isolated-plugin] spawned worker for "@nx/angular/plugin" (pid: 813309, socket: /tmp/plugin804856-76-910772.886219.sock)
[plugin-client] restarting worker for "nx/js/dependencies-and-lockfile"
[isolated-plugin] spawned worker for "nx/js/dependencies-and-lockfile" (pid: 813311, socket: /tmp/plugin804856-77-910786.883384.sock)
[plugin-client] restarting worker for "nx/core/package-json"
[isolated-plugin] spawned worker for "nx/core/package-json" (pid: 813317, socket: /tmp/plugin804856-78-910797.543147.sock)
[plugin-client] restarting worker for "nx/core/project-json"
[isolated-plugin] spawned worker for "nx/core/project-json" (pid: 813322, socket: /tmp/plugin804856-79-910810.000482.sock)
[NX v22.7.2 Daemon Server] - 2026-08-09T19:21:39.607Z - Time taken for 'hash changed files from watcher' 0.7967209999915212ms
[plugin-worker] "@nx/angular/plugin" (pid: 813309) listening on /tmp/plugin804856-76-910772.886219.sock
Time taken for 'plugin worker 813309 code loading' 145.21748200000002ms
[isolated-plugin] connected to worker for "@nx/angular/plugin" (pid: 813309)
[NX v22.7.2 Daemon Server] - 2026-08-09T19:21:39.783Z - Time taken for 'start-plugin-worker:@nx/angular/plugin' 224.98672000004444ms
[plugin-worker] "@nx/angular/plugin" (pid: 813309) connected
[plugin-worker] "nx/js/dependencies-and-lockfile" (pid: 813311) listening on /tmp/plugin804856-77-910786.883384.sock
Time taken for 'plugin worker 813311 code loading' 213.82591900000003ms
[isolated-plugin] connected to worker for "nx/js/dependencies-and-lockfile" (pid: 813311)
[NX v22.7.2 Daemon Server] - 2026-08-09T19:21:39.859Z - Time taken for 'start-plugin-worker:nx/js/dependencies-and-lockfile' 288.04217300005257ms
[plugin-worker] "nx/js/dependencies-and-lockfile" (pid: 813311) connected
[plugin-worker] "nx/core/project-json" (pid: 813322) listening on /tmp/plugin804856-79-910810.000482.sock
Time taken for 'plugin worker 813322 code loading' 281.648108ms
[isolated-plugin] connected to worker for "nx/core/project-json" (pid: 813322)
[NX v22.7.2 Daemon Server] - 2026-08-09T19:21:39.955Z - Time taken for 'start-plugin-worker:nx/core/project-json' 360.6757089999737ms
[plugin-worker] "nx/core/project-json" (pid: 813322) connected
[plugin-worker] "@nx/angular/plugin" (pid: 813309) loaded successfully
[isolated-plugin] shutting down worker for "@nx/angular/plugin" after createNodes
[isolated-plugin] connected to worker for "nx/core/package-json" (pid: 813317)
[NX v22.7.2 Daemon Server] - 2026-08-09T19:21:39.986Z - Time taken for 'start-plugin-worker:nx/core/package-json' 404.419516999973ms
[plugin-worker] "nx/core/package-json" (pid: 813317) listening on /tmp/plugin804856-78-910797.543147.sock
[plugin-worker] "nx/core/package-json" (pid: 813317) connected
Time taken for 'plugin worker 813317 code loading' 337.056912ms
[plugin-worker] "nx/core/project-json" (pid: 813322) loaded successfully
[isolated-plugin] shutting down worker for "nx/core/project-json" after createNodes
[plugin-worker] "nx/js/dependencies-and-lockfile" (pid: 813311) loaded successfully
[plugin-worker] "nx/core/package-json" (pid: 813317) loaded successfully
[isolated-plugin] shutting down worker for "nx/core/package-json" after createNodes
Time taken for 'nx/js/dependencies-and-lockfile:createNodes' 76.21074000000004ms
[NX v22.7.2 Daemon Server] - 2026-08-09T19:21:40.166Z - Time taken for 'build-project-configs' 599.3407359999837ms
[NX v22.7.2 Daemon Server] - 2026-08-09T19:21:40.166Z - Time taken for 'createNodes:merge' 2.3898259999696165ms
[NX v22.7.2 Daemon Server] - 2026-08-09T19:21:40.166Z - Time taken for 'get-all-workspace-files' 0.1364550000289455ms
Time taken for 'build typescript dependencies' 8.66137900000001ms
[isolated-plugin] shutting down worker for "nx/js/dependencies-and-lockfile" after createDependencies
[NX v22.7.2 Daemon Server] - 2026-08-09T19:21:40.201Z - [SYNC]: collect registered sync generators
[NX v22.7.2 Daemon Server] - 2026-08-09T19:21:40.201Z - [SYNC]: project graph hash is the same, not collecting task sync generators
[NX v22.7.2 Daemon Server] - 2026-08-09T19:21:40.201Z - [SYNC]: nx.json hash is the same, not collecting global sync generators
[NX v22.7.2 Daemon Server] - 2026-08-09T19:21:40.202Z - Time taken for 'total execution time for createProjectGraph()' 38.34841800003778ms
[NX v22.7.2 Daemon Server] - 2026-08-09T19:21:40.202Z - Time taken for 'createDependencies' 33.093999000033364ms
[NX v22.7.2 Daemon Server] - 2026-08-09T19:21:40.202Z - Time taken for 'nx/js/dependencies-and-lockfile:createDependencies' 32.85720199998468ms
[NX v22.7.2 Daemon Server] - 2026-08-09T19:21:40.202Z - Time taken for 'createMetadata' 0.010706000030040741ms
[NX v22.7.2 Daemon Server] - 2026-08-09T19:21:40.202Z - Time taken for 'serialize graph' 5.465267000021413ms
[NX v22.7.2 Daemon Server] - 2026-08-09T19:21:52.562Z - [WATCHER]: packages/portal/tsconfig.json was modified
[NX v22.7.2 Daemon Server] - 2026-08-09T19:21:52.562Z - [WATCHER]: File changes detected:
Created:
(none)
Updated:
  - packages/portal/tsconfig.json
Deleted:
(none)
[NX v22.7.2 Daemon Server] - 2026-08-09T19:21:52.562Z - [SYNC]: clearing sync generators cache due to file changes
[NX v22.7.2 Daemon Server] - 2026-08-09T19:21:52.562Z - [WATCHER]: Processing file changes in outputs
[NX v22.7.2 Daemon Server] - 2026-08-09T19:21:55.763Z - [REQUEST]: Updated workspace context based on watched changes, recomputing project graph...
[NX v22.7.2 Daemon Server] - 2026-08-09T19:21:55.763Z - [REQUEST]: packages/portal/tsconfig.json
[NX v22.7.2 Daemon Server] - 2026-08-09T19:21:55.763Z - [REQUEST]: 
[plugin-client] restarting worker for "@nx/angular/plugin"
[isolated-plugin] spawned worker for "@nx/angular/plugin" (pid: 813666, socket: /tmp/plugin804856-80-926991.998298.sock)
[plugin-client] restarting worker for "nx/js/dependencies-and-lockfile"
[isolated-plugin] spawned worker for "nx/js/dependencies-and-lockfile" (pid: 813667, socket: /tmp/plugin804856-81-927007.21915.sock)
[plugin-client] restarting worker for "nx/core/package-json"
[isolated-plugin] spawned worker for "nx/core/package-json" (pid: 813673, socket: /tmp/plugin804856-82-927022.648417.sock)
[plugin-client] restarting worker for "nx/core/project-json"
[isolated-plugin] spawned worker for "nx/core/project-json" (pid: 813679, socket: /tmp/plugin804856-83-927032.719407.sock)
[NX v22.7.2 Daemon Server] - 2026-08-09T19:21:55.828Z - Time taken for 'hash changed files from watcher' 0.5069979999680072ms
[plugin-worker] "nx/js/dependencies-and-lockfile" (pid: 813667) listening on /tmp/plugin804856-81-927007.21915.sock
Time taken for 'plugin worker 813667 code loading' 126.749249ms
[isolated-plugin] connected to worker for "nx/js/dependencies-and-lockfile" (pid: 813667)
[NX v22.7.2 Daemon Server] - 2026-08-09T19:21:55.991Z - Time taken for 'start-plugin-worker:nx/js/dependencies-and-lockfile' 199.08464300003834ms
[plugin-worker] "nx/js/dependencies-and-lockfile" (pid: 813667) connected
[plugin-worker] "@nx/angular/plugin" (pid: 813666) listening on /tmp/plugin804856-80-926991.998298.sock
Time taken for 'plugin worker 813666 code loading' 151.777701ms
[isolated-plugin] connected to worker for "@nx/angular/plugin" (pid: 813666)
[NX v22.7.2 Daemon Server] - 2026-08-09T19:21:56.011Z - Time taken for 'start-plugin-worker:@nx/angular/plugin' 234.86046899994835ms
[plugin-worker] "@nx/angular/plugin" (pid: 813666) connected
[plugin-worker] "nx/js/dependencies-and-lockfile" (pid: 813667) loaded successfully
Time taken for 'nx/js/dependencies-and-lockfile:createNodes' 18.81219900000002ms
[plugin-worker] "nx/core/package-json" (pid: 813673) listening on /tmp/plugin804856-82-927022.648417.sock
Time taken for 'plugin worker 813673 code loading' 173.389554ms
[isolated-plugin] connected to worker for "nx/core/package-json" (pid: 813673)
[NX v22.7.2 Daemon Server] - 2026-08-09T19:21:56.086Z - Time taken for 'start-plugin-worker:nx/core/package-json' 279.0730789999943ms
[plugin-worker] "nx/core/package-json" (pid: 813673) connected
[plugin-worker] "nx/core/project-json" (pid: 813679) listening on /tmp/plugin804856-83-927032.719407.sock
[isolated-plugin] connected to worker for "nx/core/project-json" (pid: 813679)
[NX v22.7.2 Daemon Server] - 2026-08-09T19:21:56.107Z - Time taken for 'start-plugin-worker:nx/core/project-json' 290.18759400001727ms
Time taken for 'plugin worker 813679 code loading' 130.469268ms
[plugin-worker] "nx/core/project-json" (pid: 813679) connected
[plugin-worker] "nx/core/package-json" (pid: 813673) loaded successfully
[isolated-plugin] shutting down worker for "nx/core/package-json" after createNodes
[plugin-worker] "@nx/angular/plugin" (pid: 813666) loaded successfully
[isolated-plugin] shutting down worker for "@nx/angular/plugin" after createNodes
[plugin-worker] "nx/core/project-json" (pid: 813679) loaded successfully
[isolated-plugin] shutting down worker for "nx/core/project-json" after createNodes
[NX v22.7.2 Daemon Server] - 2026-08-09T19:21:56.243Z - Time taken for 'build-project-configs' 457.85700600000564ms
[NX v22.7.2 Daemon Server] - 2026-08-09T19:21:56.243Z - Time taken for 'createNodes:merge' 1.6842490000417456ms
[NX v22.7.2 Daemon Server] - 2026-08-09T19:21:56.243Z - Time taken for 'get-all-workspace-files' 0.10047200007829815ms
Time taken for 'build typescript dependencies' 9.789312999999993ms
[isolated-plugin] shutting down worker for "nx/js/dependencies-and-lockfile" after createDependencies
[NX v22.7.2 Daemon Server] - 2026-08-09T19:21:56.298Z - [SYNC]: collect registered sync generators
[NX v22.7.2 Daemon Server] - 2026-08-09T19:21:56.299Z - [SYNC]: project graph hash is the same, not collecting task sync generators
[NX v22.7.2 Daemon Server] - 2026-08-09T19:21:56.299Z - [SYNC]: nx.json hash is the same, not collecting global sync generators
[NX v22.7.2 Daemon Server] - 2026-08-09T19:21:56.299Z - Time taken for 'total execution time for createProjectGraph()' 45.68247200001497ms
[NX v22.7.2 Daemon Server] - 2026-08-09T19:21:56.299Z - Time taken for 'createDependencies' 41.11474900005851ms
[NX v22.7.2 Daemon Server] - 2026-08-09T19:21:56.299Z - Time taken for 'nx/js/dependencies-and-lockfile:createDependencies' 40.949401999940164ms
[NX v22.7.2 Daemon Server] - 2026-08-09T19:21:56.299Z - Time taken for 'createMetadata' 0.011239000014029443ms
[NX v22.7.2 Daemon Server] - 2026-08-09T19:21:56.299Z - Time taken for 'serialize graph' 18.52658700000029ms
[NX v22.7.2 Daemon Server] - 2026-08-09T19:21:57.715Z - [WATCHER]: packages/portal/tsconfig.project.json was deleted
[NX v22.7.2 Daemon Server] - 2026-08-09T19:21:57.715Z - [WATCHER]: File changes detected:
Created:
(none)
Updated:
(none)
Deleted:
  - packages/portal/tsconfig.project.json
[NX v22.7.2 Daemon Server] - 2026-08-09T19:21:57.715Z - [SYNC]: clearing sync generators cache due to file changes
[NX v22.7.2 Daemon Server] - 2026-08-09T19:21:57.715Z - [WATCHER]: Processing file changes in outputs
[NX v22.7.2 Daemon Server] - 2026-08-09T19:22:04.116Z - [REQUEST]: Updated workspace context based on watched changes, recomputing project graph...
[NX v22.7.2 Daemon Server] - 2026-08-09T19:22:04.117Z - [REQUEST]: 
[NX v22.7.2 Daemon Server] - 2026-08-09T19:22:04.117Z - [REQUEST]: packages/portal/tsconfig.project.json
[plugin-client] restarting worker for "@nx/angular/plugin"
[isolated-plugin] spawned worker for "@nx/angular/plugin" (pid: 813825, socket: /tmp/plugin804856-84-935343.521076.sock)
[plugin-client] restarting worker for "nx/js/dependencies-and-lockfile"
[isolated-plugin] spawned worker for "nx/js/dependencies-and-lockfile" (pid: 813827, socket: /tmp/plugin804856-85-935357.03113.sock)
[plugin-client] restarting worker for "nx/core/package-json"
[isolated-plugin] spawned worker for "nx/core/package-json" (pid: 813835, socket: /tmp/plugin804856-86-935366.548484.sock)
[plugin-client] restarting worker for "nx/core/project-json"
[isolated-plugin] spawned worker for "nx/core/project-json" (pid: 813842, socket: /tmp/plugin804856-87-935377.045838.sock)
[NX v22.7.2 Daemon Server] - 2026-08-09T19:22:04.170Z - Time taken for 'hash changed files from watcher' 0.27909399999771267ms
[plugin-worker] "@nx/angular/plugin" (pid: 813825) listening on /tmp/plugin804856-84-935343.521076.sock
Time taken for 'plugin worker 813825 code loading' 132.08112ms
[isolated-plugin] connected to worker for "@nx/angular/plugin" (pid: 813825)
[NX v22.7.2 Daemon Server] - 2026-08-09T19:22:04.325Z - Time taken for 'start-plugin-worker:@nx/angular/plugin' 197.61328399996273ms
[plugin-worker] "@nx/angular/plugin" (pid: 813825) connected
[plugin-worker] "nx/core/package-json" (pid: 813835) listening on /tmp/plugin804856-86-935366.548484.sock
Time taken for 'plugin worker 813835 code loading' 128.318394ms
[isolated-plugin] connected to worker for "nx/core/package-json" (pid: 813835)
[NX v22.7.2 Daemon Server] - 2026-08-09T19:22:04.336Z - Time taken for 'start-plugin-worker:nx/core/package-json' 184.82538099994417ms
[plugin-worker] "nx/js/dependencies-and-lockfile" (pid: 813827) listening on /tmp/plugin804856-85-935357.03113.sock
[plugin-worker] "nx/core/package-json" (pid: 813835) connected
Time taken for 'plugin worker 813827 code loading' 128.697331ms
[isolated-plugin] connected to worker for "nx/js/dependencies-and-lockfile" (pid: 813827)
[NX v22.7.2 Daemon Server] - 2026-08-09T19:22:04.347Z - Time taken for 'start-plugin-worker:nx/js/dependencies-and-lockfile' 205.41089599998668ms
[plugin-worker] "nx/js/dependencies-and-lockfile" (pid: 813827) connected
[plugin-worker] "nx/core/project-json" (pid: 813842) listening on /tmp/plugin804856-87-935377.045838.sock
Time taken for 'plugin worker 813842 code loading' 130.395668ms
[isolated-plugin] connected to worker for "nx/core/project-json" (pid: 813842)
[NX v22.7.2 Daemon Server] - 2026-08-09T19:22:04.357Z - Time taken for 'start-plugin-worker:nx/core/project-json' 195.565287000034ms
[plugin-worker] "nx/core/project-json" (pid: 813842) connected
[plugin-worker] "nx/core/package-json" (pid: 813835) loaded successfully
[isolated-plugin] shutting down worker for "nx/core/package-json" after createNodes
[plugin-worker] "nx/js/dependencies-and-lockfile" (pid: 813827) loaded successfully
[plugin-worker] "nx/core/project-json" (pid: 813842) loaded successfully
[isolated-plugin] shutting down worker for "nx/core/project-json" after createNodes
Time taken for 'nx/js/dependencies-and-lockfile:createNodes' 18.108003000000025ms
[plugin-worker] "@nx/angular/plugin" (pid: 813825) loaded successfully
[isolated-plugin] shutting down worker for "@nx/angular/plugin" after createNodes
[NX v22.7.2 Daemon Server] - 2026-08-09T19:22:04.485Z - Time taken for 'build-project-configs' 349.8892620000988ms
[NX v22.7.2 Daemon Server] - 2026-08-09T19:22:04.485Z - Time taken for 'createNodes:merge' 1.4272199999541044ms
[NX v22.7.2 Daemon Server] - 2026-08-09T19:22:04.485Z - Time taken for 'get-all-workspace-files' 0.088899000082165ms
Time taken for 'build typescript dependencies' 0.3944940000000088ms
[isolated-plugin] shutting down worker for "nx/js/dependencies-and-lockfile" after createDependencies
[NX v22.7.2 Daemon Server] - 2026-08-09T19:22:04.512Z - [SYNC]: collect registered sync generators
[NX v22.7.2 Daemon Server] - 2026-08-09T19:22:04.513Z - [SYNC]: project graph hash is the same, not collecting task sync generators
[NX v22.7.2 Daemon Server] - 2026-08-09T19:22:04.513Z - [SYNC]: nx.json hash is the same, not collecting global sync generators
[NX v22.7.2 Daemon Server] - 2026-08-09T19:22:04.513Z - Time taken for 'total execution time for createProjectGraph()' 28.640221999958158ms
[NX v22.7.2 Daemon Server] - 2026-08-09T19:22:04.513Z - Time taken for 'createDependencies' 24.752543999929912ms
[NX v22.7.2 Daemon Server] - 2026-08-09T19:22:04.513Z - Time taken for 'nx/js/dependencies-and-lockfile:createDependencies' 24.574889000039548ms
[NX v22.7.2 Daemon Server] - 2026-08-09T19:22:04.513Z - Time taken for 'createMetadata' 0.012249000021256506ms
[NX v22.7.2 Daemon Server] - 2026-08-09T19:22:04.513Z - Time taken for 'serialize graph' 5.598396999994293ms
[NX v22.7.2 Daemon Server] - 2026-08-09T19:22:18.783Z - [WATCHER]: packages/portal/package.json was modified
[NX v22.7.2 Daemon Server] - 2026-08-09T19:22:18.784Z - [WATCHER]: File changes detected:
Created:
(none)
Updated:
  - packages/portal/package.json
Deleted:
(none)
[NX v22.7.2 Daemon Server] - 2026-08-09T19:22:18.784Z - [SYNC]: clearing sync generators cache due to file changes
[NX v22.7.2 Daemon Server] - 2026-08-09T19:22:18.784Z - [WATCHER]: Processing file changes in outputs
[NX v22.7.2 Daemon Server] - 2026-08-09T19:22:25.185Z - [REQUEST]: Updated workspace context based on watched changes, recomputing project graph...
[NX v22.7.2 Daemon Server] - 2026-08-09T19:22:25.185Z - [REQUEST]: packages/portal/package.json
[NX v22.7.2 Daemon Server] - 2026-08-09T19:22:25.185Z - [REQUEST]: 
[plugin-client] restarting worker for "@nx/angular/plugin"
[isolated-plugin] spawned worker for "@nx/angular/plugin" (pid: 814174, socket: /tmp/plugin804856-88-956417.146457.sock)
[plugin-client] restarting worker for "nx/js/dependencies-and-lockfile"
[isolated-plugin] spawned worker for "nx/js/dependencies-and-lockfile" (pid: 814175, socket: /tmp/plugin804856-89-956429.84366.sock)
[plugin-client] restarting worker for "nx/core/package-json"
[isolated-plugin] spawned worker for "nx/core/package-json" (pid: 814181, socket: /tmp/plugin804856-90-956438.881783.sock)
[plugin-client] restarting worker for "nx/core/project-json"
[isolated-plugin] spawned worker for "nx/core/project-json" (pid: 814187, socket: /tmp/plugin804856-91-956448.790529.sock)
[NX v22.7.2 Daemon Server] - 2026-08-09T19:22:25.239Z - Time taken for 'hash changed files from watcher' 0.40607000002637506ms
[plugin-worker] "@nx/angular/plugin" (pid: 814174) listening on /tmp/plugin804856-88-956417.146457.sock
[plugin-worker] "nx/core/package-json" (pid: 814181) listening on /tmp/plugin804856-90-956438.881783.sock
Time taken for 'plugin worker 814174 code loading' 136.057882ms
[plugin-worker] "nx/js/dependencies-and-lockfile" (pid: 814175) listening on /tmp/plugin804856-89-956429.84366.sock
[isolated-plugin] connected to worker for "@nx/angular/plugin" (pid: 814174)
[isolated-plugin] connected to worker for "nx/js/dependencies-and-lockfile" (pid: 814175)
[isolated-plugin] connected to worker for "nx/core/package-json" (pid: 814181)
[NX v22.7.2 Daemon Server] - 2026-08-09T19:22:25.404Z - Time taken for 'start-plugin-worker:@nx/angular/plugin' 205.1988849999616ms
[NX v22.7.2 Daemon Server] - 2026-08-09T19:22:25.404Z - Time taken for 'start-plugin-worker:nx/js/dependencies-and-lockfile' 193.10980099998415ms
[NX v22.7.2 Daemon Server] - 2026-08-09T19:22:25.404Z - Time taken for 'start-plugin-worker:nx/core/package-json' 183.91363899991848ms
Time taken for 'plugin worker 814181 code loading' 126.24887100000001ms
[plugin-worker] "@nx/angular/plugin" (pid: 814174) connected
[plugin-worker] "nx/js/dependencies-and-lockfile" (pid: 814175) connected
[plugin-worker] "nx/core/package-json" (pid: 814181) connected
Time taken for 'plugin worker 814175 code loading' 138.02284500000002ms
[plugin-worker] "nx/core/project-json" (pid: 814187) listening on /tmp/plugin804856-91-956448.790529.sock
Time taken for 'plugin worker 814187 code loading' 131.944698ms
[isolated-plugin] connected to worker for "nx/core/project-json" (pid: 814187)
[NX v22.7.2 Daemon Server] - 2026-08-09T19:22:25.422Z - Time taken for 'start-plugin-worker:nx/core/project-json' 191.6584589999402ms
[plugin-worker] "nx/core/project-json" (pid: 814187) connected
[plugin-worker] "nx/core/package-json" (pid: 814181) loaded successfully
[plugin-worker] "nx/js/dependencies-and-lockfile" (pid: 814175) loaded successfully
[plugin-worker] "nx/core/project-json" (pid: 814187) loaded successfully
[isolated-plugin] shutting down worker for "nx/core/package-json" after createNodes
[isolated-plugin] shutting down worker for "nx/core/project-json" after createNodes
Time taken for 'nx/js/dependencies-and-lockfile:createNodes' 18.25899400000003ms
[plugin-worker] "@nx/angular/plugin" (pid: 814174) loaded successfully
[isolated-plugin] shutting down worker for "@nx/angular/plugin" after createNodes
[NX v22.7.2 Daemon Server] - 2026-08-09T19:22:25.570Z - Time taken for 'build-project-configs' 355.20173600001726ms
[NX v22.7.2 Daemon Server] - 2026-08-09T19:22:25.570Z - Time taken for 'createNodes:merge' 1.973143000039272ms
[NX v22.7.2 Daemon Server] - 2026-08-09T19:22:25.570Z - Time taken for 'native-file-deps' 0.08830800000578165ms
[NX v22.7.2 Daemon Server] - 2026-08-09T19:22:25.570Z - Time taken for 'get-workspace-files' 7.211559999966994ms
[NX v22.7.2 Daemon Server] - 2026-08-09T19:22:25.570Z - Time taken for 'get-all-workspace-files' 0.16868000000249594ms
Time taken for 'build typescript dependencies' 11.179246999999975ms
[isolated-plugin] shutting down worker for "nx/js/dependencies-and-lockfile" after createDependencies
[NX v22.7.2 Daemon Server] - 2026-08-09T19:22:25.607Z - [SYNC]: collect registered sync generators
[NX v22.7.2 Daemon Server] - 2026-08-09T19:22:25.607Z - [SYNC]: nx.json hash is the same, not collecting global sync generators
[NX v22.7.2 Daemon Server] - 2026-08-09T19:22:25.608Z - Time taken for 'total execution time for createProjectGraph()' 40.5067229999695ms
[NX v22.7.2 Daemon Server] - 2026-08-09T19:22:25.608Z - Time taken for 'createDependencies' 34.978480999940075ms
[NX v22.7.2 Daemon Server] - 2026-08-09T19:22:25.608Z - Time taken for 'nx/js/dependencies-and-lockfile:createDependencies' 34.755277000018395ms
[NX v22.7.2 Daemon Server] - 2026-08-09T19:22:25.608Z - Time taken for 'createMetadata' 0.01377900002989918ms
[NX v22.7.2 Daemon Server] - 2026-08-09T19:22:25.608Z - Time taken for 'serialize graph' 5.180509999976493ms
[NX v22.7.2 Daemon Server] - 2026-08-09T19:22:44.870Z - [WATCHER]: packages/portal.package.json was created or restored
[NX v22.7.2 Daemon Server] - 2026-08-09T19:22:44.870Z - [WATCHER]: File changes detected:
Created:
  - packages/portal.package.json
Updated:
(none)
Deleted:
(none)
[NX v22.7.2 Daemon Server] - 2026-08-09T19:22:44.870Z - [SYNC]: clearing sync generators cache due to file changes
[NX v22.7.2 Daemon Server] - 2026-08-09T19:22:44.870Z - [WATCHER]: Processing file changes in outputs
[NX v22.7.2 Daemon Server] - 2026-08-09T19:22:44.971Z - [REQUEST]: Updated workspace context based on watched changes, recomputing project graph...
[NX v22.7.2 Daemon Server] - 2026-08-09T19:22:44.971Z - [REQUEST]: packages/portal.package.json
[NX v22.7.2 Daemon Server] - 2026-08-09T19:22:44.971Z - [REQUEST]: 
[plugin-client] restarting worker for "@nx/angular/plugin"
[isolated-plugin] spawned worker for "@nx/angular/plugin" (pid: 814419, socket: /tmp/plugin804856-92-976205.900871.sock)
[plugin-client] restarting worker for "nx/js/dependencies-and-lockfile"
[isolated-plugin] spawned worker for "nx/js/dependencies-and-lockfile" (pid: 814420, socket: /tmp/plugin804856-93-976216.610729.sock)
[plugin-client] restarting worker for "nx/core/package-json"
[isolated-plugin] spawned worker for "nx/core/package-json" (pid: 814426, socket: /tmp/plugin804856-94-976226.411893.sock)
[plugin-client] restarting worker for "nx/core/project-json"
[isolated-plugin] spawned worker for "nx/core/project-json" (pid: 814432, socket: /tmp/plugin804856-95-976237.025111.sock)
[NX v22.7.2 Daemon Server] - 2026-08-09T19:22:45.027Z - Time taken for 'hash changed files from watcher' 0.5147560000186786ms
[plugin-worker] "@nx/angular/plugin" (pid: 814419) listening on /tmp/plugin804856-92-976205.900871.sock
Time taken for 'plugin worker 814419 code loading' 129.394413ms
[plugin-worker] "nx/js/dependencies-and-lockfile" (pid: 814420) listening on /tmp/plugin804856-93-976216.610729.sock
Time taken for 'plugin worker 814420 code loading' 128.06199ms
[isolated-plugin] connected to worker for "@nx/angular/plugin" (pid: 814419)
[isolated-plugin] connected to worker for "nx/js/dependencies-and-lockfile" (pid: 814420)
[NX v22.7.2 Daemon Server] - 2026-08-09T19:22:45.193Z - Time taken for 'start-plugin-worker:@nx/angular/plugin' 208.19925200007856ms
[NX v22.7.2 Daemon Server] - 2026-08-09T19:22:45.193Z - Time taken for 'start-plugin-worker:nx/js/dependencies-and-lockfile' 197.79274499998428ms
[plugin-worker] "nx/js/dependencies-and-lockfile" (pid: 814420) connected
[plugin-worker] "@nx/angular/plugin" (pid: 814419) connected
[plugin-worker] "nx/core/package-json" (pid: 814426) listening on /tmp/plugin804856-94-976226.411893.sock
[isolated-plugin] connected to worker for "nx/core/package-json" (pid: 814426)
[NX v22.7.2 Daemon Server] - 2026-08-09T19:22:45.205Z - Time taken for 'start-plugin-worker:nx/core/package-json' 200.58132500003558ms
[plugin-worker] "nx/core/package-json" (pid: 814426) connected
Time taken for 'plugin worker 814426 code loading' 122.636388ms
[plugin-worker] "nx/core/project-json" (pid: 814432) listening on /tmp/plugin804856-95-976237.025111.sock
[isolated-plugin] connected to worker for "nx/core/project-json" (pid: 814432)
[NX v22.7.2 Daemon Server] - 2026-08-09T19:22:45.214Z - Time taken for 'start-plugin-worker:nx/core/project-json' 198.24391900002956ms
Time taken for 'plugin worker 814432 code loading' 122.56933699999999ms
[plugin-worker] "nx/core/project-json" (pid: 814432) connected
[plugin-worker] "nx/js/dependencies-and-lockfile" (pid: 814420) loaded successfully
[plugin-worker] "nx/core/package-json" (pid: 814426) loaded successfully
[plugin-worker] "nx/core/project-json" (pid: 814432) loaded successfully
[isolated-plugin] shutting down worker for "nx/core/project-json" after createNodes
[isolated-plugin] shutting down worker for "nx/core/package-json" after createNodes
Time taken for 'nx/js/dependencies-and-lockfile:createNodes' 19.71344499999998ms
[plugin-worker] "@nx/angular/plugin" (pid: 814419) loaded successfully
[isolated-plugin] shutting down worker for "@nx/angular/plugin" after createNodes
[NX v22.7.2 Daemon Server] - 2026-08-09T19:22:45.348Z - Time taken for 'build-project-configs' 354.53004699992016ms
[NX v22.7.2 Daemon Server] - 2026-08-09T19:22:45.348Z - Time taken for 'createNodes:merge' 1.5887110000476241ms
[NX v22.7.2 Daemon Server] - 2026-08-09T19:22:45.348Z - Time taken for 'get-all-workspace-files' 0.09818199998699129ms
Time taken for 'build typescript dependencies' 0.277766999999983ms
[isolated-plugin] shutting down worker for "nx/js/dependencies-and-lockfile" after createDependencies
[NX v22.7.2 Daemon Server] - 2026-08-09T19:22:45.373Z - [SYNC]: collect registered sync generators
[NX v22.7.2 Daemon Server] - 2026-08-09T19:22:45.374Z - [SYNC]: project graph hash is the same, not collecting task sync generators
[NX v22.7.2 Daemon Server] - 2026-08-09T19:22:45.374Z - [SYNC]: nx.json hash is the same, not collecting global sync generators
[NX v22.7.2 Daemon Server] - 2026-08-09T19:22:45.374Z - Time taken for 'total execution time for createProjectGraph()' 28.414538000011817ms
[NX v22.7.2 Daemon Server] - 2026-08-09T19:22:45.374Z - Time taken for 'createDependencies' 23.06870699999854ms
[NX v22.7.2 Daemon Server] - 2026-08-09T19:22:45.374Z - Time taken for 'nx/js/dependencies-and-lockfile:createDependencies' 22.863211999996565ms
[NX v22.7.2 Daemon Server] - 2026-08-09T19:22:45.374Z - Time taken for 'createMetadata' 0.011482000001706183ms
[NX v22.7.2 Daemon Server] - 2026-08-09T19:22:45.374Z - Time taken for 'serialize graph' 5.687708999961615ms
[NX v22.7.2 Daemon Server] - 2026-08-09T19:22:51.711Z - [WATCHER]: 0 file(s) created or restored, 0 file(s) modified, 0 file(s) deleted
[NX v22.7.2 Daemon Server] - 2026-08-09T19:22:51.913Z - [REQUEST]: Updated workspace context based on watched changes, recomputing project graph...
[NX v22.7.2 Daemon Server] - 2026-08-09T19:22:51.913Z - [REQUEST]: 
[NX v22.7.2 Daemon Server] - 2026-08-09T19:22:51.913Z - [REQUEST]: 
[plugin-client] restarting worker for "@nx/angular/plugin"
[isolated-plugin] spawned worker for "@nx/angular/plugin" (pid: 814541, socket: /tmp/plugin804856-96-983149.118759.sock)
[plugin-client] restarting worker for "nx/js/dependencies-and-lockfile"
[isolated-plugin] spawned worker for "nx/js/dependencies-and-lockfile" (pid: 814542, socket: /tmp/plugin804856-97-983162.004835.sock)
[plugin-client] restarting worker for "nx/core/package-json"
[isolated-plugin] spawned worker for "nx/core/package-json" (pid: 814548, socket: /tmp/plugin804856-98-983172.44129.sock)
[plugin-client] restarting worker for "nx/core/project-json"
[isolated-plugin] spawned worker for "nx/core/project-json" (pid: 814554, socket: /tmp/plugin804856-99-983182.687449.sock)
[NX v22.7.2 Daemon Server] - 2026-08-09T19:22:51.969Z - Time taken for 'hash changed files from watcher' 0.5616360000567511ms
[plugin-worker] "@nx/angular/plugin" (pid: 814541) listening on /tmp/plugin804856-96-983149.118759.sock
[plugin-worker] "nx/js/dependencies-and-lockfile" (pid: 814542) listening on /tmp/plugin804856-97-983162.004835.sock
Time taken for 'plugin worker 814541 code loading' 128.988244ms
Time taken for 'plugin worker 814542 code loading' 111.66146899999998ms
[isolated-plugin] connected to worker for "@nx/angular/plugin" (pid: 814541)
[isolated-plugin] connected to worker for "nx/js/dependencies-and-lockfile" (pid: 814542)
[NX v22.7.2 Daemon Server] - 2026-08-09T19:22:52.128Z - Time taken for 'start-plugin-worker:@nx/angular/plugin' 200.01065299997572ms
[NX v22.7.2 Daemon Server] - 2026-08-09T19:22:52.128Z - Time taken for 'start-plugin-worker:nx/js/dependencies-and-lockfile' 187.32420899998397ms
[plugin-worker] "nx/js/dependencies-and-lockfile" (pid: 814542) connected
[plugin-worker] "@nx/angular/plugin" (pid: 814541) connected
[plugin-worker] "nx/core/package-json" (pid: 814548) listening on /tmp/plugin804856-98-983172.44129.sock
[isolated-plugin] connected to worker for "nx/core/package-json" (pid: 814548)
[NX v22.7.2 Daemon Server] - 2026-08-09T19:22:52.139Z - Time taken for 'start-plugin-worker:nx/core/package-json' 187.60708099999465ms
Time taken for 'plugin worker 814548 code loading' 120.57179599999999ms
[plugin-worker] "nx/core/package-json" (pid: 814548) connected
[plugin-worker] "nx/core/project-json" (pid: 814554) listening on /tmp/plugin804856-99-983182.687449.sock
Time taken for 'plugin worker 814554 code loading' 121.22611099999999ms
[isolated-plugin] connected to worker for "nx/core/project-json" (pid: 814554)
[NX v22.7.2 Daemon Server] - 2026-08-09T19:22:52.151Z - Time taken for 'start-plugin-worker:nx/core/project-json' 190.2414979999885ms
[plugin-worker] "nx/core/project-json" (pid: 814554) connected
[plugin-worker] "nx/core/package-json" (pid: 814548) loaded successfully
[plugin-worker] "nx/js/dependencies-and-lockfile" (pid: 814542) loaded successfully
[isolated-plugin] shutting down worker for "nx/core/package-json" after createNodes
[plugin-worker] "nx/core/project-json" (pid: 814554) loaded successfully
[isolated-plugin] shutting down worker for "nx/core/project-json" after createNodes
Time taken for 'nx/js/dependencies-and-lockfile:createNodes' 18.435430999999994ms
[plugin-worker] "@nx/angular/plugin" (pid: 814541) loaded successfully
[isolated-plugin] shutting down worker for "@nx/angular/plugin" after createNodes
[NX v22.7.2 Daemon Server] - 2026-08-09T19:22:52.294Z - Time taken for 'build-project-configs' 355.4219840000151ms
[NX v22.7.2 Daemon Server] - 2026-08-09T19:22:52.294Z - Time taken for 'createNodes:merge' 1.274284999934025ms
[NX v22.7.2 Daemon Server] - 2026-08-09T19:22:52.294Z - Time taken for 'get-all-workspace-files' 0.10685699991881847ms
Time taken for 'build typescript dependencies' 0.33058200000004945ms
[isolated-plugin] shutting down worker for "nx/js/dependencies-and-lockfile" after createDependencies
[NX v22.7.2 Daemon Server] - 2026-08-09T19:22:52.328Z - [SYNC]: collect registered sync generators
[NX v22.7.2 Daemon Server] - 2026-08-09T19:22:52.328Z - [SYNC]: project graph hash is the same, not collecting task sync generators
[NX v22.7.2 Daemon Server] - 2026-08-09T19:22:52.328Z - [SYNC]: nx.json hash is the same, not collecting global sync generators
[NX v22.7.2 Daemon Server] - 2026-08-09T19:22:52.329Z - Time taken for 'total execution time for createProjectGraph()' 34.74497199989855ms
[NX v22.7.2 Daemon Server] - 2026-08-09T19:22:52.329Z - Time taken for 'createDependencies' 30.972821999923326ms
[NX v22.7.2 Daemon Server] - 2026-08-09T19:22:52.329Z - Time taken for 'nx/js/dependencies-and-lockfile:createDependencies' 30.786925000022165ms
[NX v22.7.2 Daemon Server] - 2026-08-09T19:22:52.329Z - Time taken for 'createMetadata' 0.010935000027529895ms
[NX v22.7.2 Daemon Server] - 2026-08-09T19:22:52.329Z - Time taken for 'serialize graph' 9.98167500004638ms
[NX v22.7.2 Daemon Server] - 2026-08-09T19:22:56.827Z - [WATCHER]: Processing file changes in outputs
[NX v22.7.2 Daemon Server] - 2026-08-09T19:22:56.827Z - [WATCHER]: 1 file(s) created or restored, 0 file(s) modified, 1 file(s) deleted
[NX v22.7.2 Daemon Server] - 2026-08-09T19:22:56.828Z - [WATCHER]: File changes detected:
Created:
  - refs/portal.package.json
Updated:
(none)
Deleted:
  - packages/portal.package.json
[NX v22.7.2 Daemon Server] - 2026-08-09T19:22:56.828Z - [SYNC]: clearing sync generators cache due to file changes
[NX v22.7.2 Daemon Server] - 2026-08-09T19:22:56.928Z - [REQUEST]: Updated workspace context based on watched changes, recomputing project graph...
[NX v22.7.2 Daemon Server] - 2026-08-09T19:22:56.928Z - [REQUEST]: refs/portal.package.json
[NX v22.7.2 Daemon Server] - 2026-08-09T19:22:56.928Z - [REQUEST]: packages/portal.package.json
[plugin-client] restarting worker for "@nx/angular/plugin"
[isolated-plugin] spawned worker for "@nx/angular/plugin" (pid: 814674, socket: /tmp/plugin804856-100-988161.323053.sock)
[plugin-client] restarting worker for "nx/js/dependencies-and-lockfile"
[isolated-plugin] spawned worker for "nx/js/dependencies-and-lockfile" (pid: 814675, socket: /tmp/plugin804856-101-988172.369682.sock)
[plugin-client] restarting worker for "nx/core/package-json"
[isolated-plugin] spawned worker for "nx/core/package-json" (pid: 814681, socket: /tmp/plugin804856-102-988182.678678.sock)
[plugin-client] restarting worker for "nx/core/project-json"
[isolated-plugin] spawned worker for "nx/core/project-json" (pid: 814688, socket: /tmp/plugin804856-103-988192.753754.sock)
[NX v22.7.2 Daemon Server] - 2026-08-09T19:22:56.982Z - Time taken for 'hash changed files from watcher' 0.5461170000489801ms
[plugin-worker] "@nx/angular/plugin" (pid: 814674) listening on /tmp/plugin804856-100-988161.323053.sock
Time taken for 'plugin worker 814674 code loading' 137.246936ms
[plugin-worker] "nx/js/dependencies-and-lockfile" (pid: 814675) listening on /tmp/plugin804856-101-988172.369682.sock
[isolated-plugin] connected to worker for "@nx/angular/plugin" (pid: 814674)
[isolated-plugin] connected to worker for "nx/js/dependencies-and-lockfile" (pid: 814675)
[NX v22.7.2 Daemon Server] - 2026-08-09T19:22:57.157Z - Time taken for 'start-plugin-worker:@nx/angular/plugin' 217.28277399996296ms
[NX v22.7.2 Daemon Server] - 2026-08-09T19:22:57.157Z - Time taken for 'start-plugin-worker:nx/js/dependencies-and-lockfile' 206.52389300009236ms
[plugin-worker] "@nx/angular/plugin" (pid: 814674) connected
Time taken for 'plugin worker 814675 code loading' 129.97131199999998ms
[plugin-worker] "nx/js/dependencies-and-lockfile" (pid: 814675) connected
[plugin-worker] "nx/core/package-json" (pid: 814681) listening on /tmp/plugin804856-102-988182.678678.sock
Time taken for 'plugin worker 814681 code loading' 152.079942ms
[isolated-plugin] connected to worker for "nx/core/package-json" (pid: 814681)
[NX v22.7.2 Daemon Server] - 2026-08-09T19:22:57.198Z - Time taken for 'start-plugin-worker:nx/core/package-json' 236.97944299993105ms
[plugin-worker] "nx/core/package-json" (pid: 814681) connected
[plugin-worker] "nx/core/project-json" (pid: 814688) listening on /tmp/plugin804856-103-988192.753754.sock
[isolated-plugin] connected to worker for "nx/core/project-json" (pid: 814688)
[NX v22.7.2 Daemon Server] - 2026-08-09T19:22:57.208Z - Time taken for 'start-plugin-worker:nx/core/project-json' 236.41278200002853ms
Time taken for 'plugin worker 814688 code loading' 153.386749ms
[plugin-worker] "nx/core/project-json" (pid: 814688) connected
[plugin-worker] "nx/js/dependencies-and-lockfile" (pid: 814675) loaded successfully
[plugin-worker] "nx/core/package-json" (pid: 814681) loaded successfully
Time taken for 'nx/js/dependencies-and-lockfile:createNodes' 28.315467999999953ms
[plugin-worker] "nx/core/project-json" (pid: 814688) loaded successfully
[isolated-plugin] shutting down worker for "nx/core/package-json" after createNodes
[isolated-plugin] shutting down worker for "nx/core/project-json" after createNodes
[plugin-worker] "@nx/angular/plugin" (pid: 814674) loaded successfully
[isolated-plugin] shutting down worker for "@nx/angular/plugin" after createNodes
[NX v22.7.2 Daemon Server] - 2026-08-09T19:22:57.363Z - Time taken for 'build-project-configs' 414.18433099996764ms
[NX v22.7.2 Daemon Server] - 2026-08-09T19:22:57.363Z - Time taken for 'createNodes:merge' 1.347509999992326ms
[NX v22.7.2 Daemon Server] - 2026-08-09T19:22:57.363Z - Time taken for 'get-all-workspace-files' 0.09274499991443008ms
Time taken for 'build typescript dependencies' 0.3237890000000334ms
[isolated-plugin] shutting down worker for "nx/js/dependencies-and-lockfile" after createDependencies
[NX v22.7.2 Daemon Server] - 2026-08-09T19:22:57.391Z - [SYNC]: collect registered sync generators
[NX v22.7.2 Daemon Server] - 2026-08-09T19:22:57.392Z - [SYNC]: project graph hash is the same, not collecting task sync generators
[NX v22.7.2 Daemon Server] - 2026-08-09T19:22:57.392Z - [SYNC]: nx.json hash is the same, not collecting global sync generators
[NX v22.7.2 Daemon Server] - 2026-08-09T19:22:57.392Z - Time taken for 'total execution time for createProjectGraph()' 32.17439000005834ms
[NX v22.7.2 Daemon Server] - 2026-08-09T19:22:57.392Z - Time taken for 'createDependencies' 27.588203000021167ms
[NX v22.7.2 Daemon Server] - 2026-08-09T19:22:57.392Z - Time taken for 'nx/js/dependencies-and-lockfile:createDependencies' 27.394077999982983ms
[NX v22.7.2 Daemon Server] - 2026-08-09T19:22:57.392Z - Time taken for 'createMetadata' 0.01287799992132932ms
[NX v22.7.2 Daemon Server] - 2026-08-09T19:22:57.392Z - Time taken for 'serialize graph' 5.082350999931805ms
[NX v22.7.2 Daemon Server] - 2026-08-09T19:23:06.496Z - [WATCHER]: Processing file changes in outputs
[NX v22.7.2 Daemon Server] - 2026-08-09T19:23:06.502Z - [WATCHER]: .gitignore was modified
[NX v22.7.2 Daemon Server] - 2026-08-09T19:23:06.502Z - [WATCHER]: File changes detected:
Created:
(none)
Updated:
  - .gitignore
Deleted:
(none)
[NX v22.7.2 Daemon Server] - 2026-08-09T19:23:06.502Z - [SYNC]: clearing sync generators cache due to file changes
[NX v22.7.2 Daemon Server] - 2026-08-09T19:23:06.503Z - [WATCHER]: Stopping the watcher for /home/m/integrations/onboarded (sources)
[NX v22.7.2 Daemon Server] - 2026-08-09T19:23:06.504Z - [WATCHER]: Stopping the watcher for /home/m/integrations/onboarded (outputs)
[NX v22.7.2 Daemon Server] - 2026-08-09T19:23:06.505Z - Server stopped because: "Stopping the daemon the set of ignored files changed (native)"
[NX v22.7.2 Daemon Client] - 2026-08-09T19:37:49.558Z - [Client] Starting new daemon server in background
[NX v22.7.2 Daemon Client] - 2026-08-09T19:37:49.570Z - [Client] Waiting for server (max: 6000 attempts, 10ms interval)
[NX v22.7.2 Daemon Server] - 2026-08-09T19:37:49.824Z - New daemon starting from: /home/m/integrations/onboarded/node_modules/nx/dist/src/daemon/server/server.js
[NX v22.7.2 Daemon Server] - 2026-08-09T19:37:49.825Z - New daemon __dirname: /home/m/integrations/onboarded/node_modules/nx/dist/src/daemon/server
[NX v22.7.2 Daemon Server] - 2026-08-09T19:37:49.826Z - New daemon nxVersion: 22.7.2
[NX v22.7.2 Daemon Server] - 2026-08-09T19:37:49.827Z - New daemon getInstalledNxVersion(): 22.7.2
[NX v22.7.2 Daemon Server] - 2026-08-09T19:37:49.831Z - Time taken for 'workspace context init' 3.741534999999999ms
[NX v22.7.2 Daemon Server] - 2026-08-09T19:37:49.837Z - [Server] Starting outdated check interval (20ms)
[NX v22.7.2 Daemon Server] - 2026-08-09T19:37:49.840Z - Started listening on: /tmp/ab766eb2377d6e91a992/d.sock
[NX v22.7.2 Daemon Server] - 2026-08-09T19:37:49.844Z - [WATCHER]: Subscribed to changes within: /home/m/integrations/onboarded (native)
[NX v22.7.2 Daemon Server] - 2026-08-09T19:37:49.845Z - [LATEST-NX]: Pulling latest Nx...
[NX v22.7.2 Daemon Client] - 2026-08-09T19:37:49.849Z - [Client] Server available
[NX v22.7.2 Daemon Client] - 2026-08-09T19:37:49.849Z - [Client] Daemon server started, pid=823708
[NX v22.7.2 Daemon Client] - 2026-08-09T19:37:49.849Z - [Messenger] Setting up socket listeners
[NX v22.7.2 Daemon Client] - 2026-08-09T19:37:49.850Z - [Messenger] listen() complete
[NX v22.7.2 Daemon Server] - 2026-08-09T19:37:49.856Z - [AI-AGENTS]: Starting agent configuration status computation
[NX v22.7.2 Daemon Server] - 2026-08-09T19:37:49.860Z - Established a connection. Number of open connections: 1
[NX v22.7.2 Daemon Server] - 2026-08-09T19:37:49.861Z - Established a connection. Number of open connections: 2
[NX v22.7.2 Daemon Server] - 2026-08-09T19:37:49.862Z - Closed a connection. Number of open connections: 1
[isolated-plugin] spawned worker for "/home/m/integrations/onboarded/node_modules/nx/dist/src/plugins/js" (pid: 823783, socket: /tmp/plugin823708-0-378.181648.sock)
[isolated-plugin] spawned worker for "/home/m/integrations/onboarded/node_modules/nx/dist/src/plugins/package-json" (pid: 823784, socket: /tmp/plugin823708-1-388.103352.sock)
[isolated-plugin] spawned worker for "/home/m/integrations/onboarded/node_modules/nx/dist/src/plugins/project-json/build-nodes/project-json" (pid: 823790, socket: /tmp/plugin823708-2-396.384892.sock)
[isolated-plugin] spawned worker for "@nx/angular/plugin" (pid: 823796, socket: /tmp/plugin823708-3-406.769923.sock)
[NX v22.7.2 Daemon Client] - 2026-08-09T19:37:49.989Z - [Messenger] Sending message type: REQUEST_PROJECT_GRAPH
[NX v22.7.2 Daemon Client] - 2026-08-09T19:37:49.990Z - [Messenger] Message sent
[NX v22.7.2 Daemon Server] - 2026-08-09T19:37:49.993Z - Received raw message of length 5208
[NX v22.7.2 Daemon Server] - 2026-08-09T19:37:49.993Z - Received json message of type REQUEST_PROJECT_GRAPH
[NX v22.7.2 Daemon Server] - 2026-08-09T19:37:49.993Z - [REQUEST]: Client Request for Project Graph Received
[plugin-worker] "/home/m/integrations/onboarded/node_modules/nx/dist/src/plugins/js" (pid: 823783) listening on /tmp/plugin823708-0-378.181648.sock
[isolated-plugin] connected to worker for "/home/m/integrations/onboarded/node_modules/nx/dist/src/plugins/js" (pid: 823783)
[NX v22.7.2 Daemon Server] - 2026-08-09T19:37:50.164Z - Time taken for 'start-plugin-worker:/home/m/integrations/onboarded/node_modules/nx/dist/src/plugins/js' 212.872139ms
Time taken for 'plugin worker 823783 code loading' 139.001455ms
[plugin-worker] "/home/m/integrations/onboarded/node_modules/nx/dist/src/plugins/js" (pid: 823783) connected
[plugin-worker] "/home/m/integrations/onboarded/node_modules/nx/dist/src/plugins/project-json/build-nodes/project-json" (pid: 823790) listening on /tmp/plugin823708-2-396.384892.sock
Time taken for 'plugin worker 823790 code loading' 127.636122ms
[plugin-worker] "/home/m/integrations/onboarded/node_modules/nx/dist/src/plugins/package-json" (pid: 823784) listening on /tmp/plugin823708-1-388.103352.sock
Time taken for 'plugin worker 823784 code loading' 148.311476ms
[isolated-plugin] connected to worker for "/home/m/integrations/onboarded/node_modules/nx/dist/src/plugins/package-json" (pid: 823784)
[isolated-plugin] connected to worker for "/home/m/integrations/onboarded/node_modules/nx/dist/src/plugins/project-json/build-nodes/project-json" (pid: 823790)
[NX v22.7.2 Daemon Server] - 2026-08-09T19:37:50.185Z - Time taken for 'start-plugin-worker:/home/m/integrations/onboarded/node_modules/nx/dist/src/plugins/package-json' 224.41013499999997ms
[NX v22.7.2 Daemon Server] - 2026-08-09T19:37:50.186Z - Time taken for 'start-plugin-worker:/home/m/integrations/onboarded/node_modules/nx/dist/src/plugins/project-json/build-nodes/project-json' 216.603075ms
[plugin-worker] "/home/m/integrations/onboarded/node_modules/nx/dist/src/plugins/package-json" (pid: 823784) connected
[plugin-worker] "/home/m/integrations/onboarded/node_modules/nx/dist/src/plugins/project-json/build-nodes/project-json" (pid: 823790) connected
[plugin-worker] "@nx/angular/plugin" (pid: 823796) listening on /tmp/plugin823708-3-406.769923.sock
[isolated-plugin] connected to worker for "@nx/angular/plugin" (pid: 823796)
[NX v22.7.2 Daemon Server] - 2026-08-09T19:37:50.197Z - Time taken for 'start-plugin-worker:@nx/angular/plugin' 217.29535499999997ms
Time taken for 'plugin worker 823796 code loading' 147.259968ms
[plugin-worker] "@nx/angular/plugin" (pid: 823796) connected
[plugin-worker] "/home/m/integrations/onboarded/node_modules/nx/dist/src/plugins/js" (pid: 823783) loaded successfully
[NX v22.7.2 Daemon Server] - 2026-08-09T19:37:50.225Z - Time taken for 'Load Nx Plugin: /home/m/integrations/onboarded/node_modules/nx/dist/src/plugins/js' 278.09944700000005ms
[plugin-worker] "/home/m/integrations/onboarded/node_modules/nx/dist/src/plugins/project-json/build-nodes/project-json" (pid: 823790) loaded successfully
[NX v22.7.2 Daemon Server] - 2026-08-09T19:37:50.232Z - Time taken for 'Load Nx Plugin: /home/m/integrations/onboarded/node_modules/nx/dist/src/plugins/project-json/build-nodes/project-json' 283.877261ms
[plugin-worker] "/home/m/integrations/onboarded/node_modules/nx/dist/src/plugins/package-json" (pid: 823784) loaded successfully
[NX v22.7.2 Daemon Server] - 2026-08-09T19:37:50.237Z - Time taken for 'loadDefaultNxPlugins' 290.5942600000001ms
[NX v22.7.2 Daemon Server] - 2026-08-09T19:37:50.237Z - Time taken for 'Load Nx Plugin: /home/m/integrations/onboarded/node_modules/nx/dist/src/plugins/package-json' 289.077866ms
[plugin-worker] "@nx/angular/plugin" (pid: 823796) loaded successfully
[NX v22.7.2 Daemon Server] - 2026-08-09T19:37:50.364Z - [REQUEST]: Updated workspace context based on watched changes, recomputing project graph...
[NX v22.7.2 Daemon Server] - 2026-08-09T19:37:50.364Z - [REQUEST]: 
[NX v22.7.2 Daemon Server] - 2026-08-09T19:37:50.364Z - [REQUEST]: 
[NX v22.7.2 Daemon Server] - 2026-08-09T19:37:50.375Z - Reusing in-memory cached project graph because no files changed.
[NX v22.7.2 Daemon Server] - 2026-08-09T19:37:50.376Z - Streaming message to client: progress update for topic graph-construction
[NX v22.7.2 Daemon Client] - 2026-08-09T19:37:50.377Z - [Messenger] Received message, length: 47
[NX v22.7.2 Daemon Server] - 2026-08-09T19:37:50.385Z - Time taken for 'loadSpecifiedNxPlugins' 414.74592500000006ms
[NX v22.7.2 Daemon Server] - 2026-08-09T19:37:50.385Z - Time taken for 'Load Nx Plugin: @nx/angular/plugin' 414.53682299999997ms
[NX v22.7.2 Daemon Server] - 2026-08-09T19:37:50.385Z - Time taken for 'hash changed files from watcher' 0.5498959999999897ms
[isolated-plugin] shutting down worker for "nx/core/project-json" after createNodes
[NX v22.7.2 Daemon Server] - 2026-08-09T19:37:50.389Z - Streaming message to client: progress update for topic graph-construction
[isolated-plugin] shutting down worker for "@nx/angular/plugin" after createNodes
[NX v22.7.2 Daemon Client] - 2026-08-09T19:37:50.389Z - [Messenger] Received message, length: 177
[NX v22.7.2 Daemon Server] - 2026-08-09T19:37:50.389Z - Streaming message to client: progress update for topic graph-construction
[NX v22.7.2 Daemon Client] - 2026-08-09T19:37:50.390Z - [Messenger] Received message, length: 153
[isolated-plugin] shutting down worker for "nx/core/package-json" after createNodes
[NX v22.7.2 Daemon Server] - 2026-08-09T19:37:50.400Z - Streaming message to client: progress update for topic graph-construction
[NX v22.7.2 Daemon Client] - 2026-08-09T19:37:50.400Z - [Messenger] Received message, length: 112
Time taken for 'nx/js/dependencies-and-lockfile:createNodes' 36.21035899999998ms
[NX v22.7.2 Daemon Server] - 2026-08-09T19:37:50.433Z - Streaming message to client: progress update for topic graph-construction
[NX v22.7.2 Daemon Client] - 2026-08-09T19:37:50.434Z - [Messenger] Received message, length: 47
[NX v22.7.2 Daemon Server] - 2026-08-09T19:37:50.472Z - Streaming message to client: progress update for topic graph-construction
[NX v22.7.2 Daemon Client] - 2026-08-09T19:37:50.473Z - [Messenger] Received message, length: 47
[NX v22.7.2 Daemon Server] - 2026-08-09T19:37:50.478Z - Time taken for 'build-project-configs' 66.56470999999999ms
[NX v22.7.2 Daemon Server] - 2026-08-09T19:37:50.478Z - Time taken for 'createNodes:merge' 8.253108999999995ms
[NX v22.7.2 Daemon Server] - 2026-08-09T19:37:50.478Z - Time taken for 'native-file-deps' 0.028945000000021537ms
[NX v22.7.2 Daemon Server] - 2026-08-09T19:37:50.478Z - Time taken for 'get-workspace-files' 4.273918999999978ms
[NX v22.7.2 Daemon Server] - 2026-08-09T19:37:50.478Z - Time taken for 'get-all-workspace-files' 0.30788299999994706ms
[NX v22.7.2 Daemon Server] - 2026-08-09T19:37:50.478Z - Time taken for 'read cache' 0.6637269999999944ms
Time taken for 'build typescript dependencies' 14.893836999999962ms
[isolated-plugin] shutting down worker for "nx/js/dependencies-and-lockfile" after createDependencies
[NX v22.7.2 Daemon Server] - 2026-08-09T19:37:50.566Z - Streaming message to client: progress update for topic graph-construction
[NX v22.7.2 Daemon Client] - 2026-08-09T19:37:50.566Z - [Messenger] Received message, length: 47
[NX v22.7.2 Daemon Server] - 2026-08-09T19:37:50.583Z - [SYNC]: collect registered sync generators
[NX v22.7.2 Daemon Server] - 2026-08-09T19:37:50.642Z - Wrote project graph cache to /home/m/integrations/onboarded/.nx/workspace-data/project-graph.json
[NX v22.7.2 Daemon Server] - 2026-08-09T19:37:50.643Z - Serializing response for REQUEST_PROJECT_GRAPH message in json mode
[NX v22.7.2 Daemon Server] - 2026-08-09T19:37:50.643Z - Responding to REQUEST_PROJECT_GRAPH message
[NX v22.7.2 Daemon Server] - 2026-08-09T19:37:50.643Z - [REQUEST]: Responding to the client. project-graph
[NX v22.7.2 Daemon Server] - 2026-08-09T19:37:50.654Z - Time taken for 'total for creating and serializing project graph' 649.43535ms
[NX v22.7.2 Daemon Server] - 2026-08-09T19:37:50.654Z - Time taken for 'total execution time for createProjectGraph()' 114.29701499999999ms
[NX v22.7.2 Daemon Server] - 2026-08-09T19:37:50.654Z - Time taken for 'createDependencies' 99.83970399999998ms
[NX v22.7.2 Daemon Server] - 2026-08-09T19:37:50.654Z - Time taken for 'nx/js/dependencies-and-lockfile:createDependencies' 99.140716ms
[NX v22.7.2 Daemon Server] - 2026-08-09T19:37:50.655Z - Time taken for 'createMetadata' 0.0494579999999587ms
[NX v22.7.2 Daemon Server] - 2026-08-09T19:37:50.655Z - Time taken for 'serialize graph' 9.186151000000109ms
[NX v22.7.2 Daemon Server] - 2026-08-09T19:37:50.655Z - Time taken for 'write cache' 57.620272000000114ms
[NX v22.7.2 Daemon Server] - 2026-08-09T19:37:50.657Z - Done responding to the client project-graph
[NX v22.7.2 Daemon Server] - 2026-08-09T19:37:50.657Z - Handled json message REQUEST_PROJECT_GRAPH. Handling time: 650. Response time: 14.
[NX v22.7.2 Daemon Client] - 2026-08-09T19:37:50.664Z - [Messenger] Received message, length: 681108
[NX v22.7.2 Daemon Client] - 2026-08-09T19:37:50.677Z - [Messenger] Sending message type: PRE_TASKS_EXECUTION
[NX v22.7.2 Daemon Client] - 2026-08-09T19:37:50.677Z - [Messenger] Message sent
[NX v22.7.2 Daemon Server] - 2026-08-09T19:37:50.677Z - Received raw message of length 851
[NX v22.7.2 Daemon Server] - 2026-08-09T19:37:50.677Z - Received json message of type PRE_TASKS_EXECUTION
[NX v22.7.2 Daemon Server] - 2026-08-09T19:37:50.679Z - Serializing response for PRE_TASKS_EXECUTION message in json mode
[NX v22.7.2 Daemon Server] - 2026-08-09T19:37:50.679Z - Responding to PRE_TASKS_EXECUTION message
[NX v22.7.2 Daemon Server] - 2026-08-09T19:37:50.679Z - [REQUEST]: Responding to the client. handleRunPreTasksExecution
[NX v22.7.2 Daemon Server] - 2026-08-09T19:37:50.679Z - Done responding to the client handleRunPreTasksExecution
[NX v22.7.2 Daemon Server] - 2026-08-09T19:37:50.679Z - Handled json message PRE_TASKS_EXECUTION. Handling time: 2. Response time: 0.
[NX v22.7.2 Daemon Server] - 2026-08-09T19:37:50.680Z - Time taken for 'preTasksExecution' 1.5665520000000015ms
[NX v22.7.2 Daemon Server] - 2026-08-09T19:37:51.026Z - [NX-CONSOLE]: Failed to use latest Nx for console status. Error: An error occurred while checking the provenance of nx@latest. This could indicate a security risk. Please double check https://www.npmjs.com/package/nx to see if the package is published correctly or file an issue at https://github.com/nrwl/nx/issues. To disable this check at your own risk, you can set the NX_SKIP_PROVENANCE_CHECK environment variable to true. 
 Error: No attestation URL found
[NX v22.7.2 Daemon Server] - 2026-08-09T19:37:51.026Z - [AI-AGENTS]: Failed to compute agent configuration status from latest Nx. Error: An error occurred while checking the provenance of nx@latest. This could indicate a security risk. Please double check https://www.npmjs.com/package/nx to see if the package is published correctly or file an issue at https://github.com/nrwl/nx/issues. To disable this check at your own risk, you can set the NX_SKIP_PROVENANCE_CHECK environment variable to true. 
 Error: No attestation URL found
[NX v22.7.2 Daemon Server] - 2026-08-09T19:37:51.026Z - [AI-AGENTS]: Agent configuration status computation completed: 0 fully configured, 0 outdated, 0 partially configured, 0 non-configured
DEBUG nx::native::ide::install: Detected editor: Unknown
[NX v22.7.2 Daemon Client] - 2026-08-09T19:37:51.484Z - [Messenger] Received message, length: 2
[NX v22.7.2 Daemon Server] - 2026-08-09T19:37:51.490Z - Closed a connection. Number of open connections: 0
[NX v22.7.2 Daemon Server] - 2026-08-09T20:47:34.363Z - [WATCHER]: packages/shared/package.json was modified
[NX v22.7.2 Daemon Server] - 2026-08-09T20:47:34.365Z - [WATCHER]: File changes detected:
Created:
(none)
Updated:
  - packages/shared/package.json
Deleted:
(none)
[NX v22.7.2 Daemon Server] - 2026-08-09T20:47:34.366Z - [SYNC]: clearing sync generators cache due to file changes
[NX v22.7.2 Daemon Server] - 2026-08-09T20:47:34.366Z - [WATCHER]: Processing file changes in outputs
[NX v22.7.2 Daemon Server] - 2026-08-09T20:47:34.468Z - [REQUEST]: Updated workspace context based on watched changes, recomputing project graph...
[NX v22.7.2 Daemon Server] - 2026-08-09T20:47:34.468Z - [REQUEST]: packages/shared/package.json
[NX v22.7.2 Daemon Server] - 2026-08-09T20:47:34.468Z - [REQUEST]: 
[plugin-client] restarting worker for "@nx/angular/plugin"
[isolated-plugin] spawned worker for "@nx/angular/plugin" (pid: 846005, socket: /tmp/plugin823708-4-4185289.425295.sock)
[plugin-client] restarting worker for "nx/js/dependencies-and-lockfile"
[isolated-plugin] spawned worker for "nx/js/dependencies-and-lockfile" (pid: 846006, socket: /tmp/plugin823708-5-4185301.657938.sock)
[plugin-client] restarting worker for "nx/core/package-json"
[isolated-plugin] spawned worker for "nx/core/package-json" (pid: 846012, socket: /tmp/plugin823708-6-4185308.933563.sock)
[plugin-client] restarting worker for "nx/core/project-json"
[isolated-plugin] spawned worker for "nx/core/project-json" (pid: 846023, socket: /tmp/plugin823708-7-4185314.889571.sock)
[NX v22.7.2 Daemon Server] - 2026-08-09T20:47:34.510Z - Time taken for 'hash changed files from watcher' 0.5582959996536374ms
[plugin-worker] "nx/js/dependencies-and-lockfile" (pid: 846006) listening on /tmp/plugin823708-5-4185301.657938.sock
Time taken for 'plugin worker 846006 code loading' 70.890366ms
[plugin-worker] "@nx/angular/plugin" (pid: 846005) listening on /tmp/plugin823708-4-4185289.425295.sock
Time taken for 'plugin worker 846005 code loading' 80.096841ms
[isolated-plugin] connected to worker for "@nx/angular/plugin" (pid: 846005)
[isolated-plugin] connected to worker for "nx/js/dependencies-and-lockfile" (pid: 846006)
[NX v22.7.2 Daemon Server] - 2026-08-09T20:47:34.607Z - Time taken for 'start-plugin-worker:@nx/angular/plugin' 132.15984799992293ms
[NX v22.7.2 Daemon Server] - 2026-08-09T20:47:34.607Z - Time taken for 'start-plugin-worker:nx/js/dependencies-and-lockfile' 120.38105499977246ms
[plugin-worker] "@nx/angular/plugin" (pid: 846005) connected
[plugin-worker] "nx/js/dependencies-and-lockfile" (pid: 846006) connected
[plugin-worker] "nx/core/package-json" (pid: 846012) listening on /tmp/plugin823708-6-4185308.933563.sock
Time taken for 'plugin worker 846012 code loading' 82.927942ms
[isolated-plugin] connected to worker for "nx/core/package-json" (pid: 846012)
[NX v22.7.2 Daemon Server] - 2026-08-09T20:47:34.617Z - Time taken for 'start-plugin-worker:nx/core/package-json' 122.15552800009027ms
[plugin-worker] "nx/core/package-json" (pid: 846012) connected
[plugin-worker] "nx/core/project-json" (pid: 846023) listening on /tmp/plugin823708-7-4185314.889571.sock
Time taken for 'plugin worker 846023 code loading' 84.4447ms
[isolated-plugin] connected to worker for "nx/core/project-json" (pid: 846023)
[NX v22.7.2 Daemon Server] - 2026-08-09T20:47:34.627Z - Time taken for 'start-plugin-worker:nx/core/project-json' 126.25566100003198ms
[plugin-worker] "nx/core/project-json" (pid: 846023) connected
[plugin-worker] "nx/js/dependencies-and-lockfile" (pid: 846006) loaded successfully
[plugin-worker] "nx/core/package-json" (pid: 846012) loaded successfully
Time taken for 'nx/js/dependencies-and-lockfile:createNodes' 13.457243000000005ms
[isolated-plugin] shutting down worker for "nx/core/package-json" after createNodes
[plugin-worker] "nx/core/project-json" (pid: 846023) loaded successfully
[isolated-plugin] shutting down worker for "nx/core/project-json" after createNodes
[plugin-worker] "@nx/angular/plugin" (pid: 846005) loaded successfully
[isolated-plugin] shutting down worker for "@nx/angular/plugin" after createNodes
[NX v22.7.2 Daemon Server] - 2026-08-09T20:47:34.722Z - Time taken for 'build-project-configs' 238.4429999999702ms
[NX v22.7.2 Daemon Server] - 2026-08-09T20:47:34.722Z - Time taken for 'createNodes:merge' 1.499919000081718ms
[NX v22.7.2 Daemon Server] - 2026-08-09T20:47:34.722Z - Time taken for 'native-file-deps' 0.003845999948680401ms
[NX v22.7.2 Daemon Server] - 2026-08-09T20:47:34.722Z - Time taken for 'get-workspace-files' 2.8936060001142323ms
[NX v22.7.2 Daemon Server] - 2026-08-09T20:47:34.722Z - Time taken for 'get-all-workspace-files' 0.0718030002899468ms
[isolated-plugin] shutting down worker for "nx/js/dependencies-and-lockfile" after createDependencies
[NX v22.7.2 Daemon Server] - 2026-08-09T20:47:34.749Z - [SYNC]: collect registered sync generators
[NX v22.7.2 Daemon Server] - 2026-08-09T20:47:34.750Z - [SYNC]: nx.json hash is the same, not collecting global sync generators
[NX v22.7.2 Daemon Server] - 2026-08-09T20:47:34.750Z - Time taken for 'total execution time for createProjectGraph()' 29.925609999801964ms
[NX v22.7.2 Daemon Server] - 2026-08-09T20:47:34.750Z - Time taken for 'createDependencies' 25.500702999997884ms
[NX v22.7.2 Daemon Server] - 2026-08-09T20:47:34.750Z - Time taken for 'nx/js/dependencies-and-lockfile:createDependencies' 25.321950000245124ms
[NX v22.7.2 Daemon Server] - 2026-08-09T20:47:34.750Z - Time taken for 'createMetadata' 0.05519200023263693ms
[NX v22.7.2 Daemon Server] - 2026-08-09T20:47:34.750Z - Time taken for 'serialize graph' 3.169588000047952ms
[NX v22.7.2 Daemon Server] - 2026-08-09T20:47:47.917Z - [WATCHER]: packages/shared/project.json was created or restored
[NX v22.7.2 Daemon Server] - 2026-08-09T20:47:47.917Z - [WATCHER]: File changes detected:
Created:
  - packages/shared/project.json
Updated:
(none)
Deleted:
(none)
[NX v22.7.2 Daemon Server] - 2026-08-09T20:47:47.917Z - [SYNC]: clearing sync generators cache due to file changes
[NX v22.7.2 Daemon Server] - 2026-08-09T20:47:47.917Z - [WATCHER]: Processing file changes in outputs
[NX v22.7.2 Daemon Server] - 2026-08-09T20:47:48.019Z - [REQUEST]: Updated workspace context based on watched changes, recomputing project graph...
[NX v22.7.2 Daemon Server] - 2026-08-09T20:47:48.019Z - [REQUEST]: packages/shared/project.json
[NX v22.7.2 Daemon Server] - 2026-08-09T20:47:48.019Z - [REQUEST]: 
[plugin-client] restarting worker for "@nx/angular/plugin"
[isolated-plugin] spawned worker for "@nx/angular/plugin" (pid: 846188, socket: /tmp/plugin823708-8-4198841.552155.sock)
[plugin-client] restarting worker for "nx/js/dependencies-and-lockfile"
[isolated-plugin] spawned worker for "nx/js/dependencies-and-lockfile" (pid: 846190, socket: /tmp/plugin823708-9-4198852.352234.sock)
[plugin-client] restarting worker for "nx/core/package-json"
[isolated-plugin] spawned worker for "nx/core/package-json" (pid: 846202, socket: /tmp/plugin823708-10-4198861.391481.sock)
[plugin-client] restarting worker for "nx/core/project-json"
[isolated-plugin] spawned worker for "nx/core/project-json" (pid: 846204, socket: /tmp/plugin823708-11-4198873.630477.sock)
[NX v22.7.2 Daemon Server] - 2026-08-09T20:47:48.063Z - Time taken for 'hash changed files from watcher' 0.23670999985188246ms
[plugin-worker] "@nx/angular/plugin" (pid: 846188) listening on /tmp/plugin823708-8-4198841.552155.sock
Time taken for 'plugin worker 846188 code loading' 71.14904899999999ms
[isolated-plugin] connected to worker for "@nx/angular/plugin" (pid: 846188)
[NX v22.7.2 Daemon Server] - 2026-08-09T20:47:48.142Z - Time taken for 'start-plugin-worker:@nx/angular/plugin' 117.06339600030333ms
[plugin-worker] "@nx/angular/plugin" (pid: 846188) connected
[plugin-worker] "nx/js/dependencies-and-lockfile" (pid: 846190) listening on /tmp/plugin823708-9-4198852.352234.sock
Time taken for 'plugin worker 846190 code loading' 68.602157ms
[plugin-worker] "nx/core/package-json" (pid: 846202) listening on /tmp/plugin823708-10-4198861.391481.sock
[isolated-plugin] connected to worker for "nx/js/dependencies-and-lockfile" (pid: 846190)
[isolated-plugin] connected to worker for "nx/core/package-json" (pid: 846202)
[NX v22.7.2 Daemon Server] - 2026-08-09T20:47:48.153Z - Time taken for 'start-plugin-worker:nx/js/dependencies-and-lockfile' 117.41453099995852ms
[NX v22.7.2 Daemon Server] - 2026-08-09T20:47:48.153Z - Time taken for 'start-plugin-worker:nx/core/package-json' 108.64358500018716ms
[plugin-worker] "nx/core/package-json" (pid: 846202) connected
[plugin-worker] "nx/js/dependencies-and-lockfile" (pid: 846190) connected
Time taken for 'plugin worker 846202 code loading' 62.712772ms
[plugin-worker] "nx/core/project-json" (pid: 846204) listening on /tmp/plugin823708-11-4198873.630477.sock
Time taken for 'plugin worker 846204 code loading' 64.026593ms
[isolated-plugin] connected to worker for "nx/core/project-json" (pid: 846204)
[NX v22.7.2 Daemon Server] - 2026-08-09T20:47:48.167Z - Time taken for 'start-plugin-worker:nx/core/project-json' 109.80616599973291ms
[plugin-worker] "nx/core/project-json" (pid: 846204) connected
[plugin-worker] "nx/js/dependencies-and-lockfile" (pid: 846190) loaded successfully
[plugin-worker] "nx/core/package-json" (pid: 846202) loaded successfully
[isolated-plugin] shutting down worker for "nx/core/package-json" after createNodes
Time taken for 'nx/js/dependencies-and-lockfile:createNodes' 13.281427000000008ms
[plugin-worker] "nx/core/project-json" (pid: 846204) loaded successfully
[isolated-plugin] shutting down worker for "nx/core/project-json" after createNodes
[plugin-worker] "@nx/angular/plugin" (pid: 846188) loaded successfully
[isolated-plugin] shutting down worker for "@nx/angular/plugin" after createNodes
[NX v22.7.2 Daemon Server] - 2026-08-09T20:47:48.232Z - Time taken for 'build-project-configs' 201.64160900004208ms
[NX v22.7.2 Daemon Server] - 2026-08-09T20:47:48.233Z - Time taken for 'createNodes:merge' 0.8746999995782971ms
[NX v22.7.2 Daemon Server] - 2026-08-09T20:47:48.233Z - Time taken for 'get-all-workspace-files' 0.08544700033962727ms
Time taken for 'build typescript dependencies' 5.8286580000000185ms
[isolated-plugin] shutting down worker for "nx/js/dependencies-and-lockfile" after createDependencies
[NX v22.7.2 Daemon Server] - 2026-08-09T20:47:48.260Z - Time taken for 'total execution time for createProjectGraph()' 29.122742999345064ms
[NX v22.7.2 Daemon Server] - 2026-08-09T20:47:48.260Z - Time taken for 'createDependencies' 26.15934200026095ms
[NX v22.7.2 Daemon Server] - 2026-08-09T20:47:48.260Z - Time taken for 'nx/js/dependencies-and-lockfile:createDependencies' 26.003641999326646ms
[NX v22.7.2 Daemon Server] - 2026-08-09T20:47:48.260Z - Time taken for 'createMetadata' 0.028378999792039394ms
[NX v22.7.2 Daemon Server] - 2026-08-09T20:47:48.260Z - Time taken for 'serialize graph' 2.9091180004179478ms
[NX v22.7.2 Daemon Server] - 2026-08-09T20:47:48.675Z - [WATCHER]: Processing file changes in outputs
[NX v22.7.2 Daemon Server] - 2026-08-09T20:47:48.675Z - [WATCHER]: packages/shared/project.json was modified
[NX v22.7.2 Daemon Server] - 2026-08-09T20:47:48.676Z - [WATCHER]: File changes detected:
Created:
(none)
Updated:
  - packages/shared/project.json
Deleted:
(none)
[NX v22.7.2 Daemon Server] - 2026-08-09T20:47:48.676Z - [SYNC]: clearing sync generators cache due to file changes
[NX v22.7.2 Daemon Server] - 2026-08-09T20:47:48.876Z - [REQUEST]: Updated workspace context based on watched changes, recomputing project graph...
[NX v22.7.2 Daemon Server] - 2026-08-09T20:47:48.876Z - [REQUEST]: packages/shared/project.json
[NX v22.7.2 Daemon Server] - 2026-08-09T20:47:48.876Z - [REQUEST]: 
[plugin-client] restarting worker for "@nx/angular/plugin"
[isolated-plugin] spawned worker for "@nx/angular/plugin" (pid: 846454, socket: /tmp/plugin823708-12-4199698.117554.sock)
[plugin-client] restarting worker for "nx/js/dependencies-and-lockfile"
[isolated-plugin] spawned worker for "nx/js/dependencies-and-lockfile" (pid: 846455, socket: /tmp/plugin823708-13-4199705.708829.sock)
[plugin-client] restarting worker for "nx/core/package-json"
[isolated-plugin] spawned worker for "nx/core/package-json" (pid: 846461, socket: /tmp/plugin823708-14-4199711.814983.sock)
[plugin-client] restarting worker for "nx/core/project-json"
[isolated-plugin] spawned worker for "nx/core/project-json" (pid: 846467, socket: /tmp/plugin823708-15-4199718.082358.sock)
[NX v22.7.2 Daemon Server] - 2026-08-09T20:47:48.907Z - Time taken for 'hash changed files from watcher' 0.20550900045782328ms
[plugin-worker] "@nx/angular/plugin" (pid: 846454) listening on /tmp/plugin823708-12-4199698.117554.sock
Time taken for 'plugin worker 846454 code loading' 61.209357000000004ms
[plugin-worker] "nx/js/dependencies-and-lockfile" (pid: 846455) listening on /tmp/plugin823708-13-4199705.708829.sock
Time taken for 'plugin worker 846455 code loading' 60.25151399999999ms
[isolated-plugin] connected to worker for "@nx/angular/plugin" (pid: 846454)
[isolated-plugin] connected to worker for "nx/js/dependencies-and-lockfile" (pid: 846455)
[NX v22.7.2 Daemon Server] - 2026-08-09T20:47:48.985Z - Time taken for 'start-plugin-worker:@nx/angular/plugin' 103.32374399993569ms
[NX v22.7.2 Daemon Server] - 2026-08-09T20:47:48.985Z - Time taken for 'start-plugin-worker:nx/js/dependencies-and-lockfile' 96.04981200024486ms
[plugin-worker] "@nx/angular/plugin" (pid: 846454) connected
[plugin-worker] "nx/js/dependencies-and-lockfile" (pid: 846455) connected
[plugin-worker] "nx/core/package-json" (pid: 846461) listening on /tmp/plugin823708-14-4199711.814983.sock
Time taken for 'plugin worker 846461 code loading' 63.221059000000004ms
[plugin-worker] "nx/core/project-json" (pid: 846467) listening on /tmp/plugin823708-15-4199718.082358.sock
Time taken for 'plugin worker 846467 code loading' 62.67832ms
[isolated-plugin] connected to worker for "nx/core/package-json" (pid: 846461)
[NX v22.7.2 Daemon Server] - 2026-08-09T20:47:48.995Z - Time taken for 'start-plugin-worker:nx/core/package-json' 100.11385599989444ms
[plugin-worker] "nx/core/package-json" (pid: 846461) connected
[isolated-plugin] connected to worker for "nx/core/project-json" (pid: 846467)
[NX v22.7.2 Daemon Server] - 2026-08-09T20:47:49.000Z - Time taken for 'start-plugin-worker:nx/core/project-json' 99.21762199979275ms
[plugin-worker] "nx/core/project-json" (pid: 846467) connected
[plugin-worker] "nx/js/dependencies-and-lockfile" (pid: 846455) loaded successfully
[plugin-worker] "nx/core/package-json" (pid: 846461) loaded successfully
Time taken for 'nx/js/dependencies-and-lockfile:createNodes' 12.65901199999999ms
[isolated-plugin] shutting down worker for "nx/core/package-json" after createNodes
[plugin-worker] "nx/core/project-json" (pid: 846467) loaded successfully
[isolated-plugin] shutting down worker for "nx/core/project-json" after createNodes
[plugin-worker] "@nx/angular/plugin" (pid: 846454) loaded successfully
[isolated-plugin] shutting down worker for "@nx/angular/plugin" after createNodes
[NX v22.7.2 Daemon Server] - 2026-08-09T20:47:49.078Z - Time taken for 'build-project-configs' 190.0930909998715ms
[NX v22.7.2 Daemon Server] - 2026-08-09T20:47:49.078Z - Time taken for 'createNodes:merge' 1.4723939998075366ms
[NX v22.7.2 Daemon Server] - 2026-08-09T20:47:49.078Z - Time taken for 'native-file-deps' 0.0033770008012652397ms
[NX v22.7.2 Daemon Server] - 2026-08-09T20:47:49.078Z - Time taken for 'get-workspace-files' 1.1900100000202656ms
[NX v22.7.2 Daemon Server] - 2026-08-09T20:47:49.078Z - Time taken for 'get-all-workspace-files' 0.06175799947232008ms
Time taken for 'build typescript dependencies' 5.9609609999999975ms
[isolated-plugin] shutting down worker for "nx/js/dependencies-and-lockfile" after createDependencies
[NX v22.7.2 Daemon Server] - 2026-08-09T20:47:49.104Z - [SYNC]: collect registered sync generators
[NX v22.7.2 Daemon Server] - 2026-08-09T20:47:49.105Z - [SYNC]: nx.json hash is the same, not collecting global sync generators
[NX v22.7.2 Daemon Server] - 2026-08-09T20:47:49.105Z - Time taken for 'total execution time for createProjectGraph()' 28.137375999242067ms
[NX v22.7.2 Daemon Server] - 2026-08-09T20:47:49.105Z - Time taken for 'createDependencies' 24.7615060005337ms
[NX v22.7.2 Daemon Server] - 2026-08-09T20:47:49.105Z - Time taken for 'nx/js/dependencies-and-lockfile:createDependencies' 24.593576000072062ms
[NX v22.7.2 Daemon Server] - 2026-08-09T20:47:49.105Z - Time taken for 'createMetadata' 0.029815999791026115ms
[NX v22.7.2 Daemon Server] - 2026-08-09T20:47:49.105Z - Time taken for 'serialize graph' 3.667390000075102ms
[NX v22.7.2 Daemon Server] - 2026-08-09T20:47:58.814Z - [WATCHER]: Processing file changes in outputs
[NX v22.7.2 Daemon Server] - 2026-08-09T20:47:58.815Z - [WATCHER]: packages/shared/tsconfig.json was modified
[NX v22.7.2 Daemon Server] - 2026-08-09T20:47:58.815Z - [WATCHER]: File changes detected:
Created:
(none)
Updated:
  - packages/shared/tsconfig.json
Deleted:
(none)
[NX v22.7.2 Daemon Server] - 2026-08-09T20:47:58.815Z - [SYNC]: clearing sync generators cache due to file changes
[NX v22.7.2 Daemon Server] - 2026-08-09T20:47:59.215Z - [REQUEST]: Updated workspace context based on watched changes, recomputing project graph...
[NX v22.7.2 Daemon Server] - 2026-08-09T20:47:59.216Z - [REQUEST]: packages/shared/tsconfig.json
[NX v22.7.2 Daemon Server] - 2026-08-09T20:47:59.216Z - [REQUEST]: 
[plugin-client] restarting worker for "@nx/angular/plugin"
[isolated-plugin] spawned worker for "@nx/angular/plugin" (pid: 846773, socket: /tmp/plugin823708-16-4210039.804977.sock)
[plugin-client] restarting worker for "nx/js/dependencies-and-lockfile"
[isolated-plugin] spawned worker for "nx/js/dependencies-and-lockfile" (pid: 846774, socket: /tmp/plugin823708-17-4210049.356403.sock)
[plugin-client] restarting worker for "nx/core/package-json"
[isolated-plugin] spawned worker for "nx/core/package-json" (pid: 846780, socket: /tmp/plugin823708-18-4210060.566929.sock)
[plugin-client] restarting worker for "nx/core/project-json"
[isolated-plugin] spawned worker for "nx/core/project-json" (pid: 846786, socket: /tmp/plugin823708-19-4210067.113923.sock)
[NX v22.7.2 Daemon Server] - 2026-08-09T20:47:59.257Z - Time taken for 'hash changed files from watcher' 0.40983800031244755ms
[plugin-worker] "@nx/angular/plugin" (pid: 846773) listening on /tmp/plugin823708-16-4210039.804977.sock
[plugin-worker] "nx/js/dependencies-and-lockfile" (pid: 846774) listening on /tmp/plugin823708-17-4210049.356403.sock
[isolated-plugin] connected to worker for "@nx/angular/plugin" (pid: 846773)
[isolated-plugin] connected to worker for "nx/js/dependencies-and-lockfile" (pid: 846774)
[NX v22.7.2 Daemon Server] - 2026-08-09T20:47:59.342Z - Time taken for 'start-plugin-worker:@nx/angular/plugin' 119.53969699982554ms
[NX v22.7.2 Daemon Server] - 2026-08-09T20:47:59.343Z - Time taken for 'start-plugin-worker:nx/js/dependencies-and-lockfile' 110.22700899932534ms
[plugin-worker] "nx/js/dependencies-and-lockfile" (pid: 846774) connected
Time taken for 'plugin worker 846773 code loading' 78.30653099999999ms
[plugin-worker] "@nx/angular/plugin" (pid: 846773) connected
Time taken for 'plugin worker 846774 code loading' 69.51220900000001ms
[plugin-worker] "nx/core/package-json" (pid: 846780) listening on /tmp/plugin823708-18-4210060.566929.sock
Time taken for 'plugin worker 846780 code loading' 70.97297800000001ms
[isolated-plugin] connected to worker for "nx/core/package-json" (pid: 846780)
[NX v22.7.2 Daemon Server] - 2026-08-09T20:47:59.352Z - Time taken for 'start-plugin-worker:nx/core/package-json' 108.79559800028801ms
[plugin-worker] "nx/core/project-json" (pid: 846786) listening on /tmp/plugin823708-19-4210067.113923.sock
[plugin-worker] "nx/core/package-json" (pid: 846780) connected
Time taken for 'plugin worker 846786 code loading' 68.003381ms
[isolated-plugin] connected to worker for "nx/core/project-json" (pid: 846786)
[NX v22.7.2 Daemon Server] - 2026-08-09T20:47:59.363Z - Time taken for 'start-plugin-worker:nx/core/project-json' 112.89649700000882ms
[plugin-worker] "nx/core/project-json" (pid: 846786) connected
[plugin-worker] "nx/js/dependencies-and-lockfile" (pid: 846774) loaded successfully
[plugin-worker] "nx/core/project-json" (pid: 846786) loaded successfully
[isolated-plugin] shutting down worker for "nx/core/project-json" after createNodes
[plugin-worker] "nx/core/package-json" (pid: 846780) loaded successfully
[isolated-plugin] shutting down worker for "nx/core/package-json" after createNodes
Time taken for 'nx/js/dependencies-and-lockfile:createNodes' 24.584089000000006ms
[plugin-worker] "@nx/angular/plugin" (pid: 846773) loaded successfully
[isolated-plugin] shutting down worker for "@nx/angular/plugin" after createNodes
[NX v22.7.2 Daemon Server] - 2026-08-09T20:47:59.461Z - Time taken for 'build-project-configs' 232.43970400001854ms
[NX v22.7.2 Daemon Server] - 2026-08-09T20:47:59.462Z - Time taken for 'createNodes:merge' 0.892489000223577ms
[NX v22.7.2 Daemon Server] - 2026-08-09T20:47:59.462Z - Time taken for 'get-all-workspace-files' 0.05508999992161989ms
Time taken for 'build typescript dependencies' 4.6525270000000205ms
[isolated-plugin] shutting down worker for "nx/js/dependencies-and-lockfile" after createDependencies
[NX v22.7.2 Daemon Server] - 2026-08-09T20:47:59.493Z - [SYNC]: collect registered sync generators
[NX v22.7.2 Daemon Server] - 2026-08-09T20:47:59.494Z - [SYNC]: project graph hash is the same, not collecting task sync generators
[NX v22.7.2 Daemon Server] - 2026-08-09T20:47:59.494Z - [SYNC]: nx.json hash is the same, not collecting global sync generators
[NX v22.7.2 Daemon Server] - 2026-08-09T20:47:59.494Z - Time taken for 'total execution time for createProjectGraph()' 28.043535999953747ms
[NX v22.7.2 Daemon Server] - 2026-08-09T20:47:59.494Z - Time taken for 'createDependencies' 25.081503000110388ms
[NX v22.7.2 Daemon Server] - 2026-08-09T20:47:59.494Z - Time taken for 'nx/js/dependencies-and-lockfile:createDependencies' 24.902434000745416ms
[NX v22.7.2 Daemon Server] - 2026-08-09T20:47:59.494Z - Time taken for 'createMetadata' 0.01680800039321184ms
[NX v22.7.2 Daemon Server] - 2026-08-09T20:47:59.494Z - Time taken for 'serialize graph' 9.588188999332488ms
[NX v22.7.2 Daemon Server] - 2026-08-09T20:48:15.892Z - [WATCHER]: packages/shared/tsconfig.json was modified
[NX v22.7.2 Daemon Server] - 2026-08-09T20:48:15.892Z - [WATCHER]: File changes detected:
Created:
(none)
Updated:
  - packages/shared/tsconfig.json
Deleted:
(none)
[NX v22.7.2 Daemon Server] - 2026-08-09T20:48:15.892Z - [SYNC]: clearing sync generators cache due to file changes
[NX v22.7.2 Daemon Server] - 2026-08-09T20:48:15.893Z - [WATCHER]: Processing file changes in outputs
[NX v22.7.2 Daemon Server] - 2026-08-09T20:48:16.191Z - [WATCHER]: Processing file changes in outputs
[NX v22.7.2 Daemon Server] - 2026-08-09T20:48:16.191Z - [WATCHER]: packages/shared/tsconfig.json was modified
[NX v22.7.2 Daemon Server] - 2026-08-09T20:48:16.192Z - [WATCHER]: File changes detected:
Created:
(none)
Updated:
  - packages/shared/tsconfig.json
Deleted:
(none)
[NX v22.7.2 Daemon Server] - 2026-08-09T20:48:16.192Z - [SYNC]: clearing sync generators cache due to file changes
[NX v22.7.2 Daemon Server] - 2026-08-09T20:48:16.693Z - [REQUEST]: Updated workspace context based on watched changes, recomputing project graph...
[NX v22.7.2 Daemon Server] - 2026-08-09T20:48:16.693Z - [REQUEST]: packages/shared/tsconfig.json
[NX v22.7.2 Daemon Server] - 2026-08-09T20:48:16.693Z - [REQUEST]: 
[plugin-client] restarting worker for "@nx/angular/plugin"
[isolated-plugin] spawned worker for "@nx/angular/plugin" (pid: 847308, socket: /tmp/plugin823708-20-4227522.216314.sock)
[plugin-client] restarting worker for "nx/js/dependencies-and-lockfile"
[isolated-plugin] spawned worker for "nx/js/dependencies-and-lockfile" (pid: 847309, socket: /tmp/plugin823708-21-4227529.303639.sock)
[plugin-client] restarting worker for "nx/core/package-json"
[isolated-plugin] spawned worker for "nx/core/package-json" (pid: 847320, socket: /tmp/plugin823708-22-4227537.017897.sock)
[plugin-client] restarting worker for "nx/core/project-json"
[isolated-plugin] spawned worker for "nx/core/project-json" (pid: 847321, socket: /tmp/plugin823708-23-4227543.440749.sock)
[NX v22.7.2 Daemon Server] - 2026-08-09T20:48:16.729Z - Time taken for 'hash changed files from watcher' 0.3343670004978776ms
[plugin-worker] "nx/js/dependencies-and-lockfile" (pid: 847309) listening on /tmp/plugin823708-21-4227529.303639.sock
[isolated-plugin] connected to worker for "nx/js/dependencies-and-lockfile" (pid: 847309)
[NX v22.7.2 Daemon Server] - 2026-08-09T20:48:16.806Z - Time taken for 'start-plugin-worker:nx/js/dependencies-and-lockfile' 96.71950899995863ms
[plugin-worker] "@nx/angular/plugin" (pid: 847308) listening on /tmp/plugin823708-20-4227522.216314.sock
[plugin-worker] "nx/js/dependencies-and-lockfile" (pid: 847309) connected
Time taken for 'plugin worker 847308 code loading' 67.290501ms
Time taken for 'plugin worker 847309 code loading' 66.265157ms
[isolated-plugin] connected to worker for "@nx/angular/plugin" (pid: 847308)
[NX v22.7.2 Daemon Server] - 2026-08-09T20:48:16.816Z - Time taken for 'start-plugin-worker:@nx/angular/plugin' 114.12163599953055ms
[plugin-worker] "nx/core/package-json" (pid: 847320) listening on /tmp/plugin823708-22-4227537.017897.sock
[plugin-worker] "@nx/angular/plugin" (pid: 847308) connected
Time taken for 'plugin worker 847320 code loading' 67.543061ms
[isolated-plugin] connected to worker for "nx/core/package-json" (pid: 847320)
[NX v22.7.2 Daemon Server] - 2026-08-09T20:48:16.818Z - Time taken for 'start-plugin-worker:nx/core/package-json' 101.54830799996853ms
[plugin-worker] "nx/core/package-json" (pid: 847320) connected
[plugin-worker] "nx/core/project-json" (pid: 847321) listening on /tmp/plugin823708-23-4227543.440749.sock
Time taken for 'plugin worker 847321 code loading' 78.516287ms
[plugin-worker] "nx/js/dependencies-and-lockfile" (pid: 847309) loaded successfully
[isolated-plugin] connected to worker for "nx/core/project-json" (pid: 847321)
[NX v22.7.2 Daemon Server] - 2026-08-09T20:48:16.834Z - Time taken for 'start-plugin-worker:nx/core/project-json' 111.11140200030059ms
[plugin-worker] "nx/core/project-json" (pid: 847321) connected
[plugin-worker] "nx/core/package-json" (pid: 847320) loaded successfully
[isolated-plugin] shutting down worker for "nx/core/package-json" after createNodes
Time taken for 'nx/js/dependencies-and-lockfile:createNodes' 22.667102000000014ms
[plugin-worker] "nx/core/project-json" (pid: 847321) loaded successfully
[isolated-plugin] shutting down worker for "nx/core/project-json" after createNodes
[plugin-worker] "@nx/angular/plugin" (pid: 847308) loaded successfully
[isolated-plugin] shutting down worker for "@nx/angular/plugin" after createNodes
[NX v22.7.2 Daemon Server] - 2026-08-09T20:48:16.901Z - Time taken for 'build-project-configs' 193.63054199982435ms
[NX v22.7.2 Daemon Server] - 2026-08-09T20:48:16.901Z - Time taken for 'createNodes:merge' 1.245486999861896ms
[NX v22.7.2 Daemon Server] - 2026-08-09T20:48:16.901Z - Time taken for 'get-all-workspace-files' 0.062308999709784985ms
Time taken for 'build typescript dependencies' 4.237207000000012ms
[isolated-plugin] shutting down worker for "nx/js/dependencies-and-lockfile" after createDependencies
[NX v22.7.2 Daemon Server] - 2026-08-09T20:48:16.922Z - [SYNC]: collect registered sync generators
[NX v22.7.2 Daemon Server] - 2026-08-09T20:48:16.922Z - [SYNC]: project graph hash is the same, not collecting task sync generators
[NX v22.7.2 Daemon Server] - 2026-08-09T20:48:16.922Z - [SYNC]: nx.json hash is the same, not collecting global sync generators
[NX v22.7.2 Daemon Server] - 2026-08-09T20:48:16.922Z - Time taken for 'total execution time for createProjectGraph()' 22.703982999548316ms
[NX v22.7.2 Daemon Server] - 2026-08-09T20:48:16.922Z - Time taken for 'createDependencies' 19.107828000560403ms
[NX v22.7.2 Daemon Server] - 2026-08-09T20:48:16.922Z - Time taken for 'nx/js/dependencies-and-lockfile:createDependencies' 18.94838499929756ms
[NX v22.7.2 Daemon Server] - 2026-08-09T20:48:16.922Z - Time taken for 'createMetadata' 0.014322999864816666ms
[NX v22.7.2 Daemon Server] - 2026-08-09T20:48:16.922Z - Time taken for 'serialize graph' 3.2889040000736713ms
[NX v22.7.2 Daemon Server] - 2026-08-09T20:48:21.364Z - [WATCHER]: packages/shared/tsconfig.json was modified
[NX v22.7.2 Daemon Server] - 2026-08-09T20:48:21.364Z - [WATCHER]: File changes detected:
Created:
(none)
Updated:
  - packages/shared/tsconfig.json
Deleted:
(none)
[NX v22.7.2 Daemon Server] - 2026-08-09T20:48:21.364Z - [SYNC]: clearing sync generators cache due to file changes
[NX v22.7.2 Daemon Server] - 2026-08-09T20:48:21.365Z - [WATCHER]: Processing file changes in outputs
[NX v22.7.2 Daemon Server] - 2026-08-09T20:48:22.966Z - [REQUEST]: Updated workspace context based on watched changes, recomputing project graph...
[NX v22.7.2 Daemon Server] - 2026-08-09T20:48:22.966Z - [REQUEST]: packages/shared/tsconfig.json
[NX v22.7.2 Daemon Server] - 2026-08-09T20:48:22.966Z - [REQUEST]: 
[plugin-client] restarting worker for "@nx/angular/plugin"
[isolated-plugin] spawned worker for "@nx/angular/plugin" (pid: 847614, socket: /tmp/plugin823708-24-4233794.884077.sock)
[plugin-client] restarting worker for "nx/js/dependencies-and-lockfile"
[isolated-plugin] spawned worker for "nx/js/dependencies-and-lockfile" (pid: 847615, socket: /tmp/plugin823708-25-4233802.799802.sock)
[plugin-client] restarting worker for "nx/core/package-json"
[isolated-plugin] spawned worker for "nx/core/package-json" (pid: 847621, socket: /tmp/plugin823708-26-4233809.116968.sock)
[plugin-client] restarting worker for "nx/core/project-json"
[isolated-plugin] spawned worker for "nx/core/project-json" (pid: 847632, socket: /tmp/plugin823708-27-4233816.114691.sock)
[NX v22.7.2 Daemon Server] - 2026-08-09T20:48:23.003Z - Time taken for 'hash changed files from watcher' 0.28147600032389164ms
[plugin-worker] "@nx/angular/plugin" (pid: 847614) listening on /tmp/plugin823708-24-4233794.884077.sock
Time taken for 'plugin worker 847614 code loading' 66.213703ms
[isolated-plugin] connected to worker for "@nx/angular/plugin" (pid: 847614)
[NX v22.7.2 Daemon Server] - 2026-08-09T20:48:23.079Z - Time taken for 'start-plugin-worker:@nx/angular/plugin' 104.52963500004262ms
[plugin-worker] "@nx/angular/plugin" (pid: 847614) connected
[plugin-worker] "nx/core/package-json" (pid: 847621) listening on /tmp/plugin823708-26-4233809.116968.sock
Time taken for 'plugin worker 847621 code loading' 63.012401ms
[plugin-worker] "nx/js/dependencies-and-lockfile" (pid: 847615) listening on /tmp/plugin823708-25-4233802.799802.sock
Time taken for 'plugin worker 847615 code loading' 68.207632ms
[isolated-plugin] connected to worker for "nx/js/dependencies-and-lockfile" (pid: 847615)
[isolated-plugin] connected to worker for "nx/core/package-json" (pid: 847621)
[NX v22.7.2 Daemon Server] - 2026-08-09T20:48:23.090Z - Time taken for 'start-plugin-worker:nx/js/dependencies-and-lockfile' 107.35135000012815ms
[NX v22.7.2 Daemon Server] - 2026-08-09T20:48:23.090Z - Time taken for 'start-plugin-worker:nx/core/package-json' 101.32254800014198ms
[plugin-worker] "nx/core/package-json" (pid: 847621) connected
[plugin-worker] "nx/js/dependencies-and-lockfile" (pid: 847615) connected
[plugin-worker] "nx/core/package-json" (pid: 847621) loaded successfully
[isolated-plugin] shutting down worker for "nx/core/package-json" after createNodes
[plugin-worker] "nx/js/dependencies-and-lockfile" (pid: 847615) loaded successfully
[plugin-worker] "nx/core/project-json" (pid: 847632) listening on /tmp/plugin823708-27-4233816.114691.sock
Time taken for 'plugin worker 847632 code loading' 104.17926800000001ms
[isolated-plugin] connected to worker for "nx/core/project-json" (pid: 847632)
[NX v22.7.2 Daemon Server] - 2026-08-09T20:48:23.139Z - Time taken for 'start-plugin-worker:nx/core/project-json' 143.58221499994397ms
[plugin-worker] "nx/core/project-json" (pid: 847632) connected
Time taken for 'nx/js/dependencies-and-lockfile:createNodes' 20.403205999999983ms
[plugin-worker] "@nx/angular/plugin" (pid: 847614) loaded successfully
[isolated-plugin] shutting down worker for "@nx/angular/plugin" after createNodes
[plugin-worker] "nx/core/project-json" (pid: 847632) loaded successfully
[isolated-plugin] shutting down worker for "nx/core/project-json" after createNodes
[NX v22.7.2 Daemon Server] - 2026-08-09T20:48:23.474Z - Time taken for 'build-project-configs' 494.3106050007045ms
[NX v22.7.2 Daemon Server] - 2026-08-09T20:48:23.474Z - Time taken for 'createNodes:merge' 1.0258770007640123ms
[NX v22.7.2 Daemon Server] - 2026-08-09T20:48:23.474Z - Time taken for 'get-all-workspace-files' 0.06338499952107668ms
Time taken for 'build typescript dependencies' 0.19525700000002644ms
[isolated-plugin] shutting down worker for "nx/js/dependencies-and-lockfile" after createDependencies
[NX v22.7.2 Daemon Server] - 2026-08-09T20:48:23.503Z - [SYNC]: collect registered sync generators
[NX v22.7.2 Daemon Server] - 2026-08-09T20:48:23.503Z - [SYNC]: project graph hash is the same, not collecting task sync generators
[NX v22.7.2 Daemon Server] - 2026-08-09T20:48:23.503Z - [SYNC]: nx.json hash is the same, not collecting global sync generators
[NX v22.7.2 Daemon Server] - 2026-08-09T20:48:23.503Z - Time taken for 'total execution time for createProjectGraph()' 30.309705999679863ms
[NX v22.7.2 Daemon Server] - 2026-08-09T20:48:23.503Z - Time taken for 'createDependencies' 27.81472299993038ms
[NX v22.7.2 Daemon Server] - 2026-08-09T20:48:23.503Z - Time taken for 'nx/js/dependencies-and-lockfile:createDependencies' 27.61186799965799ms
[NX v22.7.2 Daemon Server] - 2026-08-09T20:48:23.503Z - Time taken for 'createMetadata' 0.015169000253081322ms
[NX v22.7.2 Daemon Server] - 2026-08-09T20:48:23.503Z - Time taken for 'serialize graph' 3.307707999832928ms
[NX v22.7.2 Daemon Server] - 2026-08-09T20:48:33.964Z - [WATCHER]: packages/shared/tsconfig.json was modified
[NX v22.7.2 Daemon Server] - 2026-08-09T20:48:33.965Z - [WATCHER]: File changes detected:
Created:
(none)
Updated:
  - packages/shared/tsconfig.json
Deleted:
(none)
[NX v22.7.2 Daemon Server] - 2026-08-09T20:48:33.965Z - [SYNC]: clearing sync generators cache due to file changes
[NX v22.7.2 Daemon Server] - 2026-08-09T20:48:33.965Z - [WATCHER]: Processing file changes in outputs
[NX v22.7.2 Daemon Server] - 2026-08-09T20:48:37.166Z - [REQUEST]: Updated workspace context based on watched changes, recomputing project graph...
[NX v22.7.2 Daemon Server] - 2026-08-09T20:48:37.166Z - [REQUEST]: packages/shared/tsconfig.json
[NX v22.7.2 Daemon Server] - 2026-08-09T20:48:37.166Z - [REQUEST]: 
[plugin-client] restarting worker for "@nx/angular/plugin"
[isolated-plugin] spawned worker for "@nx/angular/plugin" (pid: 847936, socket: /tmp/plugin823708-28-4247992.71682.sock)
[plugin-client] restarting worker for "nx/js/dependencies-and-lockfile"
[isolated-plugin] spawned worker for "nx/js/dependencies-and-lockfile" (pid: 847942, socket: /tmp/plugin823708-29-4248004.897624.sock)
[plugin-client] restarting worker for "nx/core/package-json"
[isolated-plugin] spawned worker for "nx/core/package-json" (pid: 847946, socket: /tmp/plugin823708-30-4248022.820835.sock)
[plugin-client] restarting worker for "nx/core/project-json"
[isolated-plugin] spawned worker for "nx/core/project-json" (pid: 847958, socket: /tmp/plugin823708-31-4248031.973247.sock)
[NX v22.7.2 Daemon Server] - 2026-08-09T20:48:37.226Z - Time taken for 'hash changed files from watcher' 0.32821099925786257ms
[plugin-worker] "@nx/angular/plugin" (pid: 847936) listening on /tmp/plugin823708-28-4247992.71682.sock
Time taken for 'plugin worker 847936 code loading' 77.019805ms
[isolated-plugin] connected to worker for "@nx/angular/plugin" (pid: 847936)
[NX v22.7.2 Daemon Server] - 2026-08-09T20:48:37.301Z - Time taken for 'start-plugin-worker:@nx/angular/plugin' 129.00441499985754ms
[plugin-worker] "@nx/angular/plugin" (pid: 847936) connected
[plugin-worker] "nx/js/dependencies-and-lockfile" (pid: 847942) listening on /tmp/plugin823708-29-4248004.897624.sock
Time taken for 'plugin worker 847942 code loading' 69.387174ms
[isolated-plugin] connected to worker for "nx/js/dependencies-and-lockfile" (pid: 847942)
[NX v22.7.2 Daemon Server] - 2026-08-09T20:48:37.312Z - Time taken for 'start-plugin-worker:nx/js/dependencies-and-lockfile' 128.02468600030988ms
[plugin-worker] "nx/js/dependencies-and-lockfile" (pid: 847942) connected
[plugin-worker] "nx/core/package-json" (pid: 847946) listening on /tmp/plugin823708-30-4248022.820835.sock
Time taken for 'plugin worker 847946 code loading' 72.59826100000001ms
[isolated-plugin] connected to worker for "nx/core/package-json" (pid: 847946)
[NX v22.7.2 Daemon Server] - 2026-08-09T20:48:37.322Z - Time taken for 'start-plugin-worker:nx/core/package-json' 119.72541199997067ms
[plugin-worker] "nx/core/package-json" (pid: 847946) connected
[plugin-worker] "nx/core/project-json" (pid: 847958) listening on /tmp/plugin823708-31-4248031.973247.sock
Time taken for 'plugin worker 847958 code loading' 68.601477ms
[isolated-plugin] connected to worker for "nx/core/project-json" (pid: 847958)
[NX v22.7.2 Daemon Server] - 2026-08-09T20:48:37.333Z - Time taken for 'start-plugin-worker:nx/core/project-json' 120.8479909999296ms
[plugin-worker] "nx/core/project-json" (pid: 847958) connected
[plugin-worker] "nx/js/dependencies-and-lockfile" (pid: 847942) loaded successfully
[plugin-worker] "nx/core/package-json" (pid: 847946) loaded successfully
[isolated-plugin] shutting down worker for "nx/core/package-json" after createNodes
[plugin-worker] "nx/core/project-json" (pid: 847958) loaded successfully
Time taken for 'nx/js/dependencies-and-lockfile:createNodes' 14.55812400000002ms
[isolated-plugin] shutting down worker for "nx/core/project-json" after createNodes
[plugin-worker] "@nx/angular/plugin" (pid: 847936) loaded successfully
[isolated-plugin] shutting down worker for "@nx/angular/plugin" after createNodes
[NX v22.7.2 Daemon Server] - 2026-08-09T20:48:37.401Z - Time taken for 'build-project-configs' 222.9094860004261ms
[NX v22.7.2 Daemon Server] - 2026-08-09T20:48:37.401Z - Time taken for 'createNodes:merge' 0.8778590001165867ms
[NX v22.7.2 Daemon Server] - 2026-08-09T20:48:37.401Z - Time taken for 'get-all-workspace-files' 0.0593860000371933ms
Time taken for 'build typescript dependencies' 5.014208999999994ms
[isolated-plugin] shutting down worker for "nx/js/dependencies-and-lockfile" after createDependencies
[NX v22.7.2 Daemon Server] - 2026-08-09T20:48:37.422Z - [SYNC]: collect registered sync generators
[NX v22.7.2 Daemon Server] - 2026-08-09T20:48:37.423Z - [SYNC]: project graph hash is the same, not collecting task sync generators
[NX v22.7.2 Daemon Server] - 2026-08-09T20:48:37.423Z - [SYNC]: nx.json hash is the same, not collecting global sync generators
[NX v22.7.2 Daemon Server] - 2026-08-09T20:48:37.423Z - Time taken for 'total execution time for createProjectGraph()' 23.918564000166953ms
[NX v22.7.2 Daemon Server] - 2026-08-09T20:48:37.423Z - Time taken for 'createDependencies' 21.395073999650776ms
[NX v22.7.2 Daemon Server] - 2026-08-09T20:48:37.423Z - Time taken for 'nx/js/dependencies-and-lockfile:createDependencies' 21.252925999462605ms
[NX v22.7.2 Daemon Server] - 2026-08-09T20:48:37.423Z - Time taken for 'createMetadata' 0.012463999912142754ms
[NX v22.7.2 Daemon Server] - 2026-08-09T20:48:37.423Z - Time taken for 'serialize graph' 3.078491000458598ms
[NX v22.7.2 Daemon Server] - 2026-08-09T20:49:02.154Z - [WATCHER]: tsconfig.base.json was modified
[NX v22.7.2 Daemon Server] - 2026-08-09T20:49:02.155Z - [WATCHER]: File changes detected:
Created:
(none)
Updated:
  - tsconfig.base.json
Deleted:
(none)
[NX v22.7.2 Daemon Server] - 2026-08-09T20:49:02.155Z - [SYNC]: clearing sync generators cache due to file changes
[NX v22.7.2 Daemon Server] - 2026-08-09T20:49:02.155Z - [WATCHER]: Processing file changes in outputs
[NX v22.7.2 Daemon Server] - 2026-08-09T20:49:08.556Z - [REQUEST]: Updated workspace context based on watched changes, recomputing project graph...
[NX v22.7.2 Daemon Server] - 2026-08-09T20:49:08.556Z - [REQUEST]: tsconfig.base.json
[NX v22.7.2 Daemon Server] - 2026-08-09T20:49:08.556Z - [REQUEST]: 
[plugin-client] restarting worker for "@nx/angular/plugin"
[isolated-plugin] spawned worker for "@nx/angular/plugin" (pid: 848399, socket: /tmp/plugin823708-32-4279386.408036.sock)
[plugin-client] restarting worker for "nx/js/dependencies-and-lockfile"
[isolated-plugin] spawned worker for "nx/js/dependencies-and-lockfile" (pid: 848400, socket: /tmp/plugin823708-33-4279397.075278.sock)
[plugin-client] restarting worker for "nx/core/package-json"
[isolated-plugin] spawned worker for "nx/core/package-json" (pid: 848407, socket: /tmp/plugin823708-34-4279408.95852.sock)
[plugin-client] restarting worker for "nx/core/project-json"
[isolated-plugin] spawned worker for "nx/core/project-json" (pid: 848412, socket: /tmp/plugin823708-35-4279419.93376.sock)
[NX v22.7.2 Daemon Server] - 2026-08-09T20:49:08.607Z - Time taken for 'hash changed files from watcher' 0.41924700047820807ms
[plugin-worker] "@nx/angular/plugin" (pid: 848399) listening on /tmp/plugin823708-32-4279386.408036.sock
Time taken for 'plugin worker 848399 code loading' 53.965718ms
[plugin-worker] "nx/js/dependencies-and-lockfile" (pid: 848400) listening on /tmp/plugin823708-33-4279397.075278.sock
Time taken for 'plugin worker 848400 code loading' 56.038229ms
[isolated-plugin] connected to worker for "@nx/angular/plugin" (pid: 848399)
[isolated-plugin] connected to worker for "nx/js/dependencies-and-lockfile" (pid: 848400)
[NX v22.7.2 Daemon Server] - 2026-08-09T20:49:08.674Z - Time taken for 'start-plugin-worker:@nx/angular/plugin' 109.6052159992978ms
[NX v22.7.2 Daemon Server] - 2026-08-09T20:49:08.674Z - Time taken for 'start-plugin-worker:nx/js/dependencies-and-lockfile' 99.04889000020921ms
[plugin-worker] "nx/js/dependencies-and-lockfile" (pid: 848400) connected
[plugin-worker] "@nx/angular/plugin" (pid: 848399) connected
[plugin-worker] "nx/core/package-json" (pid: 848407) listening on /tmp/plugin823708-34-4279408.95852.sock
Time taken for 'plugin worker 848407 code loading' 60.244723ms
[isolated-plugin] connected to worker for "nx/core/package-json" (pid: 848407)
[NX v22.7.2 Daemon Server] - 2026-08-09T20:49:08.695Z - Time taken for 'start-plugin-worker:nx/core/package-json' 108.60003400035203ms
[plugin-worker] "nx/core/project-json" (pid: 848412) listening on /tmp/plugin823708-35-4279419.93376.sock
Time taken for 'plugin worker 848412 code loading' 58.846355ms
[plugin-worker] "nx/core/package-json" (pid: 848407) connected
[plugin-worker] "nx/js/dependencies-and-lockfile" (pid: 848400) loaded successfully
[isolated-plugin] connected to worker for "nx/core/project-json" (pid: 848412)
[NX v22.7.2 Daemon Server] - 2026-08-09T20:49:08.702Z - Time taken for 'start-plugin-worker:nx/core/project-json' 103.91638599988073ms
[plugin-worker] "nx/core/project-json" (pid: 848412) connected
Time taken for 'nx/js/dependencies-and-lockfile:createNodes' 20.938654000000014ms
[plugin-worker] "nx/core/package-json" (pid: 848407) loaded successfully
[isolated-plugin] shutting down worker for "nx/core/package-json" after createNodes
[plugin-worker] "nx/core/project-json" (pid: 848412) loaded successfully
[isolated-plugin] shutting down worker for "nx/core/project-json" after createNodes
[plugin-worker] "@nx/angular/plugin" (pid: 848399) loaded successfully
[isolated-plugin] shutting down worker for "@nx/angular/plugin" after createNodes
[NX v22.7.2 Daemon Server] - 2026-08-09T20:49:08.787Z - Time taken for 'build-project-configs' 213.5448420001194ms
[NX v22.7.2 Daemon Server] - 2026-08-09T20:49:08.787Z - Time taken for 'createNodes:merge' 1.222893999889493ms
[NX v22.7.2 Daemon Server] - 2026-08-09T20:49:08.787Z - Time taken for 'get-all-workspace-files' 0.07906000036746264ms
Time taken for 'build typescript dependencies' 0.2277029999999911ms
[isolated-plugin] shutting down worker for "nx/js/dependencies-and-lockfile" after createDependencies
[NX v22.7.2 Daemon Server] - 2026-08-09T20:49:08.803Z - [SYNC]: collect registered sync generators
[NX v22.7.2 Daemon Server] - 2026-08-09T20:49:08.803Z - [SYNC]: project graph hash is the same, not collecting task sync generators
[NX v22.7.2 Daemon Server] - 2026-08-09T20:49:08.804Z - [SYNC]: nx.json hash is the same, not collecting global sync generators
[NX v22.7.2 Daemon Server] - 2026-08-09T20:49:08.804Z - Time taken for 'total execution time for createProjectGraph()' 21.900095999240875ms
[NX v22.7.2 Daemon Server] - 2026-08-09T20:49:08.804Z - Time taken for 'createDependencies' 17.42465400043875ms
[NX v22.7.2 Daemon Server] - 2026-08-09T20:49:08.804Z - Time taken for 'nx/js/dependencies-and-lockfile:createDependencies' 17.231979000382125ms
[NX v22.7.2 Daemon Server] - 2026-08-09T20:49:08.804Z - Time taken for 'createMetadata' 0.012668999843299389ms
[NX v22.7.2 Daemon Server] - 2026-08-09T20:49:08.804Z - Time taken for 'serialize graph' 3.5634009996429086ms
[NX v22.7.2 Daemon Server] - 2026-08-09T20:49:15.144Z - [WATCHER]: tsconfig.base.json was modified
[NX v22.7.2 Daemon Server] - 2026-08-09T20:49:15.144Z - [WATCHER]: File changes detected:
Created:
(none)
Updated:
  - tsconfig.base.json
Deleted:
(none)
[NX v22.7.2 Daemon Server] - 2026-08-09T20:49:15.144Z - [SYNC]: clearing sync generators cache due to file changes
[NX v22.7.2 Daemon Server] - 2026-08-09T20:49:15.144Z - [WATCHER]: Processing file changes in outputs
[NX v22.7.2 Daemon Server] - 2026-08-09T20:49:21.545Z - [REQUEST]: Updated workspace context based on watched changes, recomputing project graph...
[NX v22.7.2 Daemon Server] - 2026-08-09T20:49:21.545Z - [REQUEST]: tsconfig.base.json
[NX v22.7.2 Daemon Server] - 2026-08-09T20:49:21.545Z - [REQUEST]: 
[plugin-client] restarting worker for "@nx/angular/plugin"
[isolated-plugin] spawned worker for "@nx/angular/plugin" (pid: 848714, socket: /tmp/plugin823708-36-4292377.944455.sock)
[plugin-client] restarting worker for "nx/js/dependencies-and-lockfile"
[isolated-plugin] spawned worker for "nx/js/dependencies-and-lockfile" (pid: 848715, socket: /tmp/plugin823708-37-4292384.80173.sock)
[plugin-client] restarting worker for "nx/core/package-json"
[isolated-plugin] spawned worker for "nx/core/package-json" (pid: 848726, socket: /tmp/plugin823708-38-4292391.098605.sock)
[plugin-client] restarting worker for "nx/core/project-json"
[isolated-plugin] spawned worker for "nx/core/project-json" (pid: 848727, socket: /tmp/plugin823708-39-4292398.414846.sock)
[NX v22.7.2 Daemon Server] - 2026-08-09T20:49:21.579Z - Time taken for 'hash changed files from watcher' 0.3715579994022846ms
[plugin-worker] "nx/js/dependencies-and-lockfile" (pid: 848715) listening on /tmp/plugin823708-37-4292384.80173.sock
Time taken for 'plugin worker 848715 code loading' 72.928898ms
[plugin-worker] "@nx/angular/plugin" (pid: 848714) listening on /tmp/plugin823708-36-4292377.944455.sock
[isolated-plugin] connected to worker for "@nx/angular/plugin" (pid: 848714)
[isolated-plugin] connected to worker for "nx/js/dependencies-and-lockfile" (pid: 848715)
[NX v22.7.2 Daemon Server] - 2026-08-09T20:49:21.666Z - Time taken for 'start-plugin-worker:@nx/angular/plugin' 113.00799199938774ms
[NX v22.7.2 Daemon Server] - 2026-08-09T20:49:21.666Z - Time taken for 'start-plugin-worker:nx/js/dependencies-and-lockfile' 106.44985700026155ms
[plugin-worker] "@nx/angular/plugin" (pid: 848714) connected
[plugin-worker] "nx/js/dependencies-and-lockfile" (pid: 848715) connected
Time taken for 'plugin worker 848714 code loading' 79.78402899999999ms
[plugin-worker] "nx/core/project-json" (pid: 848727) listening on /tmp/plugin823708-39-4292398.414846.sock
[plugin-worker] "nx/core/package-json" (pid: 848726) listening on /tmp/plugin823708-38-4292391.098605.sock
[isolated-plugin] connected to worker for "nx/core/project-json" (pid: 848727)
[NX v22.7.2 Daemon Server] - 2026-08-09T20:49:21.683Z - Time taken for 'start-plugin-worker:nx/core/project-json' 109.77186999935657ms
Time taken for 'plugin worker 848727 code loading' 71.974982ms
[plugin-worker] "nx/core/project-json" (pid: 848727) connected
Time taken for 'plugin worker 848726 code loading' 79.255903ms
[isolated-plugin] connected to worker for "nx/core/package-json" (pid: 848726)
[NX v22.7.2 Daemon Server] - 2026-08-09T20:49:21.690Z - Time taken for 'start-plugin-worker:nx/core/package-json' 124.0954900002107ms
[plugin-worker] "nx/core/package-json" (pid: 848726) connected
[plugin-worker] "nx/js/dependencies-and-lockfile" (pid: 848715) loaded successfully
Time taken for 'nx/js/dependencies-and-lockfile:createNodes' 13.881804999999986ms
[plugin-worker] "nx/core/package-json" (pid: 848726) loaded successfully
[plugin-worker] "nx/core/project-json" (pid: 848727) loaded successfully
[isolated-plugin] shutting down worker for "nx/core/package-json" after createNodes
[isolated-plugin] shutting down worker for "nx/core/project-json" after createNodes
[plugin-worker] "@nx/angular/plugin" (pid: 848714) loaded successfully
[isolated-plugin] shutting down worker for "@nx/angular/plugin" after createNodes
[NX v22.7.2 Daemon Server] - 2026-08-09T20:49:21.753Z - Time taken for 'build-project-configs' 194.5852200007066ms
[NX v22.7.2 Daemon Server] - 2026-08-09T20:49:21.753Z - Time taken for 'createNodes:merge' 1.1849289992824197ms
[NX v22.7.2 Daemon Server] - 2026-08-09T20:49:21.753Z - Time taken for 'get-all-workspace-files' 0.0826019998639822ms
Time taken for 'build typescript dependencies' 0.1451849999999979ms
[isolated-plugin] shutting down worker for "nx/js/dependencies-and-lockfile" after createDependencies
[NX v22.7.2 Daemon Server] - 2026-08-09T20:49:21.771Z - [SYNC]: collect registered sync generators
[NX v22.7.2 Daemon Server] - 2026-08-09T20:49:21.771Z - [SYNC]: project graph hash is the same, not collecting task sync generators
[NX v22.7.2 Daemon Server] - 2026-08-09T20:49:21.771Z - [SYNC]: nx.json hash is the same, not collecting global sync generators
[NX v22.7.2 Daemon Server] - 2026-08-09T20:49:21.772Z - Time taken for 'total execution time for createProjectGraph()' 19.66392199974507ms
[NX v22.7.2 Daemon Server] - 2026-08-09T20:49:21.772Z - Time taken for 'createDependencies' 16.67991099972278ms
[NX v22.7.2 Daemon Server] - 2026-08-09T20:49:21.772Z - Time taken for 'nx/js/dependencies-and-lockfile:createDependencies' 16.4998169997707ms
[NX v22.7.2 Daemon Server] - 2026-08-09T20:49:21.772Z - Time taken for 'createMetadata' 0.021217000670731068ms
[NX v22.7.2 Daemon Server] - 2026-08-09T20:49:21.772Z - Time taken for 'serialize graph' 3.8139549996703863ms
[NX v22.7.2 Daemon Server] - 2026-08-09T20:49:36.419Z - Established a connection. Number of open connections: 1
[NX v22.7.2 Daemon Server] - 2026-08-09T20:49:36.422Z - Closed a connection. Number of open connections: 0
[NX v22.7.2 Daemon Server] - 2026-08-09T20:49:36.423Z - Established a connection. Number of open connections: 1
[NX v22.7.2 Daemon Server] - 2026-08-09T20:49:36.423Z - Closed a connection. Number of open connections: 0
[NX v22.7.2 Daemon Server] - 2026-08-09T20:49:36.424Z - Established a connection. Number of open connections: 1
[NX v22.7.2 Daemon Client] - 2026-08-09T20:49:36.424Z - [Messenger] Setting up socket listeners
[NX v22.7.2 Daemon Client] - 2026-08-09T20:49:36.424Z - [Messenger] listen() complete
[NX v22.7.2 Daemon Client] - 2026-08-09T20:49:36.538Z - [Messenger] Sending message type: GET_NX_CONSOLE_STATUS
[NX v22.7.2 Daemon Client] - 2026-08-09T20:49:36.539Z - [Messenger] Message sent
[NX v22.7.2 Daemon Server] - 2026-08-09T20:49:36.540Z - Received raw message of length 5208
[NX v22.7.2 Daemon Server] - 2026-08-09T20:49:36.540Z - Received json message of type GET_NX_CONSOLE_STATUS
[NX v22.7.2 Daemon Server] - 2026-08-09T20:49:36.540Z - Refreshing env var ATUIN_HISTORY_ID from client connection.
[NX v22.7.2 Daemon Server] - 2026-08-09T20:49:36.540Z - Graph recompute necessary due to env variable refresh
[NX v22.7.2 Daemon Server] - 2026-08-09T20:49:36.541Z - Serializing response for GET_NX_CONSOLE_STATUS message in json mode
[NX v22.7.2 Daemon Server] - 2026-08-09T20:49:36.541Z - Responding to GET_NX_CONSOLE_STATUS message
[NX v22.7.2 Daemon Server] - 2026-08-09T20:49:36.542Z - [REQUEST]: Responding to the client. handleGetNxConsoleStatus
[NX v22.7.2 Daemon Server] - 2026-08-09T20:49:36.542Z - Done responding to the client handleGetNxConsoleStatus
[NX v22.7.2 Daemon Server] - 2026-08-09T20:49:36.542Z - Handled json message GET_NX_CONSOLE_STATUS. Handling time: 0. Response time: 1.
[NX v22.7.2 Daemon Client] - 2026-08-09T20:49:36.543Z - [Messenger] Received message, length: 22
[NX v22.7.2 Daemon Client] - 2026-08-09T20:49:36.572Z - [Messenger] Sending message type: REQUEST_PROJECT_GRAPH
[NX v22.7.2 Daemon Client] - 2026-08-09T20:49:36.573Z - [Messenger] Message sent
[NX v22.7.2 Daemon Server] - 2026-08-09T20:49:36.573Z - Received raw message of length 32
[NX v22.7.2 Daemon Server] - 2026-08-09T20:49:36.573Z - Received json message of type REQUEST_PROJECT_GRAPH
[NX v22.7.2 Daemon Server] - 2026-08-09T20:49:36.573Z - [REQUEST]: Client Request for Project Graph Received
[NX v22.7.2 Daemon Server] - 2026-08-09T20:49:36.574Z - [REQUEST]: Updated workspace context based on watched changes, recomputing project graph...
[NX v22.7.2 Daemon Server] - 2026-08-09T20:49:36.574Z - [REQUEST]: 
[NX v22.7.2 Daemon Server] - 2026-08-09T20:49:36.574Z - [REQUEST]: 
[NX v22.7.2 Daemon Server] - 2026-08-09T20:49:36.581Z - No files changed, but no in-memory cached project graph found. Recomputing it...
[NX v22.7.2 Daemon Server] - 2026-08-09T20:49:36.581Z - Streaming message to client: progress update for topic graph-construction
[plugin-client] restarting worker for "@nx/angular/plugin"
[NX v22.7.2 Daemon Client] - 2026-08-09T20:49:36.581Z - [Messenger] Received message, length: 47
[isolated-plugin] spawned worker for "@nx/angular/plugin" (pid: 848925, socket: /tmp/plugin823708-40-4307406.906445.sock)
[plugin-client] restarting worker for "nx/js/dependencies-and-lockfile"
[isolated-plugin] spawned worker for "nx/js/dependencies-and-lockfile" (pid: 848931, socket: /tmp/plugin823708-41-4307414.234897.sock)
[plugin-client] restarting worker for "nx/core/package-json"
[isolated-plugin] spawned worker for "nx/core/package-json" (pid: 848933, socket: /tmp/plugin823708-42-4307424.302125.sock)
[plugin-client] restarting worker for "nx/core/project-json"
[isolated-plugin] spawned worker for "nx/core/project-json" (pid: 848939, socket: /tmp/plugin823708-43-4307430.576262.sock)
[NX v22.7.2 Daemon Server] - 2026-08-09T20:49:36.611Z - Time taken for 'hash changed files from watcher' 0.3955540005117655ms
[plugin-worker] "@nx/angular/plugin" (pid: 848925) listening on /tmp/plugin823708-40-4307406.906445.sock
Time taken for 'plugin worker 848925 code loading' 61.953391ms
[isolated-plugin] connected to worker for "@nx/angular/plugin" (pid: 848925)
[NX v22.7.2 Daemon Server] - 2026-08-09T20:49:36.687Z - Time taken for 'start-plugin-worker:@nx/angular/plugin' 105.6766320001334ms
[plugin-worker] "@nx/angular/plugin" (pid: 848925) connected
[plugin-worker] "nx/core/package-json" (pid: 848933) listening on /tmp/plugin823708-42-4307424.302125.sock
Time taken for 'plugin worker 848933 code loading' 59.656705ms
[plugin-worker] "nx/js/dependencies-and-lockfile" (pid: 848931) listening on /tmp/plugin823708-41-4307414.234897.sock
[isolated-plugin] connected to worker for "nx/js/dependencies-and-lockfile" (pid: 848931)
[isolated-plugin] connected to worker for "nx/core/package-json" (pid: 848933)
[NX v22.7.2 Daemon Server] - 2026-08-09T20:49:36.698Z - Time taken for 'start-plugin-worker:nx/js/dependencies-and-lockfile' 109.1511289998889ms
[NX v22.7.2 Daemon Server] - 2026-08-09T20:49:36.698Z - Time taken for 'start-plugin-worker:nx/core/package-json' 99.07728500012308ms
[plugin-worker] "nx/js/dependencies-and-lockfile" (pid: 848931) connected
[plugin-worker] "nx/core/package-json" (pid: 848933) connected
Time taken for 'plugin worker 848931 code loading' 65.134304ms
[plugin-worker] "nx/core/project-json" (pid: 848939) listening on /tmp/plugin823708-43-4307430.576262.sock
Time taken for 'plugin worker 848939 code loading' 65.471758ms
[isolated-plugin] connected to worker for "nx/core/project-json" (pid: 848939)
[NX v22.7.2 Daemon Server] - 2026-08-09T20:49:36.707Z - Time taken for 'start-plugin-worker:nx/core/project-json' 102.31570599973202ms
[plugin-worker] "nx/core/project-json" (pid: 848939) connected
[plugin-worker] "nx/core/package-json" (pid: 848933) loaded successfully
[plugin-worker] "nx/js/dependencies-and-lockfile" (pid: 848931) loaded successfully
[isolated-plugin] shutting down worker for "nx/core/package-json" after createNodes
[NX v22.7.2 Daemon Server] - 2026-08-09T20:49:36.737Z - Streaming message to client: progress update for topic graph-construction
[NX v22.7.2 Daemon Client] - 2026-08-09T20:49:36.737Z - [Messenger] Received message, length: 177
[plugin-worker] "nx/core/project-json" (pid: 848939) loaded successfully
[isolated-plugin] shutting down worker for "nx/core/project-json" after createNodes
[NX v22.7.2 Daemon Server] - 2026-08-09T20:49:36.740Z - Streaming message to client: progress update for topic graph-construction
[NX v22.7.2 Daemon Client] - 2026-08-09T20:49:36.741Z - [Messenger] Received message, length: 151
Time taken for 'nx/js/dependencies-and-lockfile:createNodes' 16.498957000000004ms
[NX v22.7.2 Daemon Server] - 2026-08-09T20:49:36.750Z - Streaming message to client: progress update for topic graph-construction
[NX v22.7.2 Daemon Client] - 2026-08-09T20:49:36.751Z - [Messenger] Received message, length: 99
[plugin-worker] "@nx/angular/plugin" (pid: 848925) loaded successfully
[isolated-plugin] shutting down worker for "@nx/angular/plugin" after createNodes
[NX v22.7.2 Daemon Server] - 2026-08-09T20:49:36.789Z - Streaming message to client: progress update for topic graph-construction
[NX v22.7.2 Daemon Client] - 2026-08-09T20:49:36.789Z - [Messenger] Received message, length: 47
[NX v22.7.2 Daemon Server] - 2026-08-09T20:49:36.793Z - Streaming message to client: progress update for topic graph-construction
[NX v22.7.2 Daemon Client] - 2026-08-09T20:49:36.793Z - [Messenger] Received message, length: 47
[NX v22.7.2 Daemon Server] - 2026-08-09T20:49:36.795Z - Time taken for 'build-project-configs' 208.9446760006249ms
[NX v22.7.2 Daemon Server] - 2026-08-09T20:49:36.795Z - Time taken for 'createNodes:merge' 0.7632879996672273ms
[NX v22.7.2 Daemon Server] - 2026-08-09T20:49:36.795Z - Time taken for 'get-all-workspace-files' 0.09474699944257736ms
[isolated-plugin] shutting down worker for "nx/js/dependencies-and-lockfile" after createDependencies
[NX v22.7.2 Daemon Server] - 2026-08-09T20:49:36.805Z - Streaming message to client: progress update for topic graph-construction
[NX v22.7.2 Daemon Client] - 2026-08-09T20:49:36.805Z - [Messenger] Received message, length: 47
[NX v22.7.2 Daemon Server] - 2026-08-09T20:49:36.830Z - Wrote project graph cache to /home/m/integrations/onboarded/.nx/workspace-data/project-graph.json
[NX v22.7.2 Daemon Server] - 2026-08-09T20:49:36.830Z - Serializing response for REQUEST_PROJECT_GRAPH message in json mode
[NX v22.7.2 Daemon Server] - 2026-08-09T20:49:36.830Z - Responding to REQUEST_PROJECT_GRAPH message
[NX v22.7.2 Daemon Server] - 2026-08-09T20:49:36.830Z - [REQUEST]: Responding to the client. project-graph
[NX v22.7.2 Daemon Server] - 2026-08-09T20:49:36.837Z - Time taken for 'total for creating and serializing project graph' 257.2394509995356ms
[NX v22.7.2 Daemon Server] - 2026-08-09T20:49:36.837Z - Time taken for 'total execution time for createProjectGraph()' 16.256022000685334ms
[NX v22.7.2 Daemon Server] - 2026-08-09T20:49:36.837Z - Time taken for 'createDependencies' 13.93850199971348ms
[NX v22.7.2 Daemon Server] - 2026-08-09T20:49:36.837Z - Time taken for 'nx/js/dependencies-and-lockfile:createDependencies' 13.682958000339568ms
[NX v22.7.2 Daemon Server] - 2026-08-09T20:49:36.837Z - Time taken for 'createMetadata' 0.006756000220775604ms
[NX v22.7.2 Daemon Server] - 2026-08-09T20:49:36.837Z - Time taken for 'serialize graph' 3.146900000050664ms
[NX v22.7.2 Daemon Server] - 2026-08-09T20:49:36.837Z - Time taken for 'write cache' 20.16489800065756ms
[NX v22.7.2 Daemon Server] - 2026-08-09T20:49:36.838Z - Done responding to the client project-graph
[NX v22.7.2 Daemon Server] - 2026-08-09T20:49:36.838Z - Handled json message REQUEST_PROJECT_GRAPH. Handling time: 257. Response time: 8.
[NX v22.7.2 Daemon Client] - 2026-08-09T20:49:36.840Z - [Messenger] Received message, length: 682184
[NX v22.7.2 Daemon Client] - 2026-08-09T20:49:36.845Z - [Messenger] Sending message type: PRE_TASKS_EXECUTION
[NX v22.7.2 Daemon Client] - 2026-08-09T20:49:36.846Z - [Messenger] Message sent
[NX v22.7.2 Daemon Server] - 2026-08-09T20:49:36.846Z - Received raw message of length 855
[NX v22.7.2 Daemon Server] - 2026-08-09T20:49:36.846Z - Received json message of type PRE_TASKS_EXECUTION
[NX v22.7.2 Daemon Server] - 2026-08-09T20:49:36.846Z - Serializing response for PRE_TASKS_EXECUTION message in json mode
[NX v22.7.2 Daemon Server] - 2026-08-09T20:49:36.846Z - Responding to PRE_TASKS_EXECUTION message
[NX v22.7.2 Daemon Server] - 2026-08-09T20:49:36.846Z - [REQUEST]: Responding to the client. handleRunPreTasksExecution
[NX v22.7.2 Daemon Server] - 2026-08-09T20:49:36.847Z - Done responding to the client handleRunPreTasksExecution
[NX v22.7.2 Daemon Server] - 2026-08-09T20:49:36.847Z - Handled json message PRE_TASKS_EXECUTION. Handling time: 0. Response time: 1.
[NX v22.7.2 Daemon Server] - 2026-08-09T20:49:36.847Z - Time taken for 'preTasksExecution' 0.2429210003465414ms
[NX v22.7.2 Daemon Client] - 2026-08-09T20:49:36.925Z - [Messenger] Received message, length: 2
[NX v22.7.2 Daemon Client] - 2026-08-09T20:49:36.981Z - [Messenger] Sending message type: HASH_TASKS
[NX v22.7.2 Daemon Client] - 2026-08-09T20:49:36.981Z - [Messenger] Message sent
[NX v22.7.2 Daemon Server] - 2026-08-09T20:49:36.981Z - Received raw message of length 6459
[NX v22.7.2 Daemon Server] - 2026-08-09T20:49:36.983Z - Received json message of type HASH_TASKS
[NX v22.7.2 Daemon Server] - 2026-08-09T20:49:36.985Z - Reusing in-memory cached project graph because no files changed.
DEBUG nx::native::tasks::hash_planner: get_plans_internal COMPLETED in 10.142657ms - processed 1 tasks (setup: 8.434034ms, parallel_planning: 1.673332ms)
DEBUG nx::native::tasks::hashers::hash_workspace_files: Hashing workspace fileset with inputs: Adding "4361406078602606092" (".gitignore") to hash
DEBUG nx::native::tasks::hashers::hash_workspace_files: Hashing workspace fileset with inputs: Adding "11044632387527613089" ("nx.json") to hash
DEBUG nx::native::tasks::hashers::hash_workspace_files: Hashing workspace fileset with inputs: Hash Value: "7055248756632866157"
DEBUG nx::native::tasks::task_hasher: hash_plans COMPLETED in 5.12318ms - processed 1 plans (setup: 855.068µs, hashing: 4.258401ms, assembly: 56.357µs)
[NX v22.7.2 Daemon Server] - 2026-08-09T20:49:37.020Z - Serializing response for HASH_TASKS message in json mode
[NX v22.7.2 Daemon Server] - 2026-08-09T20:49:37.021Z - Responding to HASH_TASKS message
[NX v22.7.2 Daemon Server] - 2026-08-09T20:49:37.021Z - [REQUEST]: Responding to the client. handleHashTasks
[NX v22.7.2 Daemon Server] - 2026-08-09T20:49:37.021Z - Done responding to the client handleHashTasks
[NX v22.7.2 Daemon Server] - 2026-08-09T20:49:37.021Z - Handled json message HASH_TASKS. Handling time: 37. Response time: 1.
[NX v22.7.2 Daemon Client] - 2026-08-09T20:49:37.021Z - [Messenger] Received message, length: 593
[NX v22.7.2 Daemon Client] - 2026-08-09T20:49:37.056Z - [Messenger] Sending message type: GET_ESTIMATED_TASK_TIMINGS
[NX v22.7.2 Daemon Client] - 2026-08-09T20:49:37.057Z - [Messenger] Message sent
[NX v22.7.2 Daemon Server] - 2026-08-09T20:49:37.057Z - Received raw message of length 102
[NX v22.7.2 Daemon Server] - 2026-08-09T20:49:37.057Z - Received json message of type GET_ESTIMATED_TASK_TIMINGS
[NX v22.7.2 Daemon Server] - 2026-08-09T20:49:37.060Z - Serializing response for GET_ESTIMATED_TASK_TIMINGS message in json mode
[NX v22.7.2 Daemon Server] - 2026-08-09T20:49:37.060Z - Responding to GET_ESTIMATED_TASK_TIMINGS message
[NX v22.7.2 Daemon Server] - 2026-08-09T20:49:37.060Z - [REQUEST]: Responding to the client. handleGetEstimatedTaskTimings
[NX v22.7.2 Daemon Server] - 2026-08-09T20:49:37.060Z - Done responding to the client handleGetEstimatedTaskTimings
[NX v22.7.2 Daemon Server] - 2026-08-09T20:49:37.060Z - Handled json message GET_ESTIMATED_TASK_TIMINGS. Handling time: 3. Response time: 0.
[NX v22.7.2 Daemon Client] - 2026-08-09T20:49:37.060Z - [Messenger] Received message, length: 2
[NX v22.7.2 Daemon Client] - 2026-08-09T20:49:38.722Z - [Messenger] Sending message type: RECORD_TASK_RUNS
[NX v22.7.2 Daemon Client] - 2026-08-09T20:49:38.722Z - [Messenger] Message sent
[NX v22.7.2 Daemon Server] - 2026-08-09T20:49:38.722Z - Received raw message of length 220
[NX v22.7.2 Daemon Server] - 2026-08-09T20:49:38.723Z - Received json message of type RECORD_TASK_RUNS
[NX v22.7.2 Daemon Server] - 2026-08-09T20:49:38.731Z - Serializing response for RECORD_TASK_RUNS message in json mode
[NX v22.7.2 Daemon Server] - 2026-08-09T20:49:38.731Z - Responding to RECORD_TASK_RUNS message
[NX v22.7.2 Daemon Server] - 2026-08-09T20:49:38.731Z - [REQUEST]: Responding to the client. handleRecordTaskRuns
[NX v22.7.2 Daemon Server] - 2026-08-09T20:49:38.731Z - Done responding to the client handleRecordTaskRuns
[NX v22.7.2 Daemon Server] - 2026-08-09T20:49:38.731Z - Handled json message RECORD_TASK_RUNS. Handling time: 8. Response time: 0.
[NX v22.7.2 Daemon Client] - 2026-08-09T20:49:38.731Z - [Messenger] Received message, length: 4
[NX v22.7.2 Daemon Client] - 2026-08-09T20:49:38.732Z - [Messenger] Sending message type: GET_FLAKY_TASKS
[NX v22.7.2 Daemon Client] - 2026-08-09T20:49:38.732Z - [Messenger] Message sent
[NX v22.7.2 Daemon Server] - 2026-08-09T20:49:38.732Z - Received raw message of length 59
[NX v22.7.2 Daemon Server] - 2026-08-09T20:49:38.732Z - Received json message of type GET_FLAKY_TASKS
[NX v22.7.2 Daemon Server] - 2026-08-09T20:49:38.733Z - Serializing response for GET_FLAKY_TASKS message in json mode
[NX v22.7.2 Daemon Server] - 2026-08-09T20:49:38.733Z - Responding to GET_FLAKY_TASKS message
[NX v22.7.2 Daemon Server] - 2026-08-09T20:49:38.733Z - [REQUEST]: Responding to the client. handleGetFlakyTasks
[NX v22.7.2 Daemon Server] - 2026-08-09T20:49:38.733Z - Done responding to the client handleGetFlakyTasks
[NX v22.7.2 Daemon Server] - 2026-08-09T20:49:38.733Z - Handled json message GET_FLAKY_TASKS. Handling time: 1. Response time: 0.
[NX v22.7.2 Daemon Client] - 2026-08-09T20:49:38.733Z - [Messenger] Received message, length: 2
[NX v22.7.2 Daemon Server] - 2026-08-09T20:49:38.734Z - Established a connection. Number of open connections: 2
[NX v22.7.2 Daemon Client] - 2026-08-09T20:49:38.734Z - [Messenger] Sending message type: GET_CONFIGURE_AI_AGENTS_STATUS
[NX v22.7.2 Daemon Server] - 2026-08-09T20:49:38.734Z - Closed a connection. Number of open connections: 1
[NX v22.7.2 Daemon Client] - 2026-08-09T20:49:38.734Z - [Messenger] Message sent
[NX v22.7.2 Daemon Server] - 2026-08-09T20:49:38.734Z - Received raw message of length 41
[NX v22.7.2 Daemon Server] - 2026-08-09T20:49:38.734Z - Received json message of type GET_CONFIGURE_AI_AGENTS_STATUS
[NX v22.7.2 Daemon Server] - 2026-08-09T20:49:38.734Z - [AI-AGENTS]: Returning cached agent configuration status
[NX v22.7.2 Daemon Server] - 2026-08-09T20:49:38.734Z - Serializing response for GET_CONFIGURE_AI_AGENTS_STATUS message in json mode
[NX v22.7.2 Daemon Server] - 2026-08-09T20:49:38.734Z - Responding to GET_CONFIGURE_AI_AGENTS_STATUS message
[NX v22.7.2 Daemon Server] - 2026-08-09T20:49:38.734Z - [REQUEST]: Responding to the client. handleGetConfigureAiAgentsStatus
[NX v22.7.2 Daemon Server] - 2026-08-09T20:49:38.734Z - Done responding to the client handleGetConfigureAiAgentsStatus
[NX v22.7.2 Daemon Server] - 2026-08-09T20:49:38.734Z - Handled json message GET_CONFIGURE_AI_AGENTS_STATUS. Handling time: 0. Response time: 0.
[NX v22.7.2 Daemon Client] - 2026-08-09T20:49:38.734Z - [Messenger] Received message, length: 104
[NX v22.7.2 Daemon Client] - 2026-08-09T20:49:38.735Z - [Messenger] Sending message type: POST_TASKS_EXECUTION
[NX v22.7.2 Daemon Client] - 2026-08-09T20:49:38.735Z - [Messenger] Message sent
[NX v22.7.2 Daemon Server] - 2026-08-09T20:49:38.735Z - Received raw message of length 2272
[NX v22.7.2 Daemon Server] - 2026-08-09T20:49:38.736Z - Received json message of type POST_TASKS_EXECUTION
[NX v22.7.2 Daemon Server] - 2026-08-09T20:49:38.736Z - Serializing response for POST_TASKS_EXECUTION message in json mode
[NX v22.7.2 Daemon Server] - 2026-08-09T20:49:38.736Z - Responding to POST_TASKS_EXECUTION message
[NX v22.7.2 Daemon Server] - 2026-08-09T20:49:38.736Z - [REQUEST]: Responding to the client. handleRunPostTasksExecution
[NX v22.7.2 Daemon Server] - 2026-08-09T20:49:38.736Z - Done responding to the client handleRunPostTasksExecution
[NX v22.7.2 Daemon Server] - 2026-08-09T20:49:38.736Z - Handled json message POST_TASKS_EXECUTION. Handling time: 0. Response time: 0.
[NX v22.7.2 Daemon Server] - 2026-08-09T20:49:38.736Z - Time taken for 'postTasksExecution' 0.21842799987643957ms
[NX v22.7.2 Daemon Client] - 2026-08-09T20:49:38.736Z - [Messenger] Received message, length: 4
[NX v22.7.2 Daemon Server] - 2026-08-09T20:49:38.747Z - Closed a connection. Number of open connections: 0
[NX v22.7.2 Daemon Server] - 2026-08-09T20:49:55.379Z - [WATCHER]: tsconfig.base.json was modified
[NX v22.7.2 Daemon Server] - 2026-08-09T20:49:55.379Z - [WATCHER]: File changes detected:
Created:
(none)
Updated:
  - tsconfig.base.json
Deleted:
(none)
[NX v22.7.2 Daemon Server] - 2026-08-09T20:49:55.379Z - [SYNC]: clearing sync generators cache due to file changes
[NX v22.7.2 Daemon Server] - 2026-08-09T20:49:55.380Z - [WATCHER]: Processing file changes in outputs
[NX v22.7.2 Daemon Server] - 2026-08-09T20:49:55.480Z - [REQUEST]: Updated workspace context based on watched changes, recomputing project graph...
[NX v22.7.2 Daemon Server] - 2026-08-09T20:49:55.480Z - [REQUEST]: tsconfig.base.json
[NX v22.7.2 Daemon Server] - 2026-08-09T20:49:55.480Z - [REQUEST]: 
[plugin-client] restarting worker for "@nx/angular/plugin"
[isolated-plugin] spawned worker for "@nx/angular/plugin" (pid: 849311, socket: /tmp/plugin823708-44-4326314.389106.sock)
[plugin-client] restarting worker for "nx/js/dependencies-and-lockfile"
[isolated-plugin] spawned worker for "nx/js/dependencies-and-lockfile" (pid: 849312, socket: /tmp/plugin823708-45-4326321.204462.sock)
[plugin-client] restarting worker for "nx/core/package-json"
[isolated-plugin] spawned worker for "nx/core/package-json" (pid: 849318, socket: /tmp/plugin823708-46-4326327.079064.sock)
[plugin-client] restarting worker for "nx/core/project-json"
[isolated-plugin] spawned worker for "nx/core/project-json" (pid: 849324, socket: /tmp/plugin823708-47-4326334.596368.sock)
[NX v22.7.2 Daemon Server] - 2026-08-09T20:49:55.513Z - Time taken for 'hash changed files from watcher' 0.23211099952459335ms
[plugin-worker] "@nx/angular/plugin" (pid: 849311) listening on /tmp/plugin823708-44-4326314.389106.sock
[isolated-plugin] connected to worker for "@nx/angular/plugin" (pid: 849311)
[NX v22.7.2 Daemon Server] - 2026-08-09T20:49:55.588Z - Time taken for 'start-plugin-worker:@nx/angular/plugin' 101.67255800031126ms
[plugin-worker] "nx/js/dependencies-and-lockfile" (pid: 849312) listening on /tmp/plugin823708-45-4326321.204462.sock
[plugin-worker] "@nx/angular/plugin" (pid: 849311) connected
Time taken for 'plugin worker 849312 code loading' 61.091096ms
Time taken for 'plugin worker 849311 code loading' 64.66211ms
[plugin-worker] "nx/core/package-json" (pid: 849318) listening on /tmp/plugin823708-46-4326327.079064.sock
Time taken for 'plugin worker 849318 code loading' 61.47166300000001ms
[isolated-plugin] connected to worker for "nx/js/dependencies-and-lockfile" (pid: 849312)
[NX v22.7.2 Daemon Server] - 2026-08-09T20:49:55.598Z - Time taken for 'start-plugin-worker:nx/js/dependencies-and-lockfile' 104.83633499965072ms
[plugin-worker] "nx/js/dependencies-and-lockfile" (pid: 849312) connected
[plugin-worker] "nx/core/project-json" (pid: 849324) listening on /tmp/plugin823708-47-4326334.596368.sock
[isolated-plugin] connected to worker for "nx/core/package-json" (pid: 849318)
[NX v22.7.2 Daemon Server] - 2026-08-09T20:49:55.600Z - Time taken for 'start-plugin-worker:nx/core/package-json' 100.6227690000087ms
[plugin-worker] "nx/core/package-json" (pid: 849318) connected
Time taken for 'plugin worker 849324 code loading' 62.265587ms
[isolated-plugin] connected to worker for "nx/core/project-json" (pid: 849324)
[NX v22.7.2 Daemon Server] - 2026-08-09T20:49:55.608Z - Time taken for 'start-plugin-worker:nx/core/project-json' 101.59741799999028ms
[plugin-worker] "nx/core/project-json" (pid: 849324) connected
[plugin-worker] "nx/core/package-json" (pid: 849318) loaded successfully
[plugin-worker] "nx/js/dependencies-and-lockfile" (pid: 849312) loaded successfully
[isolated-plugin] shutting down worker for "nx/core/package-json" after createNodes
[plugin-worker] "nx/core/project-json" (pid: 849324) loaded successfully
[isolated-plugin] shutting down worker for "nx/core/project-json" after createNodes
Time taken for 'nx/js/dependencies-and-lockfile:createNodes' 17.762917999999985ms
[plugin-worker] "@nx/angular/plugin" (pid: 849311) loaded successfully
[isolated-plugin] shutting down worker for "@nx/angular/plugin" after createNodes
[NX v22.7.2 Daemon Server] - 2026-08-09T20:49:55.681Z - Time taken for 'build-project-configs' 190.23538099974394ms
[NX v22.7.2 Daemon Server] - 2026-08-09T20:49:55.682Z - Time taken for 'createNodes:merge' 1.2600370002910495ms
[NX v22.7.2 Daemon Server] - 2026-08-09T20:49:55.682Z - Time taken for 'get-all-workspace-files' 0.054603999480605125ms
[isolated-plugin] shutting down worker for "nx/js/dependencies-and-lockfile" after createDependencies
[NX v22.7.2 Daemon Server] - 2026-08-09T20:49:55.699Z - [SYNC]: collect registered sync generators
[NX v22.7.2 Daemon Server] - 2026-08-09T20:49:55.700Z - [SYNC]: project graph hash is the same, not collecting task sync generators
[NX v22.7.2 Daemon Server] - 2026-08-09T20:49:55.700Z - [SYNC]: nx.json hash is the same, not collecting global sync generators
[NX v22.7.2 Daemon Server] - 2026-08-09T20:49:55.700Z - Time taken for 'total execution time for createProjectGraph()' 19.573198999278247ms
[NX v22.7.2 Daemon Server] - 2026-08-09T20:49:55.700Z - Time taken for 'createDependencies' 16.99092600028962ms
[NX v22.7.2 Daemon Server] - 2026-08-09T20:49:55.700Z - Time taken for 'nx/js/dependencies-and-lockfile:createDependencies' 16.874227999709547ms
[NX v22.7.2 Daemon Server] - 2026-08-09T20:49:55.700Z - Time taken for 'createMetadata' 0.009260999970138073ms
[NX v22.7.2 Daemon Server] - 2026-08-09T20:49:55.700Z - Time taken for 'serialize graph' 3.0542649999260902ms
[NX v22.7.2 Daemon Server] - 2026-08-09T20:49:59.727Z - [WATCHER]: tsconfig.base.json was modified
[NX v22.7.2 Daemon Server] - 2026-08-09T20:49:59.728Z - [WATCHER]: File changes detected:
Created:
(none)
Updated:
  - tsconfig.base.json
Deleted:
(none)
[NX v22.7.2 Daemon Server] - 2026-08-09T20:49:59.728Z - [SYNC]: clearing sync generators cache due to file changes
[NX v22.7.2 Daemon Server] - 2026-08-09T20:49:59.728Z - [WATCHER]: Processing file changes in outputs
[NX v22.7.2 Daemon Server] - 2026-08-09T20:49:59.928Z - [REQUEST]: Updated workspace context based on watched changes, recomputing project graph...
[NX v22.7.2 Daemon Server] - 2026-08-09T20:49:59.929Z - [REQUEST]: tsconfig.base.json
[NX v22.7.2 Daemon Server] - 2026-08-09T20:49:59.929Z - [REQUEST]: 
[plugin-client] restarting worker for "@nx/angular/plugin"
[isolated-plugin] spawned worker for "@nx/angular/plugin" (pid: 849575, socket: /tmp/plugin823708-48-4330767.663166.sock)
[plugin-client] restarting worker for "nx/js/dependencies-and-lockfile"
[isolated-plugin] spawned worker for "nx/js/dependencies-and-lockfile" (pid: 849576, socket: /tmp/plugin823708-49-4330776.817305.sock)
[plugin-client] restarting worker for "nx/core/package-json"
[isolated-plugin] spawned worker for "nx/core/package-json" (pid: 849582, socket: /tmp/plugin823708-50-4330785.12724.sock)
[plugin-client] restarting worker for "nx/core/project-json"
[isolated-plugin] spawned worker for "nx/core/project-json" (pid: 849588, socket: /tmp/plugin823708-51-4330791.448977.sock)
[NX v22.7.2 Daemon Server] - 2026-08-09T20:49:59.971Z - Time taken for 'hash changed files from watcher' 0.5003760000690818ms
[plugin-worker] "@nx/angular/plugin" (pid: 849575) listening on /tmp/plugin823708-48-4330767.663166.sock
Time taken for 'plugin worker 849575 code loading' 86.989888ms
[isolated-plugin] connected to worker for "@nx/angular/plugin" (pid: 849575)
[NX v22.7.2 Daemon Server] - 2026-08-09T20:50:00.069Z - Time taken for 'start-plugin-worker:@nx/angular/plugin' 129.29118800070137ms
[plugin-worker] "@nx/angular/plugin" (pid: 849575) connected
[plugin-worker] "nx/core/package-json" (pid: 849582) listening on /tmp/plugin823708-50-4330785.12724.sock
Time taken for 'plugin worker 849582 code loading' 85.71186599999999ms
[isolated-plugin] connected to worker for "nx/core/package-json" (pid: 849582)
[NX v22.7.2 Daemon Server] - 2026-08-09T20:50:00.079Z - Time taken for 'start-plugin-worker:nx/core/package-json' 121.86349300015718ms
[plugin-worker] "nx/core/package-json" (pid: 849582) connected
[plugin-worker] "nx/js/dependencies-and-lockfile" (pid: 849576) listening on /tmp/plugin823708-49-4330776.817305.sock
Time taken for 'plugin worker 849576 code loading' 92.882768ms
[isolated-plugin] connected to worker for "nx/js/dependencies-and-lockfile" (pid: 849576)
[NX v22.7.2 Daemon Server] - 2026-08-09T20:50:00.089Z - Time taken for 'start-plugin-worker:nx/js/dependencies-and-lockfile' 140.44852699991316ms
[plugin-worker] "nx/js/dependencies-and-lockfile" (pid: 849576) connected
[plugin-worker] "nx/core/project-json" (pid: 849588) listening on /tmp/plugin823708-51-4330791.448977.sock
Time taken for 'plugin worker 849588 code loading' 100.749877ms
[isolated-plugin] connected to worker for "nx/core/project-json" (pid: 849588)
[NX v22.7.2 Daemon Server] - 2026-08-09T20:50:00.100Z - Time taken for 'start-plugin-worker:nx/core/project-json' 136.24920000042766ms
[plugin-worker] "nx/core/project-json" (pid: 849588) connected
[plugin-worker] "nx/core/package-json" (pid: 849582) loaded successfully
[isolated-plugin] shutting down worker for "nx/core/package-json" after createNodes
[plugin-worker] "nx/js/dependencies-and-lockfile" (pid: 849576) loaded successfully
[plugin-worker] "nx/core/project-json" (pid: 849588) loaded successfully
Time taken for 'nx/js/dependencies-and-lockfile:createNodes' 12.93083999999999ms
[isolated-plugin] shutting down worker for "nx/core/project-json" after createNodes
[plugin-worker] "@nx/angular/plugin" (pid: 849575) loaded successfully
[isolated-plugin] shutting down worker for "@nx/angular/plugin" after createNodes
[NX v22.7.2 Daemon Server] - 2026-08-09T20:50:00.196Z - Time taken for 'build-project-configs' 250.98154800012708ms
[NX v22.7.2 Daemon Server] - 2026-08-09T20:50:00.196Z - Time taken for 'createNodes:merge' 0.7405540002509952ms
[NX v22.7.2 Daemon Server] - 2026-08-09T20:50:00.196Z - Time taken for 'get-all-workspace-files' 0.12045400030910969ms
Time taken for 'build typescript dependencies' 0.18687199999999393ms
[isolated-plugin] shutting down worker for "nx/js/dependencies-and-lockfile" after createDependencies
[NX v22.7.2 Daemon Server] - 2026-08-09T20:50:00.212Z - [SYNC]: collect registered sync generators
[NX v22.7.2 Daemon Server] - 2026-08-09T20:50:00.212Z - [SYNC]: project graph hash is the same, not collecting task sync generators
[NX v22.7.2 Daemon Server] - 2026-08-09T20:50:00.212Z - [SYNC]: nx.json hash is the same, not collecting global sync generators
[NX v22.7.2 Daemon Server] - 2026-08-09T20:50:00.213Z - Time taken for 'total execution time for createProjectGraph()' 18.155670000240207ms
[NX v22.7.2 Daemon Server] - 2026-08-09T20:50:00.213Z - Time taken for 'createDependencies' 15.725901999510825ms
[NX v22.7.2 Daemon Server] - 2026-08-09T20:50:00.213Z - Time taken for 'nx/js/dependencies-and-lockfile:createDependencies' 15.609260000288486ms
[NX v22.7.2 Daemon Server] - 2026-08-09T20:50:00.213Z - Time taken for 'createMetadata' 0.009025000035762787ms
[NX v22.7.2 Daemon Server] - 2026-08-09T20:50:00.213Z - Time taken for 'serialize graph' 3.0767740001901984ms
[NX v22.7.2 Daemon Server] - 2026-08-09T20:50:05.959Z - [WATCHER]: Processing file changes in outputs
[NX v22.7.2 Daemon Server] - 2026-08-09T20:50:05.960Z - [WATCHER]: tsconfig.base.json was modified
[NX v22.7.2 Daemon Server] - 2026-08-09T20:50:05.960Z - [WATCHER]: File changes detected:
Created:
(none)
Updated:
  - tsconfig.base.json
Deleted:
(none)
[NX v22.7.2 Daemon Server] - 2026-08-09T20:50:05.960Z - [SYNC]: clearing sync generators cache due to file changes
[NX v22.7.2 Daemon Server] - 2026-08-09T20:50:06.361Z - [REQUEST]: Updated workspace context based on watched changes, recomputing project graph...
[NX v22.7.2 Daemon Server] - 2026-08-09T20:50:06.361Z - [REQUEST]: tsconfig.base.json
[NX v22.7.2 Daemon Server] - 2026-08-09T20:50:06.361Z - [REQUEST]: 
[plugin-client] restarting worker for "@nx/angular/plugin"
[isolated-plugin] spawned worker for "@nx/angular/plugin" (pid: 849873, socket: /tmp/plugin823708-52-4337195.820835.sock)
[plugin-client] restarting worker for "nx/js/dependencies-and-lockfile"
[isolated-plugin] spawned worker for "nx/js/dependencies-and-lockfile" (pid: 849874, socket: /tmp/plugin823708-53-4337203.632534.sock)
[plugin-client] restarting worker for "nx/core/package-json"
[isolated-plugin] spawned worker for "nx/core/package-json" (pid: 849880, socket: /tmp/plugin823708-54-4337211.064075.sock)
[plugin-client] restarting worker for "nx/core/project-json"
[isolated-plugin] spawned worker for "nx/core/project-json" (pid: 849886, socket: /tmp/plugin823708-55-4337217.67352.sock)
[NX v22.7.2 Daemon Server] - 2026-08-09T20:50:06.396Z - Time taken for 'hash changed files from watcher' 0.23758000042289495ms
[plugin-worker] "nx/js/dependencies-and-lockfile" (pid: 849874) listening on /tmp/plugin823708-53-4337203.632534.sock
Time taken for 'plugin worker 849874 code loading' 54.877961ms
[plugin-worker] "@nx/angular/plugin" (pid: 849873) listening on /tmp/plugin823708-52-4337195.820835.sock
Time taken for 'plugin worker 849873 code loading' 61.607788ms
[isolated-plugin] connected to worker for "@nx/angular/plugin" (pid: 849873)
[isolated-plugin] connected to worker for "nx/js/dependencies-and-lockfile" (pid: 849874)
[NX v22.7.2 Daemon Server] - 2026-08-09T20:50:06.470Z - Time taken for 'start-plugin-worker:@nx/angular/plugin' 101.9054589997977ms
[NX v22.7.2 Daemon Server] - 2026-08-09T20:50:06.470Z - Time taken for 'start-plugin-worker:nx/js/dependencies-and-lockfile' 94.3338360004127ms
[plugin-worker] "@nx/angular/plugin" (pid: 849873) connected
[plugin-worker] "nx/js/dependencies-and-lockfile" (pid: 849874) connected
[plugin-worker] "nx/core/package-json" (pid: 849880) listening on /tmp/plugin823708-54-4337211.064075.sock
Time taken for 'plugin worker 849880 code loading' 60.480247000000006ms
[plugin-worker] "nx/core/project-json" (pid: 849886) listening on /tmp/plugin823708-55-4337217.67352.sock
Time taken for 'plugin worker 849886 code loading' 58.400121ms
[isolated-plugin] connected to worker for "nx/core/package-json" (pid: 849880)
[NX v22.7.2 Daemon Server] - 2026-08-09T20:50:06.485Z - Time taken for 'start-plugin-worker:nx/core/package-json' 101.36826699972153ms
[plugin-worker] "nx/core/package-json" (pid: 849880) connected
[isolated-plugin] connected to worker for "nx/core/project-json" (pid: 849886)
[NX v22.7.2 Daemon Server] - 2026-08-09T20:50:06.491Z - Time taken for 'start-plugin-worker:nx/core/project-json' 100.92483399994671ms
[plugin-worker] "nx/core/project-json" (pid: 849886) connected
[plugin-worker] "nx/js/dependencies-and-lockfile" (pid: 849874) loaded successfully
Time taken for 'nx/js/dependencies-and-lockfile:createNodes' 12.11005999999999ms
[plugin-worker] "nx/core/package-json" (pid: 849880) loaded successfully
[isolated-plugin] shutting down worker for "nx/core/package-json" after createNodes
[plugin-worker] "nx/core/project-json" (pid: 849886) loaded successfully
[isolated-plugin] shutting down worker for "nx/core/project-json" after createNodes
[plugin-worker] "@nx/angular/plugin" (pid: 849873) loaded successfully
[isolated-plugin] shutting down worker for "@nx/angular/plugin" after createNodes
[NX v22.7.2 Daemon Server] - 2026-08-09T20:50:06.565Z - Time taken for 'build-project-configs' 192.05549200065434ms
[NX v22.7.2 Daemon Server] - 2026-08-09T20:50:06.565Z - Time taken for 'createNodes:merge' 0.8633169997483492ms
[NX v22.7.2 Daemon Server] - 2026-08-09T20:50:06.565Z - Time taken for 'get-all-workspace-files' 0.07735199946910143ms
Time taken for 'build typescript dependencies' 0.15668399999998428ms
[isolated-plugin] shutting down worker for "nx/js/dependencies-and-lockfile" after createDependencies
[NX v22.7.2 Daemon Server] - 2026-08-09T20:50:06.579Z - [SYNC]: collect registered sync generators
[NX v22.7.2 Daemon Server] - 2026-08-09T20:50:06.579Z - [SYNC]: project graph hash is the same, not collecting task sync generators
[NX v22.7.2 Daemon Server] - 2026-08-09T20:50:06.579Z - [SYNC]: nx.json hash is the same, not collecting global sync generators
[NX v22.7.2 Daemon Server] - 2026-08-09T20:50:06.579Z - Time taken for 'total execution time for createProjectGraph()' 15.459602000191808ms
[NX v22.7.2 Daemon Server] - 2026-08-09T20:50:06.579Z - Time taken for 'createDependencies' 13.243929999880493ms
[NX v22.7.2 Daemon Server] - 2026-08-09T20:50:06.579Z - Time taken for 'nx/js/dependencies-and-lockfile:createDependencies' 13.149083000607789ms
[NX v22.7.2 Daemon Server] - 2026-08-09T20:50:06.579Z - Time taken for 'createMetadata' 0.00814799964427948ms
[NX v22.7.2 Daemon Server] - 2026-08-09T20:50:06.579Z - Time taken for 'serialize graph' 2.9419630002230406ms
[NX v22.7.2 Daemon Server] - 2026-08-09T20:50:09.984Z - Established a connection. Number of open connections: 1
[NX v22.7.2 Daemon Server] - 2026-08-09T20:50:09.990Z - Closed a connection. Number of open connections: 0
[NX v22.7.2 Daemon Server] - 2026-08-09T20:50:09.993Z - Established a connection. Number of open connections: 1
[NX v22.7.2 Daemon Server] - 2026-08-09T20:50:09.995Z - Closed a connection. Number of open connections: 0
[NX v22.7.2 Daemon Server] - 2026-08-09T20:50:09.995Z - Established a connection. Number of open connections: 1
[NX v22.7.2 Daemon Client] - 2026-08-09T20:50:09.995Z - [Messenger] Setting up socket listeners
[NX v22.7.2 Daemon Client] - 2026-08-09T20:50:09.997Z - [Messenger] listen() complete
[NX v22.7.2 Daemon Client] - 2026-08-09T20:50:10.124Z - [Messenger] Sending message type: GET_NX_CONSOLE_STATUS
[NX v22.7.2 Daemon Client] - 2026-08-09T20:50:10.125Z - [Messenger] Message sent
[NX v22.7.2 Daemon Server] - 2026-08-09T20:50:10.129Z - Received raw message of length 5208
[NX v22.7.2 Daemon Server] - 2026-08-09T20:50:10.130Z - Received json message of type GET_NX_CONSOLE_STATUS
[NX v22.7.2 Daemon Server] - 2026-08-09T20:50:10.130Z - Refreshing env var ATUIN_HISTORY_ID from client connection.
[NX v22.7.2 Daemon Server] - 2026-08-09T20:50:10.130Z - Graph recompute necessary due to env variable refresh
[NX v22.7.2 Daemon Server] - 2026-08-09T20:50:10.130Z - Serializing response for GET_NX_CONSOLE_STATUS message in json mode
[NX v22.7.2 Daemon Server] - 2026-08-09T20:50:10.130Z - Responding to GET_NX_CONSOLE_STATUS message
[NX v22.7.2 Daemon Server] - 2026-08-09T20:50:10.130Z - [REQUEST]: Responding to the client. handleGetNxConsoleStatus
[NX v22.7.2 Daemon Server] - 2026-08-09T20:50:10.131Z - Done responding to the client handleGetNxConsoleStatus
[NX v22.7.2 Daemon Server] - 2026-08-09T20:50:10.131Z - Handled json message GET_NX_CONSOLE_STATUS. Handling time: 0. Response time: 1.
[NX v22.7.2 Daemon Client] - 2026-08-09T20:50:10.132Z - [Messenger] Received message, length: 22
[NX v22.7.2 Daemon Client] - 2026-08-09T20:50:10.172Z - [Messenger] Sending message type: REQUEST_PROJECT_GRAPH
[NX v22.7.2 Daemon Client] - 2026-08-09T20:50:10.172Z - [Messenger] Message sent
[NX v22.7.2 Daemon Server] - 2026-08-09T20:50:10.172Z - Received raw message of length 32
[NX v22.7.2 Daemon Server] - 2026-08-09T20:50:10.173Z - Received json message of type REQUEST_PROJECT_GRAPH
[NX v22.7.2 Daemon Server] - 2026-08-09T20:50:10.173Z - [REQUEST]: Client Request for Project Graph Received
[NX v22.7.2 Daemon Server] - 2026-08-09T20:50:10.173Z - [REQUEST]: Updated workspace context based on watched changes, recomputing project graph...
[NX v22.7.2 Daemon Server] - 2026-08-09T20:50:10.173Z - [REQUEST]: 
[NX v22.7.2 Daemon Server] - 2026-08-09T20:50:10.173Z - [REQUEST]: 
[NX v22.7.2 Daemon Server] - 2026-08-09T20:50:10.183Z - No files changed, but no in-memory cached project graph found. Recomputing it...
[NX v22.7.2 Daemon Server] - 2026-08-09T20:50:10.183Z - Streaming message to client: progress update for topic graph-construction
[plugin-client] restarting worker for "@nx/angular/plugin"
[NX v22.7.2 Daemon Client] - 2026-08-09T20:50:10.184Z - [Messenger] Received message, length: 47
[isolated-plugin] spawned worker for "@nx/angular/plugin" (pid: 850029, socket: /tmp/plugin823708-56-4341011.561678.sock)
[plugin-client] restarting worker for "nx/js/dependencies-and-lockfile"
[isolated-plugin] spawned worker for "nx/js/dependencies-and-lockfile" (pid: 850030, socket: /tmp/plugin823708-57-4341019.460476.sock)
[plugin-client] restarting worker for "nx/core/package-json"
[isolated-plugin] spawned worker for "nx/core/package-json" (pid: 850036, socket: /tmp/plugin823708-58-4341028.051198.sock)
[plugin-client] restarting worker for "nx/core/project-json"
[isolated-plugin] spawned worker for "nx/core/project-json" (pid: 850046, socket: /tmp/plugin823708-59-4341035.156285.sock)
[NX v22.7.2 Daemon Server] - 2026-08-09T20:50:10.214Z - Time taken for 'hash changed files from watcher' 0.29835999943315983ms
[plugin-worker] "@nx/angular/plugin" (pid: 850029) listening on /tmp/plugin823708-56-4341011.561678.sock
Time taken for 'plugin worker 850029 code loading' 65.691569ms
[plugin-worker] "nx/js/dependencies-and-lockfile" (pid: 850030) listening on /tmp/plugin823708-57-4341019.460476.sock
Time taken for 'plugin worker 850030 code loading' 65.437702ms
[plugin-worker] "nx/core/package-json" (pid: 850036) listening on /tmp/plugin823708-58-4341028.051198.sock
[isolated-plugin] connected to worker for "@nx/angular/plugin" (pid: 850029)
[isolated-plugin] connected to worker for "nx/js/dependencies-and-lockfile" (pid: 850030)
[isolated-plugin] connected to worker for "nx/core/package-json" (pid: 850036)
[NX v22.7.2 Daemon Server] - 2026-08-09T20:50:10.300Z - Time taken for 'start-plugin-worker:@nx/angular/plugin' 116.25193500053138ms
[NX v22.7.2 Daemon Server] - 2026-08-09T20:50:10.300Z - Time taken for 'start-plugin-worker:nx/js/dependencies-and-lockfile' 108.53107399959117ms
[NX v22.7.2 Daemon Server] - 2026-08-09T20:50:10.300Z - Time taken for 'start-plugin-worker:nx/core/package-json' 100.39380900003016ms
[plugin-worker] "nx/core/package-json" (pid: 850036) connected
[plugin-worker] "nx/js/dependencies-and-lockfile" (pid: 850030) connected
[plugin-worker] "@nx/angular/plugin" (pid: 850029) connected
Time taken for 'plugin worker 850036 code loading' 58.288360000000004ms
[plugin-worker] "nx/core/project-json" (pid: 850046) listening on /tmp/plugin823708-59-4341035.156285.sock
[isolated-plugin] connected to worker for "nx/core/project-json" (pid: 850046)
[NX v22.7.2 Daemon Server] - 2026-08-09T20:50:10.306Z - Time taken for 'start-plugin-worker:nx/core/project-json' 98.94900800008327ms
Time taken for 'plugin worker 850046 code loading' 62.396604ms
[plugin-worker] "nx/core/project-json" (pid: 850046) connected
[plugin-worker] "nx/js/dependencies-and-lockfile" (pid: 850030) loaded successfully
[plugin-worker] "nx/core/package-json" (pid: 850036) loaded successfully
[plugin-worker] "nx/core/project-json" (pid: 850046) loaded successfully
[isolated-plugin] shutting down worker for "nx/core/project-json" after createNodes
[NX v22.7.2 Daemon Server] - 2026-08-09T20:50:10.331Z - Streaming message to client: progress update for topic graph-construction
[NX v22.7.2 Daemon Client] - 2026-08-09T20:50:10.332Z - [Messenger] Received message, length: 177
[isolated-plugin] shutting down worker for "nx/core/package-json" after createNodes
[NX v22.7.2 Daemon Server] - 2026-08-09T20:50:10.335Z - Streaming message to client: progress update for topic graph-construction
Time taken for 'nx/js/dependencies-and-lockfile:createNodes' 8.853511999999995ms
[NX v22.7.2 Daemon Client] - 2026-08-09T20:50:10.335Z - [Messenger] Received message, length: 151
[NX v22.7.2 Daemon Server] - 2026-08-09T20:50:10.338Z - Streaming message to client: progress update for topic graph-construction
[NX v22.7.2 Daemon Client] - 2026-08-09T20:50:10.338Z - [Messenger] Received message, length: 99
[plugin-worker] "@nx/angular/plugin" (pid: 850029) loaded successfully
[isolated-plugin] shutting down worker for "@nx/angular/plugin" after createNodes
[NX v22.7.2 Daemon Server] - 2026-08-09T20:50:10.376Z - Streaming message to client: progress update for topic graph-construction
[NX v22.7.2 Daemon Client] - 2026-08-09T20:50:10.377Z - [Messenger] Received message, length: 47
[NX v22.7.2 Daemon Server] - 2026-08-09T20:50:10.381Z - Streaming message to client: progress update for topic graph-construction
[NX v22.7.2 Daemon Client] - 2026-08-09T20:50:10.381Z - [Messenger] Received message, length: 47
[NX v22.7.2 Daemon Server] - 2026-08-09T20:50:10.383Z - Time taken for 'build-project-configs' 196.33455299958587ms
[NX v22.7.2 Daemon Server] - 2026-08-09T20:50:10.383Z - Time taken for 'createNodes:merge' 1.1153189996257424ms
[NX v22.7.2 Daemon Server] - 2026-08-09T20:50:10.383Z - Time taken for 'get-all-workspace-files' 0.09559499938040972ms
[isolated-plugin] shutting down worker for "nx/js/dependencies-and-lockfile" after createDependencies
[NX v22.7.2 Daemon Server] - 2026-08-09T20:50:10.391Z - Streaming message to client: progress update for topic graph-construction
[NX v22.7.2 Daemon Client] - 2026-08-09T20:50:10.392Z - [Messenger] Received message, length: 47
[NX v22.7.2 Daemon Server] - 2026-08-09T20:50:10.401Z - Wrote project graph cache to /home/m/integrations/onboarded/.nx/workspace-data/project-graph.json
[NX v22.7.2 Daemon Server] - 2026-08-09T20:50:10.402Z - Serializing response for REQUEST_PROJECT_GRAPH message in json mode
[NX v22.7.2 Daemon Server] - 2026-08-09T20:50:10.402Z - Responding to REQUEST_PROJECT_GRAPH message
[NX v22.7.2 Daemon Server] - 2026-08-09T20:50:10.402Z - [REQUEST]: Responding to the client. project-graph
[NX v22.7.2 Daemon Server] - 2026-08-09T20:50:10.404Z - Time taken for 'total for creating and serializing project graph' 230.94212999939919ms
[NX v22.7.2 Daemon Server] - 2026-08-09T20:50:10.404Z - Time taken for 'total execution time for createProjectGraph()' 15.190268000587821ms
[NX v22.7.2 Daemon Server] - 2026-08-09T20:50:10.404Z - Time taken for 'createDependencies' 12.516966000199318ms
[NX v22.7.2 Daemon Server] - 2026-08-09T20:50:10.404Z - Time taken for 'nx/js/dependencies-and-lockfile:createDependencies' 12.267594000324607ms
[NX v22.7.2 Daemon Server] - 2026-08-09T20:50:10.404Z - Time taken for 'createMetadata' 0.007570999674499035ms
[NX v22.7.2 Daemon Server] - 2026-08-09T20:50:10.404Z - Time taken for 'serialize graph' 2.8671939997002482ms
[NX v22.7.2 Daemon Server] - 2026-08-09T20:50:10.404Z - Time taken for 'write cache' 5.316045000217855ms
[NX v22.7.2 Daemon Server] - 2026-08-09T20:50:10.405Z - Done responding to the client project-graph
[NX v22.7.2 Daemon Server] - 2026-08-09T20:50:10.405Z - Handled json message REQUEST_PROJECT_GRAPH. Handling time: 229. Response time: 3.
[NX v22.7.2 Daemon Client] - 2026-08-09T20:50:10.407Z - [Messenger] Received message, length: 682184
[NX v22.7.2 Daemon Client] - 2026-08-09T20:50:10.411Z - [Messenger] Sending message type: PRE_TASKS_EXECUTION
[NX v22.7.2 Daemon Client] - 2026-08-09T20:50:10.411Z - [Messenger] Message sent
[NX v22.7.2 Daemon Server] - 2026-08-09T20:50:10.411Z - Received raw message of length 854
[NX v22.7.2 Daemon Server] - 2026-08-09T20:50:10.411Z - Received json message of type PRE_TASKS_EXECUTION
[NX v22.7.2 Daemon Server] - 2026-08-09T20:50:10.412Z - Serializing response for PRE_TASKS_EXECUTION message in json mode
[NX v22.7.2 Daemon Server] - 2026-08-09T20:50:10.412Z - Responding to PRE_TASKS_EXECUTION message
[NX v22.7.2 Daemon Server] - 2026-08-09T20:50:10.412Z - [REQUEST]: Responding to the client. handleRunPreTasksExecution
[NX v22.7.2 Daemon Server] - 2026-08-09T20:50:10.412Z - Done responding to the client handleRunPreTasksExecution
[NX v22.7.2 Daemon Server] - 2026-08-09T20:50:10.412Z - Handled json message PRE_TASKS_EXECUTION. Handling time: 1. Response time: 0.
[NX v22.7.2 Daemon Server] - 2026-08-09T20:50:10.412Z - Time taken for 'preTasksExecution' 0.1552290003746748ms
[NX v22.7.2 Daemon Client] - 2026-08-09T20:50:10.471Z - [Messenger] Received message, length: 2
[NX v22.7.2 Daemon Client] - 2026-08-09T20:50:10.497Z - [Messenger] Sending message type: HASH_TASKS
[NX v22.7.2 Daemon Client] - 2026-08-09T20:50:10.497Z - [Messenger] Message sent
[NX v22.7.2 Daemon Server] - 2026-08-09T20:50:10.497Z - Received raw message of length 6459
[NX v22.7.2 Daemon Server] - 2026-08-09T20:50:10.498Z - Received json message of type HASH_TASKS
[NX v22.7.2 Daemon Server] - 2026-08-09T20:50:10.498Z - Reusing in-memory cached project graph because no files changed.
DEBUG nx::native::tasks::hash_planner: get_plans_internal COMPLETED in 4.233539ms - processed 1 tasks (setup: 4.166574ms, parallel_planning: 43.19µs)
DEBUG nx::native::tasks::hashers::hash_workspace_files: Hashing workspace fileset with inputs: Adding "4361406078602606092" (".gitignore") to hash
DEBUG nx::native::tasks::hashers::hash_workspace_files: Hashing workspace fileset with inputs: Adding "11044632387527613089" ("nx.json") to hash
DEBUG nx::native::tasks::hashers::hash_workspace_files: Hashing workspace fileset with inputs: Hash Value: "7055248756632866157"
DEBUG nx::native::tasks::task_hasher: hash_plans COMPLETED in 2.20956ms - processed 1 plans (setup: 504.354µs, hashing: 1.687284ms, assembly: 36.484µs)
[NX v22.7.2 Daemon Server] - 2026-08-09T20:50:10.514Z - Serializing response for HASH_TASKS message in json mode
[NX v22.7.2 Daemon Server] - 2026-08-09T20:50:10.514Z - Responding to HASH_TASKS message
[NX v22.7.2 Daemon Server] - 2026-08-09T20:50:10.514Z - [REQUEST]: Responding to the client. handleHashTasks
[NX v22.7.2 Daemon Server] - 2026-08-09T20:50:10.514Z - Done responding to the client handleHashTasks
[NX v22.7.2 Daemon Server] - 2026-08-09T20:50:10.514Z - Handled json message HASH_TASKS. Handling time: 16. Response time: 0.
[NX v22.7.2 Daemon Client] - 2026-08-09T20:50:10.514Z - [Messenger] Received message, length: 592
[NX v22.7.2 Daemon Client] - 2026-08-09T20:50:10.546Z - [Messenger] Sending message type: GET_ESTIMATED_TASK_TIMINGS
[NX v22.7.2 Daemon Client] - 2026-08-09T20:50:10.546Z - [Messenger] Message sent
[NX v22.7.2 Daemon Server] - 2026-08-09T20:50:10.546Z - Received raw message of length 102
[NX v22.7.2 Daemon Server] - 2026-08-09T20:50:10.546Z - Received json message of type GET_ESTIMATED_TASK_TIMINGS
[NX v22.7.2 Daemon Server] - 2026-08-09T20:50:10.547Z - Serializing response for GET_ESTIMATED_TASK_TIMINGS message in json mode
[NX v22.7.2 Daemon Server] - 2026-08-09T20:50:10.547Z - Responding to GET_ESTIMATED_TASK_TIMINGS message
[NX v22.7.2 Daemon Server] - 2026-08-09T20:50:10.547Z - [REQUEST]: Responding to the client. handleGetEstimatedTaskTimings
[NX v22.7.2 Daemon Server] - 2026-08-09T20:50:10.547Z - Done responding to the client handleGetEstimatedTaskTimings
[NX v22.7.2 Daemon Server] - 2026-08-09T20:50:10.547Z - Handled json message GET_ESTIMATED_TASK_TIMINGS. Handling time: 1. Response time: 0.
[NX v22.7.2 Daemon Client] - 2026-08-09T20:50:10.547Z - [Messenger] Received message, length: 2
[NX v22.7.2 Daemon Client] - 2026-08-09T20:50:12.096Z - [Messenger] Sending message type: RECORD_TASK_RUNS
[NX v22.7.2 Daemon Client] - 2026-08-09T20:50:12.096Z - [Messenger] Message sent
[NX v22.7.2 Daemon Server] - 2026-08-09T20:50:12.096Z - Received raw message of length 220
[NX v22.7.2 Daemon Server] - 2026-08-09T20:50:12.097Z - Received json message of type RECORD_TASK_RUNS
[NX v22.7.2 Daemon Server] - 2026-08-09T20:50:12.105Z - Serializing response for RECORD_TASK_RUNS message in json mode
[NX v22.7.2 Daemon Server] - 2026-08-09T20:50:12.105Z - Responding to RECORD_TASK_RUNS message
[NX v22.7.2 Daemon Server] - 2026-08-09T20:50:12.105Z - [REQUEST]: Responding to the client. handleRecordTaskRuns
[NX v22.7.2 Daemon Server] - 2026-08-09T20:50:12.105Z - Done responding to the client handleRecordTaskRuns
[NX v22.7.2 Daemon Server] - 2026-08-09T20:50:12.105Z - Handled json message RECORD_TASK_RUNS. Handling time: 8. Response time: 0.
[NX v22.7.2 Daemon Client] - 2026-08-09T20:50:12.105Z - [Messenger] Received message, length: 4
[NX v22.7.2 Daemon Client] - 2026-08-09T20:50:12.106Z - [Messenger] Sending message type: GET_FLAKY_TASKS
[NX v22.7.2 Daemon Client] - 2026-08-09T20:50:12.106Z - [Messenger] Message sent
[NX v22.7.2 Daemon Server] - 2026-08-09T20:50:12.106Z - Received raw message of length 59
[NX v22.7.2 Daemon Server] - 2026-08-09T20:50:12.106Z - Received json message of type GET_FLAKY_TASKS
[NX v22.7.2 Daemon Server] - 2026-08-09T20:50:12.106Z - Serializing response for GET_FLAKY_TASKS message in json mode
[NX v22.7.2 Daemon Server] - 2026-08-09T20:50:12.106Z - Responding to GET_FLAKY_TASKS message
[NX v22.7.2 Daemon Server] - 2026-08-09T20:50:12.106Z - [REQUEST]: Responding to the client. handleGetFlakyTasks
[NX v22.7.2 Daemon Server] - 2026-08-09T20:50:12.106Z - Done responding to the client handleGetFlakyTasks
[NX v22.7.2 Daemon Server] - 2026-08-09T20:50:12.106Z - Handled json message GET_FLAKY_TASKS. Handling time: 0. Response time: 0.
[NX v22.7.2 Daemon Client] - 2026-08-09T20:50:12.106Z - [Messenger] Received message, length: 2
[NX v22.7.2 Daemon Client] - 2026-08-09T20:50:12.107Z - [Messenger] Sending message type: GET_CONFIGURE_AI_AGENTS_STATUS
[NX v22.7.2 Daemon Client] - 2026-08-09T20:50:12.107Z - [Messenger] Message sent
[NX v22.7.2 Daemon Server] - 2026-08-09T20:50:12.107Z - Established a connection. Number of open connections: 2
[NX v22.7.2 Daemon Server] - 2026-08-09T20:50:12.107Z - Received raw message of length 41
[NX v22.7.2 Daemon Server] - 2026-08-09T20:50:12.108Z - Received json message of type GET_CONFIGURE_AI_AGENTS_STATUS
[NX v22.7.2 Daemon Server] - 2026-08-09T20:50:12.108Z - [AI-AGENTS]: Returning cached agent configuration status
[NX v22.7.2 Daemon Server] - 2026-08-09T20:50:12.108Z - Serializing response for GET_CONFIGURE_AI_AGENTS_STATUS message in json mode
[NX v22.7.2 Daemon Server] - 2026-08-09T20:50:12.108Z - Responding to GET_CONFIGURE_AI_AGENTS_STATUS message
[NX v22.7.2 Daemon Server] - 2026-08-09T20:50:12.108Z - [REQUEST]: Responding to the client. handleGetConfigureAiAgentsStatus
[NX v22.7.2 Daemon Server] - 2026-08-09T20:50:12.108Z - Done responding to the client handleGetConfigureAiAgentsStatus
[NX v22.7.2 Daemon Server] - 2026-08-09T20:50:12.108Z - Handled json message GET_CONFIGURE_AI_AGENTS_STATUS. Handling time: 0. Response time: 0.
[NX v22.7.2 Daemon Client] - 2026-08-09T20:50:12.108Z - [Messenger] Received message, length: 104
[NX v22.7.2 Daemon Server] - 2026-08-09T20:50:12.108Z - Closed a connection. Number of open connections: 1
[NX v22.7.2 Daemon Client] - 2026-08-09T20:50:12.108Z - [Messenger] Sending message type: POST_TASKS_EXECUTION
[NX v22.7.2 Daemon Client] - 2026-08-09T20:50:12.108Z - [Messenger] Message sent
[NX v22.7.2 Daemon Server] - 2026-08-09T20:50:12.109Z - Received raw message of length 2270
[NX v22.7.2 Daemon Server] - 2026-08-09T20:50:12.109Z - Received json message of type POST_TASKS_EXECUTION
[NX v22.7.2 Daemon Server] - 2026-08-09T20:50:12.109Z - Serializing response for POST_TASKS_EXECUTION message in json mode
[NX v22.7.2 Daemon Server] - 2026-08-09T20:50:12.109Z - Responding to POST_TASKS_EXECUTION message
[NX v22.7.2 Daemon Server] - 2026-08-09T20:50:12.109Z - [REQUEST]: Responding to the client. handleRunPostTasksExecution
[NX v22.7.2 Daemon Server] - 2026-08-09T20:50:12.109Z - Done responding to the client handleRunPostTasksExecution
[NX v22.7.2 Daemon Server] - 2026-08-09T20:50:12.109Z - Handled json message POST_TASKS_EXECUTION. Handling time: 0. Response time: 0.
[NX v22.7.2 Daemon Server] - 2026-08-09T20:50:12.109Z - Time taken for 'postTasksExecution' 0.258623999543488ms
[NX v22.7.2 Daemon Client] - 2026-08-09T20:50:12.109Z - [Messenger] Received message, length: 4
[NX v22.7.2 Daemon Server] - 2026-08-09T20:50:12.127Z - Closed a connection. Number of open connections: 0
[NX v22.7.2 Daemon Server] - 2026-08-09T20:50:18.841Z - [WATCHER]: tsconfig.base.json was modified
[NX v22.7.2 Daemon Server] - 2026-08-09T20:50:18.841Z - [WATCHER]: File changes detected:
Created:
(none)
Updated:
  - tsconfig.base.json
Deleted:
(none)
[NX v22.7.2 Daemon Server] - 2026-08-09T20:50:18.841Z - [SYNC]: clearing sync generators cache due to file changes
[NX v22.7.2 Daemon Server] - 2026-08-09T20:50:18.841Z - [WATCHER]: Processing file changes in outputs
[NX v22.7.2 Daemon Server] - 2026-08-09T20:50:18.943Z - [REQUEST]: Updated workspace context based on watched changes, recomputing project graph...
[NX v22.7.2 Daemon Server] - 2026-08-09T20:50:18.943Z - [REQUEST]: tsconfig.base.json
[NX v22.7.2 Daemon Server] - 2026-08-09T20:50:18.943Z - [REQUEST]: 
[plugin-client] restarting worker for "@nx/angular/plugin"
[isolated-plugin] spawned worker for "@nx/angular/plugin" (pid: 850363, socket: /tmp/plugin823708-60-4349779.242258.sock)
[plugin-client] restarting worker for "nx/js/dependencies-and-lockfile"
[isolated-plugin] spawned worker for "nx/js/dependencies-and-lockfile" (pid: 850364, socket: /tmp/plugin823708-61-4349786.062974.sock)
[plugin-client] restarting worker for "nx/core/package-json"
[isolated-plugin] spawned worker for "nx/core/package-json" (pid: 850370, socket: /tmp/plugin823708-62-4349792.235584.sock)
[plugin-client] restarting worker for "nx/core/project-json"
[isolated-plugin] spawned worker for "nx/core/project-json" (pid: 850376, socket: /tmp/plugin823708-63-4349797.837821.sock)
[NX v22.7.2 Daemon Server] - 2026-08-09T20:50:18.974Z - Time taken for 'hash changed files from watcher' 0.24368300009518862ms
[plugin-worker] "@nx/angular/plugin" (pid: 850363) listening on /tmp/plugin823708-60-4349779.242258.sock
Time taken for 'plugin worker 850363 code loading' 61.913357999999995ms
[plugin-worker] "nx/js/dependencies-and-lockfile" (pid: 850364) listening on /tmp/plugin823708-61-4349786.062974.sock
Time taken for 'plugin worker 850364 code loading' 60.74187599999999ms
[isolated-plugin] connected to worker for "@nx/angular/plugin" (pid: 850363)
[isolated-plugin] connected to worker for "nx/js/dependencies-and-lockfile" (pid: 850364)
[NX v22.7.2 Daemon Server] - 2026-08-09T20:50:19.052Z - Time taken for 'start-plugin-worker:@nx/angular/plugin' 102.32068300060928ms
[NX v22.7.2 Daemon Server] - 2026-08-09T20:50:19.052Z - Time taken for 'start-plugin-worker:nx/js/dependencies-and-lockfile' 95.70941300038248ms
[plugin-worker] "@nx/angular/plugin" (pid: 850363) connected
[plugin-worker] "nx/js/dependencies-and-lockfile" (pid: 850364) connected
[isolated-plugin] connected to worker for "nx/core/project-json" (pid: 850376)
[NX v22.7.2 Daemon Server] - 2026-08-09T20:50:19.061Z - Time taken for 'start-plugin-worker:nx/core/project-json' 92.70575200021267ms
[plugin-worker] "nx/core/project-json" (pid: 850376) listening on /tmp/plugin823708-63-4349797.837821.sock
[plugin-worker] "nx/core/project-json" (pid: 850376) connected
Time taken for 'plugin worker 850376 code loading' 61.012899000000004ms
[plugin-worker] "nx/core/package-json" (pid: 850370) listening on /tmp/plugin823708-62-4349792.235584.sock
Time taken for 'plugin worker 850370 code loading' 70.713415ms
[isolated-plugin] connected to worker for "nx/core/package-json" (pid: 850370)
[NX v22.7.2 Daemon Server] - 2026-08-09T20:50:19.073Z - Time taken for 'start-plugin-worker:nx/core/package-json' 110.36167100071907ms
[plugin-worker] "nx/core/package-json" (pid: 850370) connected
[plugin-worker] "nx/js/dependencies-and-lockfile" (pid: 850364) loaded successfully
[plugin-worker] "nx/core/project-json" (pid: 850376) loaded successfully
[isolated-plugin] shutting down worker for "nx/core/project-json" after createNodes
Time taken for 'nx/js/dependencies-and-lockfile:createNodes' 10.142623999999998ms
[plugin-worker] "nx/core/package-json" (pid: 850370) loaded successfully
[isolated-plugin] shutting down worker for "nx/core/package-json" after createNodes
[plugin-worker] "@nx/angular/plugin" (pid: 850363) loaded successfully
[isolated-plugin] shutting down worker for "@nx/angular/plugin" after createNodes
[NX v22.7.2 Daemon Server] - 2026-08-09T20:50:19.133Z - Time taken for 'build-project-configs' 179.03930500056595ms
[NX v22.7.2 Daemon Server] - 2026-08-09T20:50:19.133Z - Time taken for 'createNodes:merge' 0.7450739992782474ms
[NX v22.7.2 Daemon Server] - 2026-08-09T20:50:19.133Z - Time taken for 'get-all-workspace-files' 0.1143219992518425ms
Time taken for 'build typescript dependencies' 0.18676600000000576ms
[isolated-plugin] shutting down worker for "nx/js/dependencies-and-lockfile" after createDependencies
[NX v22.7.2 Daemon Server] - 2026-08-09T20:50:19.148Z - [SYNC]: collect registered sync generators
[NX v22.7.2 Daemon Server] - 2026-08-09T20:50:19.148Z - [SYNC]: project graph hash is the same, not collecting task sync generators
[NX v22.7.2 Daemon Server] - 2026-08-09T20:50:19.148Z - [SYNC]: nx.json hash is the same, not collecting global sync generators
[NX v22.7.2 Daemon Server] - 2026-08-09T20:50:19.148Z - Time taken for 'total execution time for createProjectGraph()' 16.10904600005597ms
[NX v22.7.2 Daemon Server] - 2026-08-09T20:50:19.148Z - Time taken for 'createDependencies' 13.813320999965072ms
[NX v22.7.2 Daemon Server] - 2026-08-09T20:50:19.148Z - Time taken for 'nx/js/dependencies-and-lockfile:createDependencies' 13.69892100058496ms
[NX v22.7.2 Daemon Server] - 2026-08-09T20:50:19.148Z - Time taken for 'createMetadata' 0.008143000304698944ms
[NX v22.7.2 Daemon Server] - 2026-08-09T20:50:19.148Z - Time taken for 'serialize graph' 2.7634770004078746ms
[NX v22.7.2 Daemon Server] - 2026-08-09T20:50:22.105Z - [WATCHER]: tsconfig.base.json was modified
[NX v22.7.2 Daemon Server] - 2026-08-09T20:50:22.105Z - [WATCHER]: File changes detected:
Created:
(none)
Updated:
  - tsconfig.base.json
Deleted:
(none)
[NX v22.7.2 Daemon Server] - 2026-08-09T20:50:22.105Z - [SYNC]: clearing sync generators cache due to file changes
[NX v22.7.2 Daemon Server] - 2026-08-09T20:50:22.105Z - [WATCHER]: Processing file changes in outputs
[NX v22.7.2 Daemon Server] - 2026-08-09T20:50:22.306Z - [REQUEST]: Updated workspace context based on watched changes, recomputing project graph...
[NX v22.7.2 Daemon Server] - 2026-08-09T20:50:22.306Z - [REQUEST]: tsconfig.base.json
[NX v22.7.2 Daemon Server] - 2026-08-09T20:50:22.306Z - [REQUEST]: 
[plugin-client] restarting worker for "@nx/angular/plugin"
[isolated-plugin] spawned worker for "@nx/angular/plugin" (pid: 850636, socket: /tmp/plugin823708-64-4353146.314257.sock)
[plugin-client] restarting worker for "nx/js/dependencies-and-lockfile"
[isolated-plugin] spawned worker for "nx/js/dependencies-and-lockfile" (pid: 850637, socket: /tmp/plugin823708-65-4353153.721955.sock)
[plugin-client] restarting worker for "nx/core/package-json"
[isolated-plugin] spawned worker for "nx/core/package-json" (pid: 850643, socket: /tmp/plugin823708-66-4353160.243272.sock)
[plugin-client] restarting worker for "nx/core/project-json"
[isolated-plugin] spawned worker for "nx/core/project-json" (pid: 850649, socket: /tmp/plugin823708-67-4353166.492555.sock)
[NX v22.7.2 Daemon Server] - 2026-08-09T20:50:22.342Z - Time taken for 'hash changed files from watcher' 0.4235460003837943ms
[plugin-worker] "@nx/angular/plugin" (pid: 850636) listening on /tmp/plugin823708-64-4353146.314257.sock
[isolated-plugin] connected to worker for "@nx/angular/plugin" (pid: 850636)
[NX v22.7.2 Daemon Server] - 2026-08-09T20:50:22.419Z - Time taken for 'start-plugin-worker:@nx/angular/plugin' 102.60896100010723ms
[plugin-worker] "@nx/angular/plugin" (pid: 850636) connected
Time taken for 'plugin worker 850636 code loading' 64.109769ms
[plugin-worker] "nx/core/package-json" (pid: 850643) listening on /tmp/plugin823708-66-4353160.243272.sock
Time taken for 'plugin worker 850643 code loading' 63.390159999999995ms
[plugin-worker] "nx/js/dependencies-and-lockfile" (pid: 850637) listening on /tmp/plugin823708-65-4353153.721955.sock
Time taken for 'plugin worker 850637 code loading' 68.612521ms
[isolated-plugin] connected to worker for "nx/js/dependencies-and-lockfile" (pid: 850637)
[isolated-plugin] connected to worker for "nx/core/package-json" (pid: 850643)
[NX v22.7.2 Daemon Server] - 2026-08-09T20:50:22.430Z - Time taken for 'start-plugin-worker:nx/js/dependencies-and-lockfile' 105.73117799963802ms
[NX v22.7.2 Daemon Server] - 2026-08-09T20:50:22.430Z - Time taken for 'start-plugin-worker:nx/core/package-json' 99.4119439991191ms
[plugin-worker] "nx/core/package-json" (pid: 850643) connected
[plugin-worker] "nx/js/dependencies-and-lockfile" (pid: 850637) connected
[plugin-worker] "nx/core/project-json" (pid: 850649) listening on /tmp/plugin823708-67-4353166.492555.sock
Time taken for 'plugin worker 850649 code loading' 67.45173299999999ms
[isolated-plugin] connected to worker for "nx/core/project-json" (pid: 850649)
[NX v22.7.2 Daemon Server] - 2026-08-09T20:50:22.441Z - Time taken for 'start-plugin-worker:nx/core/project-json' 104.37288499996066ms
[plugin-worker] "nx/core/project-json" (pid: 850649) connected
[plugin-worker] "nx/js/dependencies-and-lockfile" (pid: 850637) loaded successfully
[plugin-worker] "nx/core/package-json" (pid: 850643) loaded successfully
[isolated-plugin] shutting down worker for "nx/core/package-json" after createNodes
[plugin-worker] "nx/core/project-json" (pid: 850649) loaded successfully
[isolated-plugin] shutting down worker for "nx/core/project-json" after createNodes
Time taken for 'nx/js/dependencies-and-lockfile:createNodes' 14.468292999999989ms
[plugin-worker] "@nx/angular/plugin" (pid: 850636) loaded successfully
[isolated-plugin] shutting down worker for "@nx/angular/plugin" after createNodes
[NX v22.7.2 Daemon Server] - 2026-08-09T20:50:22.522Z - Time taken for 'build-project-configs' 199.51176900044084ms
[NX v22.7.2 Daemon Server] - 2026-08-09T20:50:22.522Z - Time taken for 'createNodes:merge' 0.9643439995124936ms
[NX v22.7.2 Daemon Server] - 2026-08-09T20:50:22.522Z - Time taken for 'get-all-workspace-files' 0.07326400000602007ms
[isolated-plugin] shutting down worker for "nx/js/dependencies-and-lockfile" after createDependencies
[NX v22.7.2 Daemon Server] - 2026-08-09T20:50:22.537Z - [SYNC]: collect registered sync generators
[NX v22.7.2 Daemon Server] - 2026-08-09T20:50:22.537Z - [SYNC]: project graph hash is the same, not collecting task sync generators
[NX v22.7.2 Daemon Server] - 2026-08-09T20:50:22.537Z - [SYNC]: nx.json hash is the same, not collecting global sync generators
[NX v22.7.2 Daemon Server] - 2026-08-09T20:50:22.537Z - Time taken for 'total execution time for createProjectGraph()' 17.015890000388026ms
[NX v22.7.2 Daemon Server] - 2026-08-09T20:50:22.537Z - Time taken for 'createDependencies' 13.805630000308156ms
[NX v22.7.2 Daemon Server] - 2026-08-09T20:50:22.537Z - Time taken for 'nx/js/dependencies-and-lockfile:createDependencies' 13.657100000418723ms
[NX v22.7.2 Daemon Server] - 2026-08-09T20:50:22.537Z - Time taken for 'createMetadata' 0.011397999711334705ms
[NX v22.7.2 Daemon Server] - 2026-08-09T20:50:22.537Z - Time taken for 'serialize graph' 3.1835660003125668ms
[NX v22.7.2 Daemon Server] - 2026-08-09T20:50:25.323Z - Established a connection. Number of open connections: 1
[NX v22.7.2 Daemon Server] - 2026-08-09T20:50:25.324Z - Closed a connection. Number of open connections: 0
[NX v22.7.2 Daemon Server] - 2026-08-09T20:50:25.325Z - Established a connection. Number of open connections: 1
[NX v22.7.2 Daemon Server] - 2026-08-09T20:50:25.325Z - Closed a connection. Number of open connections: 0
[NX v22.7.2 Daemon Server] - 2026-08-09T20:50:25.325Z - Established a connection. Number of open connections: 1
[NX v22.7.2 Daemon Client] - 2026-08-09T20:50:25.326Z - [Messenger] Setting up socket listeners
[NX v22.7.2 Daemon Client] - 2026-08-09T20:50:25.327Z - [Messenger] listen() complete
[NX v22.7.2 Daemon Client] - 2026-08-09T20:50:25.446Z - [Messenger] Sending message type: GET_NX_CONSOLE_STATUS
[NX v22.7.2 Daemon Client] - 2026-08-09T20:50:25.447Z - [Messenger] Message sent
[NX v22.7.2 Daemon Server] - 2026-08-09T20:50:25.453Z - Received raw message of length 5208
[NX v22.7.2 Daemon Server] - 2026-08-09T20:50:25.453Z - Received json message of type GET_NX_CONSOLE_STATUS
[NX v22.7.2 Daemon Server] - 2026-08-09T20:50:25.453Z - Refreshing env var ATUIN_HISTORY_ID from client connection.
[NX v22.7.2 Daemon Server] - 2026-08-09T20:50:25.453Z - Graph recompute necessary due to env variable refresh
[NX v22.7.2 Daemon Server] - 2026-08-09T20:50:25.454Z - Serializing response for GET_NX_CONSOLE_STATUS message in json mode
[NX v22.7.2 Daemon Server] - 2026-08-09T20:50:25.454Z - Responding to GET_NX_CONSOLE_STATUS message
[NX v22.7.2 Daemon Server] - 2026-08-09T20:50:25.454Z - [REQUEST]: Responding to the client. handleGetNxConsoleStatus
[NX v22.7.2 Daemon Server] - 2026-08-09T20:50:25.454Z - Done responding to the client handleGetNxConsoleStatus
[NX v22.7.2 Daemon Server] - 2026-08-09T20:50:25.454Z - Handled json message GET_NX_CONSOLE_STATUS. Handling time: 0. Response time: 0.
[NX v22.7.2 Daemon Client] - 2026-08-09T20:50:25.454Z - [Messenger] Received message, length: 22
[NX v22.7.2 Daemon Client] - 2026-08-09T20:50:25.487Z - [Messenger] Sending message type: REQUEST_PROJECT_GRAPH
[NX v22.7.2 Daemon Client] - 2026-08-09T20:50:25.487Z - [Messenger] Message sent
[NX v22.7.2 Daemon Server] - 2026-08-09T20:50:25.488Z - Received raw message of length 32
[NX v22.7.2 Daemon Server] - 2026-08-09T20:50:25.488Z - Received json message of type REQUEST_PROJECT_GRAPH
[NX v22.7.2 Daemon Server] - 2026-08-09T20:50:25.488Z - [REQUEST]: Client Request for Project Graph Received
[NX v22.7.2 Daemon Server] - 2026-08-09T20:50:25.488Z - [REQUEST]: Updated workspace context based on watched changes, recomputing project graph...
[NX v22.7.2 Daemon Server] - 2026-08-09T20:50:25.488Z - [REQUEST]: 
[NX v22.7.2 Daemon Server] - 2026-08-09T20:50:25.488Z - [REQUEST]: 
[NX v22.7.2 Daemon Server] - 2026-08-09T20:50:25.498Z - No files changed, but no in-memory cached project graph found. Recomputing it...
[NX v22.7.2 Daemon Server] - 2026-08-09T20:50:25.498Z - Streaming message to client: progress update for topic graph-construction
[plugin-client] restarting worker for "@nx/angular/plugin"
[NX v22.7.2 Daemon Client] - 2026-08-09T20:50:25.499Z - [Messenger] Received message, length: 47
[isolated-plugin] spawned worker for "@nx/angular/plugin" (pid: 850792, socket: /tmp/plugin823708-68-4356328.615888.sock)
[plugin-client] restarting worker for "nx/js/dependencies-and-lockfile"
[isolated-plugin] spawned worker for "nx/js/dependencies-and-lockfile" (pid: 850793, socket: /tmp/plugin823708-69-4356337.6171.sock)
[plugin-client] restarting worker for "nx/core/package-json"
[isolated-plugin] spawned worker for "nx/core/package-json" (pid: 850799, socket: /tmp/plugin823708-70-4356344.260789.sock)
[plugin-client] restarting worker for "nx/core/project-json"
[isolated-plugin] spawned worker for "nx/core/project-json" (pid: 850805, socket: /tmp/plugin823708-71-4356351.943777.sock)
[NX v22.7.2 Daemon Server] - 2026-08-09T20:50:25.528Z - Time taken for 'hash changed files from watcher' 0.2781649995595217ms
[plugin-worker] "@nx/angular/plugin" (pid: 850792) listening on /tmp/plugin823708-68-4356328.615888.sock
[isolated-plugin] connected to worker for "@nx/angular/plugin" (pid: 850792)
[NX v22.7.2 Daemon Server] - 2026-08-09T20:50:25.603Z - Time taken for 'start-plugin-worker:@nx/angular/plugin' 103.89454500004649ms
[plugin-worker] "@nx/angular/plugin" (pid: 850792) connected
Time taken for 'plugin worker 850792 code loading' 64.921891ms
[plugin-worker] "nx/js/dependencies-and-lockfile" (pid: 850793) listening on /tmp/plugin823708-69-4356337.6171.sock
Time taken for 'plugin worker 850793 code loading' 68.88095ms
[plugin-worker] "nx/core/package-json" (pid: 850799) listening on /tmp/plugin823708-70-4356344.260789.sock
Time taken for 'plugin worker 850799 code loading' 70.395734ms
[plugin-worker] "nx/core/project-json" (pid: 850805) listening on /tmp/plugin823708-71-4356351.943777.sock
Time taken for 'plugin worker 850805 code loading' 67.165059ms
[isolated-plugin] connected to worker for "nx/js/dependencies-and-lockfile" (pid: 850793)
[NX v22.7.2 Daemon Server] - 2026-08-09T20:50:25.624Z - Time taken for 'start-plugin-worker:nx/js/dependencies-and-lockfile' 116.6171620003879ms
[plugin-worker] "nx/js/dependencies-and-lockfile" (pid: 850793) connected
[isolated-plugin] connected to worker for "nx/core/package-json" (pid: 850799)
[NX v22.7.2 Daemon Server] - 2026-08-09T20:50:25.626Z - Time taken for 'start-plugin-worker:nx/core/package-json' 111.94975200016052ms
[plugin-worker] "nx/core/package-json" (pid: 850799) connected
[isolated-plugin] connected to worker for "nx/core/project-json" (pid: 850805)
[NX v22.7.2 Daemon Server] - 2026-08-09T20:50:25.632Z - Time taken for 'start-plugin-worker:nx/core/project-json' 109.57758999988437ms
[plugin-worker] "nx/core/project-json" (pid: 850805) connected
[plugin-worker] "nx/core/package-json" (pid: 850799) loaded successfully
[isolated-plugin] shutting down worker for "nx/core/package-json" after createNodes
[NX v22.7.2 Daemon Server] - 2026-08-09T20:50:25.666Z - Streaming message to client: progress update for topic graph-construction
[plugin-worker] "nx/js/dependencies-and-lockfile" (pid: 850793) loaded successfully
[NX v22.7.2 Daemon Client] - 2026-08-09T20:50:25.667Z - [Messenger] Received message, length: 177
[plugin-worker] "nx/core/project-json" (pid: 850805) loaded successfully
[isolated-plugin] shutting down worker for "nx/core/project-json" after createNodes
[NX v22.7.2 Daemon Server] - 2026-08-09T20:50:25.675Z - Streaming message to client: progress update for topic graph-construction
[NX v22.7.2 Daemon Client] - 2026-08-09T20:50:25.675Z - [Messenger] Received message, length: 151
[plugin-worker] "@nx/angular/plugin" (pid: 850792) loaded successfully
[isolated-plugin] shutting down worker for "@nx/angular/plugin" after createNodes
[NX v22.7.2 Daemon Server] - 2026-08-09T20:50:25.680Z - Streaming message to client: progress update for topic graph-construction
[NX v22.7.2 Daemon Client] - 2026-08-09T20:50:25.680Z - [Messenger] Received message, length: 112
Time taken for 'nx/js/dependencies-and-lockfile:createNodes' 15.018423000000013ms
[NX v22.7.2 Daemon Server] - 2026-08-09T20:50:25.687Z - Streaming message to client: progress update for topic graph-construction
[NX v22.7.2 Daemon Client] - 2026-08-09T20:50:25.687Z - [Messenger] Received message, length: 47
[NX v22.7.2 Daemon Server] - 2026-08-09T20:50:25.691Z - Streaming message to client: progress update for topic graph-construction
[NX v22.7.2 Daemon Client] - 2026-08-09T20:50:25.691Z - [Messenger] Received message, length: 47
[NX v22.7.2 Daemon Server] - 2026-08-09T20:50:25.693Z - Time taken for 'build-project-configs' 189.49855800066143ms
[NX v22.7.2 Daemon Server] - 2026-08-09T20:50:25.693Z - Time taken for 'createNodes:merge' 0.9740040004253387ms
[NX v22.7.2 Daemon Server] - 2026-08-09T20:50:25.693Z - Time taken for 'get-all-workspace-files' 0.04547400027513504ms
Time taken for 'build typescript dependencies' 0.20091899999999896ms
[isolated-plugin] shutting down worker for "nx/js/dependencies-and-lockfile" after createDependencies
[NX v22.7.2 Daemon Server] - 2026-08-09T20:50:25.704Z - Streaming message to client: progress update for topic graph-construction
[NX v22.7.2 Daemon Client] - 2026-08-09T20:50:25.704Z - [Messenger] Received message, length: 47
[NX v22.7.2 Daemon Server] - 2026-08-09T20:50:25.714Z - Wrote project graph cache to /home/m/integrations/onboarded/.nx/workspace-data/project-graph.json
[NX v22.7.2 Daemon Server] - 2026-08-09T20:50:25.715Z - Serializing response for REQUEST_PROJECT_GRAPH message in json mode
[NX v22.7.2 Daemon Server] - 2026-08-09T20:50:25.715Z - Responding to REQUEST_PROJECT_GRAPH message
[NX v22.7.2 Daemon Server] - 2026-08-09T20:50:25.715Z - [REQUEST]: Responding to the client. project-graph
[NX v22.7.2 Daemon Server] - 2026-08-09T20:50:25.717Z - Time taken for 'total for creating and serializing project graph' 226.83591500017792ms
[NX v22.7.2 Daemon Server] - 2026-08-09T20:50:25.717Z - Time taken for 'total execution time for createProjectGraph()' 17.167091000825167ms
[NX v22.7.2 Daemon Server] - 2026-08-09T20:50:25.717Z - Time taken for 'createDependencies' 14.92512800078839ms
[NX v22.7.2 Daemon Server] - 2026-08-09T20:50:25.717Z - Time taken for 'nx/js/dependencies-and-lockfile:createDependencies' 14.680873000063002ms
[NX v22.7.2 Daemon Server] - 2026-08-09T20:50:25.717Z - Time taken for 'createMetadata' 0.009178000502288342ms
[NX v22.7.2 Daemon Server] - 2026-08-09T20:50:25.717Z - Time taken for 'serialize graph' 3.082829000428319ms
[NX v22.7.2 Daemon Server] - 2026-08-09T20:50:25.717Z - Time taken for 'write cache' 5.810620000585914ms
[NX v22.7.2 Daemon Server] - 2026-08-09T20:50:25.719Z - Done responding to the client project-graph
[NX v22.7.2 Daemon Server] - 2026-08-09T20:50:25.719Z - Handled json message REQUEST_PROJECT_GRAPH. Handling time: 227. Response time: 4.
[NX v22.7.2 Daemon Client] - 2026-08-09T20:50:25.721Z - [Messenger] Received message, length: 682184
[NX v22.7.2 Daemon Client] - 2026-08-09T20:50:25.727Z - [Messenger] Sending message type: PRE_TASKS_EXECUTION
[NX v22.7.2 Daemon Client] - 2026-08-09T20:50:25.727Z - [Messenger] Message sent
[NX v22.7.2 Daemon Server] - 2026-08-09T20:50:25.727Z - Received raw message of length 855
[NX v22.7.2 Daemon Server] - 2026-08-09T20:50:25.727Z - Received json message of type PRE_TASKS_EXECUTION
[NX v22.7.2 Daemon Server] - 2026-08-09T20:50:25.728Z - Serializing response for PRE_TASKS_EXECUTION message in json mode
[NX v22.7.2 Daemon Server] - 2026-08-09T20:50:25.728Z - Responding to PRE_TASKS_EXECUTION message
[NX v22.7.2 Daemon Server] - 2026-08-09T20:50:25.728Z - [REQUEST]: Responding to the client. handleRunPreTasksExecution
[NX v22.7.2 Daemon Server] - 2026-08-09T20:50:25.728Z - Done responding to the client handleRunPreTasksExecution
[NX v22.7.2 Daemon Server] - 2026-08-09T20:50:25.728Z - Handled json message PRE_TASKS_EXECUTION. Handling time: 1. Response time: 0.
[NX v22.7.2 Daemon Server] - 2026-08-09T20:50:25.728Z - Time taken for 'preTasksExecution' 0.2056240001693368ms
[NX v22.7.2 Daemon Client] - 2026-08-09T20:50:25.787Z - [Messenger] Received message, length: 2
[NX v22.7.2 Daemon Client] - 2026-08-09T20:50:25.801Z - [Messenger] Sending message type: HASH_TASKS
[NX v22.7.2 Daemon Client] - 2026-08-09T20:50:25.801Z - [Messenger] Message sent
[NX v22.7.2 Daemon Server] - 2026-08-09T20:50:25.801Z - Received raw message of length 6459
[NX v22.7.2 Daemon Server] - 2026-08-09T20:50:25.801Z - Received json message of type HASH_TASKS
[NX v22.7.2 Daemon Server] - 2026-08-09T20:50:25.801Z - Reusing in-memory cached project graph because no files changed.
DEBUG nx::native::tasks::hash_planner: get_plans_internal COMPLETED in 2.205714ms - processed 1 tasks (setup: 2.155242ms, parallel_planning: 46.242µs)
DEBUG nx::native::tasks::hashers::hash_workspace_files: Hashing workspace fileset with inputs: Adding "4361406078602606092" (".gitignore") to hash
DEBUG nx::native::tasks::hashers::hash_workspace_files: Hashing workspace fileset with inputs: Adding "11044632387527613089" ("nx.json") to hash
DEBUG nx::native::tasks::hashers::hash_workspace_files: Hashing workspace fileset with inputs: Hash Value: "7055248756632866157"
DEBUG nx::native::tasks::task_hasher: hash_plans COMPLETED in 2.158925ms - processed 1 plans (setup: 199.954µs, hashing: 1.957843ms, assembly: 46.386µs)
[NX v22.7.2 Daemon Server] - 2026-08-09T20:50:25.811Z - Serializing response for HASH_TASKS message in json mode
[NX v22.7.2 Daemon Server] - 2026-08-09T20:50:25.811Z - Responding to HASH_TASKS message
[NX v22.7.2 Daemon Server] - 2026-08-09T20:50:25.811Z - [REQUEST]: Responding to the client. handleHashTasks
[NX v22.7.2 Daemon Server] - 2026-08-09T20:50:25.811Z - Done responding to the client handleHashTasks
[NX v22.7.2 Daemon Server] - 2026-08-09T20:50:25.811Z - Handled json message HASH_TASKS. Handling time: 10. Response time: 0.
[NX v22.7.2 Daemon Client] - 2026-08-09T20:50:25.811Z - [Messenger] Received message, length: 592
[NX v22.7.2 Daemon Client] - 2026-08-09T20:50:25.828Z - [Messenger] Sending message type: GET_ESTIMATED_TASK_TIMINGS
[NX v22.7.2 Daemon Client] - 2026-08-09T20:50:25.829Z - [Messenger] Message sent
[NX v22.7.2 Daemon Server] - 2026-08-09T20:50:25.829Z - Received raw message of length 102
[NX v22.7.2 Daemon Server] - 2026-08-09T20:50:25.829Z - Received json message of type GET_ESTIMATED_TASK_TIMINGS
[NX v22.7.2 Daemon Server] - 2026-08-09T20:50:25.829Z - Serializing response for GET_ESTIMATED_TASK_TIMINGS message in json mode
[NX v22.7.2 Daemon Server] - 2026-08-09T20:50:25.829Z - Responding to GET_ESTIMATED_TASK_TIMINGS message
[NX v22.7.2 Daemon Server] - 2026-08-09T20:50:25.830Z - [REQUEST]: Responding to the client. handleGetEstimatedTaskTimings
[NX v22.7.2 Daemon Server] - 2026-08-09T20:50:25.830Z - Done responding to the client handleGetEstimatedTaskTimings
[NX v22.7.2 Daemon Server] - 2026-08-09T20:50:25.830Z - Handled json message GET_ESTIMATED_TASK_TIMINGS. Handling time: 0. Response time: 1.
[NX v22.7.2 Daemon Client] - 2026-08-09T20:50:25.830Z - [Messenger] Received message, length: 2
[NX v22.7.2 Daemon Client] - 2026-08-09T20:50:27.233Z - [Messenger] Sending message type: RECORD_TASK_RUNS
[NX v22.7.2 Daemon Client] - 2026-08-09T20:50:27.234Z - [Messenger] Message sent
[NX v22.7.2 Daemon Server] - 2026-08-09T20:50:27.234Z - Received raw message of length 220
[NX v22.7.2 Daemon Server] - 2026-08-09T20:50:27.234Z - Received json message of type RECORD_TASK_RUNS
[NX v22.7.2 Daemon Server] - 2026-08-09T20:50:27.239Z - Serializing response for RECORD_TASK_RUNS message in json mode
[NX v22.7.2 Daemon Server] - 2026-08-09T20:50:27.239Z - Responding to RECORD_TASK_RUNS message
[NX v22.7.2 Daemon Server] - 2026-08-09T20:50:27.239Z - [REQUEST]: Responding to the client. handleRecordTaskRuns
[NX v22.7.2 Daemon Server] - 2026-08-09T20:50:27.239Z - Done responding to the client handleRecordTaskRuns
[NX v22.7.2 Daemon Server] - 2026-08-09T20:50:27.239Z - Handled json message RECORD_TASK_RUNS. Handling time: 5. Response time: 0.
[NX v22.7.2 Daemon Client] - 2026-08-09T20:50:27.239Z - [Messenger] Received message, length: 4
[NX v22.7.2 Daemon Client] - 2026-08-09T20:50:27.240Z - [Messenger] Sending message type: GET_FLAKY_TASKS
[NX v22.7.2 Daemon Client] - 2026-08-09T20:50:27.240Z - [Messenger] Message sent
[NX v22.7.2 Daemon Server] - 2026-08-09T20:50:27.240Z - Received raw message of length 59
[NX v22.7.2 Daemon Server] - 2026-08-09T20:50:27.240Z - Received json message of type GET_FLAKY_TASKS
[NX v22.7.2 Daemon Server] - 2026-08-09T20:50:27.240Z - Serializing response for GET_FLAKY_TASKS message in json mode
[NX v22.7.2 Daemon Server] - 2026-08-09T20:50:27.240Z - Responding to GET_FLAKY_TASKS message
[NX v22.7.2 Daemon Server] - 2026-08-09T20:50:27.240Z - [REQUEST]: Responding to the client. handleGetFlakyTasks
[NX v22.7.2 Daemon Server] - 2026-08-09T20:50:27.240Z - Done responding to the client handleGetFlakyTasks
[NX v22.7.2 Daemon Server] - 2026-08-09T20:50:27.240Z - Handled json message GET_FLAKY_TASKS. Handling time: 0. Response time: 0.
[NX v22.7.2 Daemon Client] - 2026-08-09T20:50:27.240Z - [Messenger] Received message, length: 2
[NX v22.7.2 Daemon Server] - 2026-08-09T20:50:27.241Z - Established a connection. Number of open connections: 2
[NX v22.7.2 Daemon Client] - 2026-08-09T20:50:27.241Z - [Messenger] Sending message type: GET_CONFIGURE_AI_AGENTS_STATUS
[NX v22.7.2 Daemon Client] - 2026-08-09T20:50:27.241Z - [Messenger] Message sent
[NX v22.7.2 Daemon Server] - 2026-08-09T20:50:27.241Z - Closed a connection. Number of open connections: 1
[NX v22.7.2 Daemon Server] - 2026-08-09T20:50:27.241Z - Received raw message of length 41
[NX v22.7.2 Daemon Server] - 2026-08-09T20:50:27.241Z - Received json message of type GET_CONFIGURE_AI_AGENTS_STATUS
[NX v22.7.2 Daemon Server] - 2026-08-09T20:50:27.241Z - [AI-AGENTS]: Returning cached agent configuration status
[NX v22.7.2 Daemon Server] - 2026-08-09T20:50:27.241Z - Serializing response for GET_CONFIGURE_AI_AGENTS_STATUS message in json mode
[NX v22.7.2 Daemon Server] - 2026-08-09T20:50:27.241Z - Responding to GET_CONFIGURE_AI_AGENTS_STATUS message
[NX v22.7.2 Daemon Server] - 2026-08-09T20:50:27.241Z - [REQUEST]: Responding to the client. handleGetConfigureAiAgentsStatus
[NX v22.7.2 Daemon Server] - 2026-08-09T20:50:27.242Z - Done responding to the client handleGetConfigureAiAgentsStatus
[NX v22.7.2 Daemon Server] - 2026-08-09T20:50:27.242Z - Handled json message GET_CONFIGURE_AI_AGENTS_STATUS. Handling time: 0. Response time: 1.
[NX v22.7.2 Daemon Client] - 2026-08-09T20:50:27.242Z - [Messenger] Received message, length: 104
[NX v22.7.2 Daemon Client] - 2026-08-09T20:50:27.242Z - [Messenger] Sending message type: POST_TASKS_EXECUTION
[NX v22.7.2 Daemon Client] - 2026-08-09T20:50:27.242Z - [Messenger] Message sent
[NX v22.7.2 Daemon Server] - 2026-08-09T20:50:27.242Z - Received raw message of length 2271
[NX v22.7.2 Daemon Server] - 2026-08-09T20:50:27.242Z - Received json message of type POST_TASKS_EXECUTION
[NX v22.7.2 Daemon Server] - 2026-08-09T20:50:27.242Z - Serializing response for POST_TASKS_EXECUTION message in json mode
[NX v22.7.2 Daemon Server] - 2026-08-09T20:50:27.242Z - Responding to POST_TASKS_EXECUTION message
[NX v22.7.2 Daemon Server] - 2026-08-09T20:50:27.242Z - [REQUEST]: Responding to the client. handleRunPostTasksExecution
[NX v22.7.2 Daemon Server] - 2026-08-09T20:50:27.242Z - Done responding to the client handleRunPostTasksExecution
[NX v22.7.2 Daemon Server] - 2026-08-09T20:50:27.242Z - Handled json message POST_TASKS_EXECUTION. Handling time: 0. Response time: 0.
[NX v22.7.2 Daemon Server] - 2026-08-09T20:50:27.242Z - Time taken for 'postTasksExecution' 0.1528009995818138ms
[NX v22.7.2 Daemon Client] - 2026-08-09T20:50:27.242Z - [Messenger] Received message, length: 4
[NX v22.7.2 Daemon Server] - 2026-08-09T20:50:27.258Z - Closed a connection. Number of open connections: 0
[NX v22.7.2 Daemon Server] - 2026-08-09T20:51:09.131Z - [WATCHER]: Processing file changes in outputs
[NX v22.7.2 Daemon Server] - 2026-08-09T20:51:09.132Z - [WATCHER]: Makefile was modified
[NX v22.7.2 Daemon Server] - 2026-08-09T20:51:09.132Z - [WATCHER]: File changes detected:
Created:
(none)
Updated:
  - Makefile
Deleted:
(none)
[NX v22.7.2 Daemon Server] - 2026-08-09T20:51:09.132Z - [SYNC]: clearing sync generators cache due to file changes
[NX v22.7.2 Daemon Server] - 2026-08-09T20:51:09.233Z - [REQUEST]: Updated workspace context based on watched changes, recomputing project graph...
[NX v22.7.2 Daemon Server] - 2026-08-09T20:51:09.233Z - [REQUEST]: Makefile
[NX v22.7.2 Daemon Server] - 2026-08-09T20:51:09.233Z - [REQUEST]: 
[plugin-client] restarting worker for "@nx/angular/plugin"
[isolated-plugin] spawned worker for "@nx/angular/plugin" (pid: 851315, socket: /tmp/plugin823708-72-4400072.894815.sock)
[plugin-client] restarting worker for "nx/js/dependencies-and-lockfile"
[isolated-plugin] spawned worker for "nx/js/dependencies-and-lockfile" (pid: 851316, socket: /tmp/plugin823708-73-4400079.89202.sock)
[plugin-client] restarting worker for "nx/core/package-json"
[isolated-plugin] spawned worker for "nx/core/package-json" (pid: 851322, socket: /tmp/plugin823708-74-4400086.445287.sock)
[plugin-client] restarting worker for "nx/core/project-json"
[isolated-plugin] spawned worker for "nx/core/project-json" (pid: 851330, socket: /tmp/plugin823708-75-4400092.987808.sock)
[NX v22.7.2 Daemon Server] - 2026-08-09T20:51:09.266Z - Time taken for 'hash changed files from watcher' 0.34754399955272675ms
[plugin-worker] "@nx/angular/plugin" (pid: 851315) listening on /tmp/plugin823708-72-4400072.894815.sock
Time taken for 'plugin worker 851315 code loading' 69.16327299999999ms
[isolated-plugin] connected to worker for "@nx/angular/plugin" (pid: 851315)
[NX v22.7.2 Daemon Server] - 2026-08-09T20:51:09.351Z - Time taken for 'start-plugin-worker:@nx/angular/plugin' 110.2811680007726ms
[plugin-worker] "@nx/angular/plugin" (pid: 851315) connected
[plugin-worker] "nx/js/dependencies-and-lockfile" (pid: 851316) listening on /tmp/plugin823708-73-4400079.89202.sock
Time taken for 'plugin worker 851316 code loading' 69.518851ms
[plugin-worker] "nx/core/package-json" (pid: 851322) listening on /tmp/plugin823708-74-4400086.445287.sock
Time taken for 'plugin worker 851322 code loading' 64.078904ms
[isolated-plugin] connected to worker for "nx/js/dependencies-and-lockfile" (pid: 851316)
[NX v22.7.2 Daemon Server] - 2026-08-09T20:51:09.360Z - Time taken for 'start-plugin-worker:nx/js/dependencies-and-lockfile' 112.4151610005647ms
[plugin-worker] "nx/js/dependencies-and-lockfile" (pid: 851316) connected
[plugin-worker] "nx/core/project-json" (pid: 851330) listening on /tmp/plugin823708-75-4400092.987808.sock
[isolated-plugin] connected to worker for "nx/core/package-json" (pid: 851322)
[NX v22.7.2 Daemon Server] - 2026-08-09T20:51:09.365Z - Time taken for 'start-plugin-worker:nx/core/package-json' 111.10207499936223ms
[plugin-worker] "nx/core/package-json" (pid: 851322) connected
Time taken for 'plugin worker 851330 code loading' 68.843716ms
[isolated-plugin] connected to worker for "nx/core/project-json" (pid: 851330)
[NX v22.7.2 Daemon Server] - 2026-08-09T20:51:09.371Z - Time taken for 'start-plugin-worker:nx/core/project-json' 110.5515200002119ms
[plugin-worker] "nx/core/project-json" (pid: 851330) connected
[plugin-worker] "nx/js/dependencies-and-lockfile" (pid: 851316) loaded successfully
[plugin-worker] "nx/core/package-json" (pid: 851322) loaded successfully
[plugin-worker] "nx/core/project-json" (pid: 851330) loaded successfully
[isolated-plugin] shutting down worker for "nx/core/project-json" after createNodes
[isolated-plugin] shutting down worker for "nx/core/package-json" after createNodes
Time taken for 'nx/js/dependencies-and-lockfile:createNodes' 11.852413000000013ms
[plugin-worker] "@nx/angular/plugin" (pid: 851315) loaded successfully
[isolated-plugin] shutting down worker for "@nx/angular/plugin" after createNodes
[NX v22.7.2 Daemon Server] - 2026-08-09T20:51:09.437Z - Time taken for 'build-project-configs' 191.67097500059754ms
[NX v22.7.2 Daemon Server] - 2026-08-09T20:51:09.437Z - Time taken for 'createNodes:merge' 0.9052710002288222ms
[NX v22.7.2 Daemon Server] - 2026-08-09T20:51:09.437Z - Time taken for 'get-all-workspace-files' 0.054294999688863754ms
[isolated-plugin] shutting down worker for "nx/js/dependencies-and-lockfile" after createDependencies
[NX v22.7.2 Daemon Server] - 2026-08-09T20:51:09.455Z - [SYNC]: collect registered sync generators
[NX v22.7.2 Daemon Server] - 2026-08-09T20:51:09.455Z - [SYNC]: project graph hash is the same, not collecting task sync generators
[NX v22.7.2 Daemon Server] - 2026-08-09T20:51:09.455Z - [SYNC]: nx.json hash is the same, not collecting global sync generators
[NX v22.7.2 Daemon Server] - 2026-08-09T20:51:09.455Z - Time taken for 'total execution time for createProjectGraph()' 19.72262299992144ms
[NX v22.7.2 Daemon Server] - 2026-08-09T20:51:09.455Z - Time taken for 'createDependencies' 16.915630999952555ms
[NX v22.7.2 Daemon Server] - 2026-08-09T20:51:09.455Z - Time taken for 'nx/js/dependencies-and-lockfile:createDependencies' 16.75718900002539ms
[NX v22.7.2 Daemon Server] - 2026-08-09T20:51:09.455Z - Time taken for 'createMetadata' 0.010518999770283699ms
[NX v22.7.2 Daemon Server] - 2026-08-09T20:51:09.455Z - Time taken for 'serialize graph' 2.9463119991123676ms
[NX v22.7.2 Daemon Server] - 2026-08-09T20:51:39.567Z - [WATCHER]: Processing file changes in outputs
[NX v22.7.2 Daemon Server] - 2026-08-09T20:51:39.567Z - [WATCHER]: justfile was deleted
[NX v22.7.2 Daemon Server] - 2026-08-09T20:51:39.567Z - [WATCHER]: File changes detected:
Created:
(none)
Updated:
(none)
Deleted:
  - justfile
[NX v22.7.2 Daemon Server] - 2026-08-09T20:51:39.567Z - [SYNC]: clearing sync generators cache due to file changes
[NX v22.7.2 Daemon Server] - 2026-08-09T20:51:39.768Z - [REQUEST]: Updated workspace context based on watched changes, recomputing project graph...
[NX v22.7.2 Daemon Server] - 2026-08-09T20:51:39.768Z - [REQUEST]: 
[NX v22.7.2 Daemon Server] - 2026-08-09T20:51:39.768Z - [REQUEST]: justfile
[plugin-client] restarting worker for "@nx/angular/plugin"
[isolated-plugin] spawned worker for "@nx/angular/plugin" (pid: 851574, socket: /tmp/plugin823708-76-4430609.600092.sock)
[plugin-client] restarting worker for "nx/js/dependencies-and-lockfile"
[isolated-plugin] spawned worker for "nx/js/dependencies-and-lockfile" (pid: 851575, socket: /tmp/plugin823708-77-4430617.779201.sock)
[plugin-client] restarting worker for "nx/core/package-json"
[isolated-plugin] spawned worker for "nx/core/package-json" (pid: 851581, socket: /tmp/plugin823708-78-4430624.419163.sock)
[plugin-client] restarting worker for "nx/core/project-json"
[isolated-plugin] spawned worker for "nx/core/project-json" (pid: 851587, socket: /tmp/plugin823708-79-4430629.894871.sock)
[NX v22.7.2 Daemon Server] - 2026-08-09T20:51:39.802Z - Time taken for 'hash changed files from watcher' 0.26716099958866835ms
[plugin-worker] "@nx/angular/plugin" (pid: 851574) listening on /tmp/plugin823708-76-4430609.600092.sock
Time taken for 'plugin worker 851574 code loading' 65.223546ms
[plugin-worker] "nx/js/dependencies-and-lockfile" (pid: 851575) listening on /tmp/plugin823708-77-4430617.779201.sock
Time taken for 'plugin worker 851575 code loading' 62.185051ms
[isolated-plugin] connected to worker for "@nx/angular/plugin" (pid: 851574)
[isolated-plugin] connected to worker for "nx/js/dependencies-and-lockfile" (pid: 851575)
[NX v22.7.2 Daemon Server] - 2026-08-09T20:51:39.879Z - Time taken for 'start-plugin-worker:@nx/angular/plugin' 105.16926100011915ms
[NX v22.7.2 Daemon Server] - 2026-08-09T20:51:39.880Z - Time taken for 'start-plugin-worker:nx/js/dependencies-and-lockfile' 97.20521600078791ms
[plugin-worker] "@nx/angular/plugin" (pid: 851574) connected
[plugin-worker] "nx/js/dependencies-and-lockfile" (pid: 851575) connected
[plugin-worker] "nx/core/package-json" (pid: 851581) listening on /tmp/plugin823708-78-4430624.419163.sock
Time taken for 'plugin worker 851581 code loading' 59.63091ms
[plugin-worker] "nx/core/project-json" (pid: 851587) listening on /tmp/plugin823708-79-4430629.894871.sock
[isolated-plugin] connected to worker for "nx/core/package-json" (pid: 851581)
[NX v22.7.2 Daemon Server] - 2026-08-09T20:51:39.889Z - Time taken for 'start-plugin-worker:nx/core/package-json' 99.96898000035435ms
Time taken for 'plugin worker 851587 code loading' 61.900391ms
[plugin-worker] "nx/core/package-json" (pid: 851581) connected
[isolated-plugin] connected to worker for "nx/core/project-json" (pid: 851587)
[NX v22.7.2 Daemon Server] - 2026-08-09T20:51:39.897Z - Time taken for 'start-plugin-worker:nx/core/project-json' 102.18192499969155ms
[plugin-worker] "nx/core/project-json" (pid: 851587) connected
[plugin-worker] "nx/js/dependencies-and-lockfile" (pid: 851575) loaded successfully
[plugin-worker] "nx/core/package-json" (pid: 851581) loaded successfully
Time taken for 'nx/js/dependencies-and-lockfile:createNodes' 10.786851999999996ms
[plugin-worker] "nx/core/project-json" (pid: 851587) loaded successfully
[isolated-plugin] shutting down worker for "nx/core/package-json" after createNodes
[isolated-plugin] shutting down worker for "nx/core/project-json" after createNodes
[plugin-worker] "@nx/angular/plugin" (pid: 851574) loaded successfully
[isolated-plugin] shutting down worker for "@nx/angular/plugin" after createNodes
[NX v22.7.2 Daemon Server] - 2026-08-09T20:51:39.988Z - Time taken for 'build-project-configs' 209.34468199964613ms
[NX v22.7.2 Daemon Server] - 2026-08-09T20:51:39.988Z - Time taken for 'createNodes:merge' 0.9109279997646809ms
[NX v22.7.2 Daemon Server] - 2026-08-09T20:51:39.988Z - Time taken for 'get-all-workspace-files' 0.05534000042825937ms
Time taken for 'build typescript dependencies' 0.45219000000000165ms
[isolated-plugin] shutting down worker for "nx/js/dependencies-and-lockfile" after createDependencies
[NX v22.7.2 Daemon Server] - 2026-08-09T20:51:40.011Z - [SYNC]: collect registered sync generators
[NX v22.7.2 Daemon Server] - 2026-08-09T20:51:40.011Z - [SYNC]: project graph hash is the same, not collecting task sync generators
[NX v22.7.2 Daemon Server] - 2026-08-09T20:51:40.011Z - [SYNC]: nx.json hash is the same, not collecting global sync generators
[NX v22.7.2 Daemon Server] - 2026-08-09T20:51:40.012Z - Time taken for 'total execution time for createProjectGraph()' 24.249712999910116ms
[NX v22.7.2 Daemon Server] - 2026-08-09T20:51:40.012Z - Time taken for 'createDependencies' 21.839699000120163ms
[NX v22.7.2 Daemon Server] - 2026-08-09T20:51:40.012Z - Time taken for 'nx/js/dependencies-and-lockfile:createDependencies' 21.694763000123203ms
[NX v22.7.2 Daemon Server] - 2026-08-09T20:51:40.012Z - Time taken for 'createMetadata' 0.01135299913585186ms
[NX v22.7.2 Daemon Server] - 2026-08-09T20:51:40.012Z - Time taken for 'serialize graph' 3.1754459999501705ms
[NX v22.7.2 Daemon Server] - 2026-08-09T20:51:41.588Z - [WATCHER]: 2 file(s) created or restored, 0 file(s) modified, 0 file(s) deleted
[NX v22.7.2 Daemon Server] - 2026-08-09T20:51:41.588Z - [WATCHER]: File changes detected:
Created:
  - justfile:Zone.Identifier
  - justfile
Updated:
(none)
Deleted:
(none)
[NX v22.7.2 Daemon Server] - 2026-08-09T20:51:41.588Z - [SYNC]: clearing sync generators cache due to file changes
[NX v22.7.2 Daemon Server] - 2026-08-09T20:51:41.588Z - [WATCHER]: Processing file changes in outputs
[NX v22.7.2 Daemon Server] - 2026-08-09T20:51:41.662Z - [WATCHER]: 0 file(s) created or restored, 2 file(s) modified, 0 file(s) deleted
[NX v22.7.2 Daemon Server] - 2026-08-09T20:51:41.662Z - [WATCHER]: File changes detected:
Created:
(none)
Updated:
  - justfile:Zone.Identifier
  - justfile
Deleted:
(none)
[NX v22.7.2 Daemon Server] - 2026-08-09T20:51:41.662Z - [SYNC]: clearing sync generators cache due to file changes
[NX v22.7.2 Daemon Server] - 2026-08-09T20:51:41.662Z - [WATCHER]: Processing file changes in outputs
[NX v22.7.2 Daemon Server] - 2026-08-09T20:51:41.689Z - [REQUEST]: Updated workspace context based on watched changes, recomputing project graph...
[NX v22.7.2 Daemon Server] - 2026-08-09T20:51:41.689Z - [REQUEST]: justfile:Zone.Identifier,justfile
[NX v22.7.2 Daemon Server] - 2026-08-09T20:51:41.689Z - [REQUEST]: 
[plugin-client] restarting worker for "@nx/angular/plugin"
[isolated-plugin] spawned worker for "@nx/angular/plugin" (pid: 851671, socket: /tmp/plugin823708-80-4432533.046254.sock)
[plugin-client] restarting worker for "nx/js/dependencies-and-lockfile"
[isolated-plugin] spawned worker for "nx/js/dependencies-and-lockfile" (pid: 851672, socket: /tmp/plugin823708-81-4432542.633382.sock)
[plugin-client] restarting worker for "nx/core/package-json"
[isolated-plugin] spawned worker for "nx/core/package-json" (pid: 851678, socket: /tmp/plugin823708-82-4432549.766163.sock)
[plugin-client] restarting worker for "nx/core/project-json"
[isolated-plugin] spawned worker for "nx/core/project-json" (pid: 851684, socket: /tmp/plugin823708-83-4432556.956922.sock)
[NX v22.7.2 Daemon Server] - 2026-08-09T20:51:41.726Z - Time taken for 'hash changed files from watcher' 0.6795080006122589ms
[plugin-worker] "nx/js/dependencies-and-lockfile" (pid: 851672) listening on /tmp/plugin823708-81-4432542.633382.sock
Time taken for 'plugin worker 851672 code loading' 98.26095799999999ms
[plugin-worker] "@nx/angular/plugin" (pid: 851671) listening on /tmp/plugin823708-80-4432533.046254.sock
Time taken for 'plugin worker 851671 code loading' 102.077736ms
[isolated-plugin] connected to worker for "@nx/angular/plugin" (pid: 851671)
[isolated-plugin] connected to worker for "nx/js/dependencies-and-lockfile" (pid: 851672)
[NX v22.7.2 Daemon Server] - 2026-08-09T20:51:41.869Z - Time taken for 'start-plugin-worker:@nx/angular/plugin' 173.4215240003541ms
[NX v22.7.2 Daemon Server] - 2026-08-09T20:51:41.869Z - Time taken for 'start-plugin-worker:nx/js/dependencies-and-lockfile' 163.93668199982494ms
[plugin-worker] "nx/js/dependencies-and-lockfile" (pid: 851672) connected
[plugin-worker] "@nx/angular/plugin" (pid: 851671) connected
[plugin-worker] "nx/core/package-json" (pid: 851678) listening on /tmp/plugin823708-82-4432549.766163.sock
[isolated-plugin] connected to worker for "nx/core/package-json" (pid: 851678)
[NX v22.7.2 Daemon Server] - 2026-08-09T20:51:41.901Z - Time taken for 'start-plugin-worker:nx/core/package-json' 188.95680499915034ms
Time taken for 'plugin worker 851678 code loading' 121.852902ms
[plugin-worker] "nx/core/project-json" (pid: 851684) listening on /tmp/plugin823708-83-4432556.956922.sock
[plugin-worker] "nx/core/package-json" (pid: 851678) connected
Time taken for 'plugin worker 851684 code loading' 126.573782ms
[isolated-plugin] connected to worker for "nx/core/project-json" (pid: 851684)
[NX v22.7.2 Daemon Server] - 2026-08-09T20:51:41.911Z - Time taken for 'start-plugin-worker:nx/core/project-json' 191.92569499928504ms
[plugin-worker] "nx/core/project-json" (pid: 851684) connected
[plugin-worker] "nx/js/dependencies-and-lockfile" (pid: 851672) loaded successfully
Time taken for 'nx/js/dependencies-and-lockfile:createNodes' 17.948852999999986ms
[plugin-worker] "nx/core/package-json" (pid: 851678) loaded successfully
[plugin-worker] "nx/core/project-json" (pid: 851684) loaded successfully
[isolated-plugin] shutting down worker for "nx/core/project-json" after createNodes
[isolated-plugin] shutting down worker for "nx/core/package-json" after createNodes
[plugin-worker] "@nx/angular/plugin" (pid: 851671) loaded successfully
[isolated-plugin] shutting down worker for "@nx/angular/plugin" after createNodes
[NX v22.7.2 Daemon Server] - 2026-08-09T20:51:42.053Z - Time taken for 'build-project-configs' 352.8367180004716ms
[NX v22.7.2 Daemon Server] - 2026-08-09T20:51:42.053Z - Time taken for 'createNodes:merge' 0.9918329995125532ms
[NX v22.7.2 Daemon Server] - 2026-08-09T20:51:42.053Z - Time taken for 'get-all-workspace-files' 0.053309000097215176ms
Time taken for 'build typescript dependencies' 0.2060730000000035ms
[isolated-plugin] shutting down worker for "nx/js/dependencies-and-lockfile" after createDependencies
[NX v22.7.2 Daemon Server] - 2026-08-09T20:51:42.072Z - [SYNC]: collect registered sync generators
[NX v22.7.2 Daemon Server] - 2026-08-09T20:51:42.073Z - [SYNC]: project graph hash is the same, not collecting task sync generators
[NX v22.7.2 Daemon Server] - 2026-08-09T20:51:42.073Z - [SYNC]: nx.json hash is the same, not collecting global sync generators
[NX v22.7.2 Daemon Server] - 2026-08-09T20:51:42.073Z - Time taken for 'total execution time for createProjectGraph()' 20.946093999780715ms
[NX v22.7.2 Daemon Server] - 2026-08-09T20:51:42.073Z - Time taken for 'createDependencies' 18.47656700015068ms
[NX v22.7.2 Daemon Server] - 2026-08-09T20:51:42.073Z - Time taken for 'nx/js/dependencies-and-lockfile:createDependencies' 18.34843400027603ms
[NX v22.7.2 Daemon Server] - 2026-08-09T20:51:42.073Z - Time taken for 'createMetadata' 0.010626999661326408ms
[NX v22.7.2 Daemon Server] - 2026-08-09T20:51:42.073Z - Time taken for 'serialize graph' 2.945401999168098ms
[NX v22.7.2 Daemon Server] - 2026-08-09T20:51:47.451Z - [WATCHER]: justfile:Zone.Identifier was deleted
[NX v22.7.2 Daemon Server] - 2026-08-09T20:51:47.452Z - [WATCHER]: File changes detected:
Created:
(none)
Updated:
(none)
Deleted:
  - justfile:Zone.Identifier
[NX v22.7.2 Daemon Server] - 2026-08-09T20:51:47.452Z - [SYNC]: clearing sync generators cache due to file changes
[NX v22.7.2 Daemon Server] - 2026-08-09T20:51:47.452Z - [WATCHER]: Processing file changes in outputs
[NX v22.7.2 Daemon Server] - 2026-08-09T20:51:47.652Z - [REQUEST]: Updated workspace context based on watched changes, recomputing project graph...
[NX v22.7.2 Daemon Server] - 2026-08-09T20:51:47.652Z - [REQUEST]: 
[NX v22.7.2 Daemon Server] - 2026-08-09T20:51:47.652Z - [REQUEST]: justfile:Zone.Identifier
[plugin-client] restarting worker for "@nx/angular/plugin"
[isolated-plugin] spawned worker for "@nx/angular/plugin" (pid: 851806, socket: /tmp/plugin823708-84-4438494.652518.sock)
[plugin-client] restarting worker for "nx/js/dependencies-and-lockfile"
[isolated-plugin] spawned worker for "nx/js/dependencies-and-lockfile" (pid: 851807, socket: /tmp/plugin823708-85-4438501.12652.sock)
[plugin-client] restarting worker for "nx/core/package-json"
[isolated-plugin] spawned worker for "nx/core/package-json" (pid: 851813, socket: /tmp/plugin823708-86-4438507.268991.sock)
[plugin-client] restarting worker for "nx/core/project-json"
[isolated-plugin] spawned worker for "nx/core/project-json" (pid: 851819, socket: /tmp/plugin823708-87-4438512.872083.sock)
[NX v22.7.2 Daemon Server] - 2026-08-09T20:51:47.682Z - Time taken for 'hash changed files from watcher' 0.1657230006530881ms
[plugin-worker] "@nx/angular/plugin" (pid: 851806) listening on /tmp/plugin823708-84-4438494.652518.sock
Time taken for 'plugin worker 851806 code loading' 64.875395ms
[isolated-plugin] connected to worker for "@nx/angular/plugin" (pid: 851806)
[NX v22.7.2 Daemon Server] - 2026-08-09T20:51:47.756Z - Time taken for 'start-plugin-worker:@nx/angular/plugin' 98.95858700014651ms
[plugin-worker] "@nx/angular/plugin" (pid: 851806) connected
[plugin-worker] "nx/js/dependencies-and-lockfile" (pid: 851807) listening on /tmp/plugin823708-85-4438501.12652.sock
[isolated-plugin] connected to worker for "nx/js/dependencies-and-lockfile" (pid: 851807)
[NX v22.7.2 Daemon Server] - 2026-08-09T20:51:47.767Z - Time taken for 'start-plugin-worker:nx/js/dependencies-and-lockfile' 102.89226699993014ms
[plugin-worker] "nx/js/dependencies-and-lockfile" (pid: 851807) connected
Time taken for 'plugin worker 851807 code loading' 70.551627ms
[plugin-worker] "nx/core/package-json" (pid: 851813) listening on /tmp/plugin823708-86-4438507.268991.sock
Time taken for 'plugin worker 851813 code loading' 68.47071199999999ms
[plugin-worker] "nx/core/project-json" (pid: 851819) listening on /tmp/plugin823708-87-4438512.872083.sock
Time taken for 'plugin worker 851819 code loading' 67.602926ms
[isolated-plugin] connected to worker for "nx/core/project-json" (pid: 851819)
[NX v22.7.2 Daemon Server] - 2026-08-09T20:51:47.777Z - Time taken for 'start-plugin-worker:nx/core/project-json' 101.26616200059652ms
[isolated-plugin] connected to worker for "nx/core/package-json" (pid: 851813)
[NX v22.7.2 Daemon Server] - 2026-08-09T20:51:47.777Z - Time taken for 'start-plugin-worker:nx/core/package-json' 107.22463800013065ms
[plugin-worker] "nx/core/project-json" (pid: 851819) connected
[plugin-worker] "nx/core/package-json" (pid: 851813) connected
[plugin-worker] "nx/js/dependencies-and-lockfile" (pid: 851807) loaded successfully
[plugin-worker] "nx/core/package-json" (pid: 851813) loaded successfully
[plugin-worker] "nx/core/project-json" (pid: 851819) loaded successfully
[isolated-plugin] shutting down worker for "nx/core/project-json" after createNodes
Time taken for 'nx/js/dependencies-and-lockfile:createNodes' 10.566444000000004ms
[isolated-plugin] shutting down worker for "nx/core/package-json" after createNodes
[plugin-worker] "@nx/angular/plugin" (pid: 851806) loaded successfully
[isolated-plugin] shutting down worker for "@nx/angular/plugin" after createNodes
[NX v22.7.2 Daemon Server] - 2026-08-09T20:51:47.848Z - Time taken for 'build-project-configs' 185.56267200037837ms
[NX v22.7.2 Daemon Server] - 2026-08-09T20:51:47.848Z - Time taken for 'createNodes:merge' 0.8900459995493293ms
[NX v22.7.2 Daemon Server] - 2026-08-09T20:51:47.848Z - Time taken for 'get-all-workspace-files' 0.08105699997395277ms
[isolated-plugin] shutting down worker for "nx/js/dependencies-and-lockfile" after createDependencies
[NX v22.7.2 Daemon Server] - 2026-08-09T20:51:47.863Z - [SYNC]: collect registered sync generators
[NX v22.7.2 Daemon Server] - 2026-08-09T20:51:47.863Z - [SYNC]: project graph hash is the same, not collecting task sync generators
[NX v22.7.2 Daemon Server] - 2026-08-09T20:51:47.863Z - [SYNC]: nx.json hash is the same, not collecting global sync generators
[NX v22.7.2 Daemon Server] - 2026-08-09T20:51:47.864Z - Time taken for 'total execution time for createProjectGraph()' 16.264353999868035ms
[NX v22.7.2 Daemon Server] - 2026-08-09T20:51:47.864Z - Time taken for 'createDependencies' 13.911515000276268ms
[NX v22.7.2 Daemon Server] - 2026-08-09T20:51:47.864Z - Time taken for 'nx/js/dependencies-and-lockfile:createDependencies' 13.793560000136495ms
[NX v22.7.2 Daemon Server] - 2026-08-09T20:51:47.864Z - Time taken for 'createMetadata' 0.009783999994397163ms
[NX v22.7.2 Daemon Server] - 2026-08-09T20:51:47.864Z - Time taken for 'serialize graph' 3.3121140003204346ms
[NX v22.7.2 Daemon Server] - 2026-08-09T20:51:49.923Z - [WATCHER]: justfile was modified
[NX v22.7.2 Daemon Server] - 2026-08-09T20:51:49.923Z - [WATCHER]: File changes detected:
Created:
(none)
Updated:
  - justfile
Deleted:
(none)
[NX v22.7.2 Daemon Server] - 2026-08-09T20:51:49.923Z - [SYNC]: clearing sync generators cache due to file changes
[NX v22.7.2 Daemon Server] - 2026-08-09T20:51:49.923Z - [WATCHER]: Processing file changes in outputs
[NX v22.7.2 Daemon Server] - 2026-08-09T20:51:50.324Z - [REQUEST]: Updated workspace context based on watched changes, recomputing project graph...
[NX v22.7.2 Daemon Server] - 2026-08-09T20:51:50.324Z - [REQUEST]: justfile
[NX v22.7.2 Daemon Server] - 2026-08-09T20:51:50.324Z - [REQUEST]: 
[plugin-client] restarting worker for "@nx/angular/plugin"
[isolated-plugin] spawned worker for "@nx/angular/plugin" (pid: 852061, socket: /tmp/plugin823708-88-4441169.880437.sock)
[plugin-client] restarting worker for "nx/js/dependencies-and-lockfile"
[isolated-plugin] spawned worker for "nx/js/dependencies-and-lockfile" (pid: 852062, socket: /tmp/plugin823708-89-4441176.866455.sock)
[plugin-client] restarting worker for "nx/core/package-json"
[isolated-plugin] spawned worker for "nx/core/package-json" (pid: 852068, socket: /tmp/plugin823708-90-4441182.475081.sock)
[plugin-client] restarting worker for "nx/core/project-json"
[isolated-plugin] spawned worker for "nx/core/project-json" (pid: 852074, socket: /tmp/plugin823708-91-4441187.607578.sock)
[NX v22.7.2 Daemon Server] - 2026-08-09T20:51:50.355Z - Time taken for 'hash changed files from watcher' 0.39348999969661236ms
[plugin-worker] "@nx/angular/plugin" (pid: 852061) listening on /tmp/plugin823708-88-4441169.880437.sock
Time taken for 'plugin worker 852061 code loading' 60.842881000000006ms
[isolated-plugin] connected to worker for "@nx/angular/plugin" (pid: 852061)
[NX v22.7.2 Daemon Server] - 2026-08-09T20:51:50.429Z - Time taken for 'start-plugin-worker:@nx/angular/plugin' 97.05015300028026ms
[plugin-worker] "@nx/angular/plugin" (pid: 852061) connected
[plugin-worker] "nx/js/dependencies-and-lockfile" (pid: 852062) listening on /tmp/plugin823708-89-4441176.866455.sock
Time taken for 'plugin worker 852062 code loading' 57.86905399999999ms
[plugin-worker] "nx/core/package-json" (pid: 852068) listening on /tmp/plugin823708-90-4441182.475081.sock
Time taken for 'plugin worker 852068 code loading' 58.864045999999995ms
[isolated-plugin] connected to worker for "nx/core/package-json" (pid: 852068)
[NX v22.7.2 Daemon Server] - 2026-08-09T20:51:50.434Z - Time taken for 'start-plugin-worker:nx/core/package-json' 89.36032800003886ms
[plugin-worker] "nx/core/package-json" (pid: 852068) connected
[plugin-worker] "nx/core/project-json" (pid: 852074) listening on /tmp/plugin823708-91-4441187.607578.sock
[isolated-plugin] connected to worker for "nx/core/project-json" (pid: 852074)
[isolated-plugin] connected to worker for "nx/js/dependencies-and-lockfile" (pid: 852062)
[NX v22.7.2 Daemon Server] - 2026-08-09T20:51:50.439Z - Time taken for 'start-plugin-worker:nx/js/dependencies-and-lockfile' 100.02657500002533ms
[NX v22.7.2 Daemon Server] - 2026-08-09T20:51:50.439Z - Time taken for 'start-plugin-worker:nx/core/project-json' 89.14251599926502ms
[plugin-worker] "nx/js/dependencies-and-lockfile" (pid: 852062) connected
[plugin-worker] "nx/core/project-json" (pid: 852074) connected
Time taken for 'plugin worker 852074 code loading' 57.491872ms
[plugin-worker] "nx/core/package-json" (pid: 852068) loaded successfully
[plugin-worker] "nx/core/project-json" (pid: 852074) loaded successfully
[isolated-plugin] shutting down worker for "nx/core/project-json" after createNodes
[isolated-plugin] shutting down worker for "nx/core/package-json" after createNodes
[plugin-worker] "nx/js/dependencies-and-lockfile" (pid: 852062) loaded successfully
Time taken for 'nx/js/dependencies-and-lockfile:createNodes' 10.190037000000004ms
[plugin-worker] "@nx/angular/plugin" (pid: 852061) loaded successfully
[isolated-plugin] shutting down worker for "@nx/angular/plugin" after createNodes
[NX v22.7.2 Daemon Server] - 2026-08-09T20:51:50.519Z - Time taken for 'build-project-configs' 179.98051400016993ms
[NX v22.7.2 Daemon Server] - 2026-08-09T20:51:50.519Z - Time taken for 'createNodes:merge' 0.7148800007998943ms
[NX v22.7.2 Daemon Server] - 2026-08-09T20:51:50.519Z - Time taken for 'get-all-workspace-files' 0.05163300037384033ms
Time taken for 'build typescript dependencies' 0.14937100000000214ms
[isolated-plugin] shutting down worker for "nx/js/dependencies-and-lockfile" after createDependencies
[NX v22.7.2 Daemon Server] - 2026-08-09T20:51:50.536Z - [SYNC]: collect registered sync generators
[NX v22.7.2 Daemon Server] - 2026-08-09T20:51:50.537Z - [SYNC]: project graph hash is the same, not collecting task sync generators
[NX v22.7.2 Daemon Server] - 2026-08-09T20:51:50.537Z - [SYNC]: nx.json hash is the same, not collecting global sync generators
[NX v22.7.2 Daemon Server] - 2026-08-09T20:51:50.537Z - Time taken for 'total execution time for createProjectGraph()' 20.273292999714613ms
[NX v22.7.2 Daemon Server] - 2026-08-09T20:51:50.537Z - Time taken for 'createDependencies' 16.852710999548435ms
[NX v22.7.2 Daemon Server] - 2026-08-09T20:51:50.537Z - Time taken for 'nx/js/dependencies-and-lockfile:createDependencies' 16.703019000589848ms
[NX v22.7.2 Daemon Server] - 2026-08-09T20:51:50.537Z - Time taken for 'createMetadata' 0.015998000279068947ms
[NX v22.7.2 Daemon Server] - 2026-08-09T20:51:50.537Z - Time taken for 'serialize graph' 3.615992999635637ms
[NX v22.7.2 Daemon Server] - 2026-08-09T20:52:32.426Z - [WATCHER]: 1 file(s) created or restored, 0 file(s) modified, 1 file(s) deleted
[NX v22.7.2 Daemon Server] - 2026-08-09T20:52:32.426Z - [WATCHER]: File changes detected:
Created:
  - tsconfig.base.json
Updated:
(none)
Deleted:
  - sedDOJqUc
[NX v22.7.2 Daemon Server] - 2026-08-09T20:52:32.426Z - [SYNC]: clearing sync generators cache due to file changes
[NX v22.7.2 Daemon Server] - 2026-08-09T20:52:32.426Z - [WATCHER]: Processing file changes in outputs
[NX v22.7.2 Daemon Server] - 2026-08-09T20:52:32.527Z - [REQUEST]: Updated workspace context based on watched changes, recomputing project graph...
[NX v22.7.2 Daemon Server] - 2026-08-09T20:52:32.527Z - [REQUEST]: tsconfig.base.json
[NX v22.7.2 Daemon Server] - 2026-08-09T20:52:32.527Z - [REQUEST]: sedDOJqUc
[plugin-client] restarting worker for "@nx/angular/plugin"
[isolated-plugin] spawned worker for "@nx/angular/plugin" (pid: 852481, socket: /tmp/plugin823708-92-4483374.375388.sock)
[plugin-client] restarting worker for "nx/js/dependencies-and-lockfile"
[isolated-plugin] spawned worker for "nx/js/dependencies-and-lockfile" (pid: 852482, socket: /tmp/plugin823708-93-4483381.445358.sock)
[plugin-client] restarting worker for "nx/core/package-json"
[isolated-plugin] spawned worker for "nx/core/package-json" (pid: 852488, socket: /tmp/plugin823708-94-4483388.597244.sock)
[plugin-client] restarting worker for "nx/core/project-json"
[isolated-plugin] spawned worker for "nx/core/project-json" (pid: 852494, socket: /tmp/plugin823708-95-4483395.311862.sock)
[NX v22.7.2 Daemon Server] - 2026-08-09T20:52:32.561Z - Time taken for 'hash changed files from watcher' 0.2669680006802082ms
[plugin-worker] "@nx/angular/plugin" (pid: 852481) listening on /tmp/plugin823708-92-4483374.375388.sock
[isolated-plugin] connected to worker for "@nx/angular/plugin" (pid: 852481)
[NX v22.7.2 Daemon Server] - 2026-08-09T20:52:32.635Z - Time taken for 'start-plugin-worker:@nx/angular/plugin' 100.43097000010312ms
Time taken for 'plugin worker 852481 code loading' 63.676936ms
[plugin-worker] "@nx/angular/plugin" (pid: 852481) connected
[plugin-worker] "nx/js/dependencies-and-lockfile" (pid: 852482) listening on /tmp/plugin823708-93-4483381.445358.sock
Time taken for 'plugin worker 852482 code loading' 61.091333000000006ms
[plugin-worker] "nx/core/package-json" (pid: 852488) listening on /tmp/plugin823708-94-4483388.597244.sock
Time taken for 'plugin worker 852488 code loading' 61.841069000000005ms
[isolated-plugin] connected to worker for "nx/js/dependencies-and-lockfile" (pid: 852482)
[NX v22.7.2 Daemon Server] - 2026-08-09T20:52:32.645Z - Time taken for 'start-plugin-worker:nx/js/dependencies-and-lockfile' 103.43888599984348ms
[plugin-worker] "nx/js/dependencies-and-lockfile" (pid: 852482) connected
[isolated-plugin] connected to worker for "nx/core/package-json" (pid: 852488)
[NX v22.7.2 Daemon Server] - 2026-08-09T20:52:32.650Z - Time taken for 'start-plugin-worker:nx/core/package-json' 101.02095199935138ms
[plugin-worker] "nx/core/package-json" (pid: 852488) connected
[plugin-worker] "nx/core/project-json" (pid: 852494) listening on /tmp/plugin823708-95-4483395.311862.sock
Time taken for 'plugin worker 852494 code loading' 67.556052ms
[isolated-plugin] connected to worker for "nx/core/project-json" (pid: 852494)
[NX v22.7.2 Daemon Server] - 2026-08-09T20:52:32.655Z - Time taken for 'start-plugin-worker:nx/core/project-json' 100.14848299976438ms
[plugin-worker] "nx/core/project-json" (pid: 852494) connected
[plugin-worker] "nx/js/dependencies-and-lockfile" (pid: 852482) loaded successfully
[plugin-worker] "nx/core/project-json" (pid: 852494) loaded successfully
[isolated-plugin] shutting down worker for "nx/core/project-json" after createNodes
Time taken for 'nx/js/dependencies-and-lockfile:createNodes' 13.025732000000005ms
[plugin-worker] "nx/core/package-json" (pid: 852488) loaded successfully
[isolated-plugin] shutting down worker for "nx/core/package-json" after createNodes
[plugin-worker] "@nx/angular/plugin" (pid: 852481) loaded successfully
[isolated-plugin] shutting down worker for "@nx/angular/plugin" after createNodes
[NX v22.7.2 Daemon Server] - 2026-08-09T20:52:32.737Z - Time taken for 'build-project-configs' 197.97667599935085ms
[NX v22.7.2 Daemon Server] - 2026-08-09T20:52:32.737Z - Time taken for 'createNodes:merge' 1.11754700075835ms
[NX v22.7.2 Daemon Server] - 2026-08-09T20:52:32.737Z - Time taken for 'get-all-workspace-files' 0.06042500026524067ms
Time taken for 'build typescript dependencies' 0.19697700000000395ms
[isolated-plugin] shutting down worker for "nx/js/dependencies-and-lockfile" after createDependencies
[NX v22.7.2 Daemon Server] - 2026-08-09T20:52:32.752Z - [SYNC]: collect registered sync generators
[NX v22.7.2 Daemon Server] - 2026-08-09T20:52:32.752Z - [SYNC]: project graph hash is the same, not collecting task sync generators
[NX v22.7.2 Daemon Server] - 2026-08-09T20:52:32.752Z - [SYNC]: nx.json hash is the same, not collecting global sync generators
[NX v22.7.2 Daemon Server] - 2026-08-09T20:52:32.753Z - Time taken for 'total execution time for createProjectGraph()' 16.677046000026166ms
[NX v22.7.2 Daemon Server] - 2026-08-09T20:52:32.753Z - Time taken for 'createDependencies' 14.231952999718487ms
[NX v22.7.2 Daemon Server] - 2026-08-09T20:52:32.753Z - Time taken for 'nx/js/dependencies-and-lockfile:createDependencies' 14.098421999253333ms
[NX v22.7.2 Daemon Server] - 2026-08-09T20:52:32.753Z - Time taken for 'createMetadata' 0.010739000514149666ms
[NX v22.7.2 Daemon Server] - 2026-08-09T20:52:32.753Z - Time taken for 'serialize graph' 2.8990079993382096ms
[NX v22.7.2 Daemon Server] - 2026-08-09T20:52:37.003Z - Established a connection. Number of open connections: 1
[NX v22.7.2 Daemon Server] - 2026-08-09T20:52:37.005Z - Closed a connection. Number of open connections: 0
[NX v22.7.2 Daemon Server] - 2026-08-09T20:52:37.006Z - Established a connection. Number of open connections: 1
[NX v22.7.2 Daemon Server] - 2026-08-09T20:52:37.007Z - Closed a connection. Number of open connections: 0
[NX v22.7.2 Daemon Server] - 2026-08-09T20:52:37.007Z - Established a connection. Number of open connections: 1
[NX v22.7.2 Daemon Client] - 2026-08-09T20:52:37.007Z - [Messenger] Setting up socket listeners
[NX v22.7.2 Daemon Client] - 2026-08-09T20:52:37.008Z - [Messenger] listen() complete
[NX v22.7.2 Daemon Client] - 2026-08-09T20:52:37.131Z - [Messenger] Sending message type: GET_NX_CONSOLE_STATUS
[NX v22.7.2 Daemon Client] - 2026-08-09T20:52:37.132Z - [Messenger] Message sent
[NX v22.7.2 Daemon Server] - 2026-08-09T20:52:37.136Z - Received raw message of length 5208
[NX v22.7.2 Daemon Server] - 2026-08-09T20:52:37.136Z - Received json message of type GET_NX_CONSOLE_STATUS
[NX v22.7.2 Daemon Server] - 2026-08-09T20:52:37.136Z - Refreshing env var ATUIN_HISTORY_ID from client connection.
[NX v22.7.2 Daemon Server] - 2026-08-09T20:52:37.136Z - Graph recompute necessary due to env variable refresh
[NX v22.7.2 Daemon Server] - 2026-08-09T20:52:37.137Z - Serializing response for GET_NX_CONSOLE_STATUS message in json mode
[NX v22.7.2 Daemon Server] - 2026-08-09T20:52:37.137Z - Responding to GET_NX_CONSOLE_STATUS message
[NX v22.7.2 Daemon Server] - 2026-08-09T20:52:37.137Z - [REQUEST]: Responding to the client. handleGetNxConsoleStatus
[NX v22.7.2 Daemon Server] - 2026-08-09T20:52:37.137Z - Done responding to the client handleGetNxConsoleStatus
[NX v22.7.2 Daemon Server] - 2026-08-09T20:52:37.137Z - Handled json message GET_NX_CONSOLE_STATUS. Handling time: 1. Response time: 0.
[NX v22.7.2 Daemon Client] - 2026-08-09T20:52:37.137Z - [Messenger] Received message, length: 22
[NX v22.7.2 Daemon Client] - 2026-08-09T20:52:37.180Z - [Messenger] Sending message type: REQUEST_PROJECT_GRAPH
[NX v22.7.2 Daemon Client] - 2026-08-09T20:52:37.180Z - [Messenger] Message sent
[NX v22.7.2 Daemon Server] - 2026-08-09T20:52:37.180Z - Received raw message of length 32
[NX v22.7.2 Daemon Server] - 2026-08-09T20:52:37.180Z - Received json message of type REQUEST_PROJECT_GRAPH
[NX v22.7.2 Daemon Server] - 2026-08-09T20:52:37.180Z - [REQUEST]: Client Request for Project Graph Received
[NX v22.7.2 Daemon Server] - 2026-08-09T20:52:37.181Z - [REQUEST]: Updated workspace context based on watched changes, recomputing project graph...
[NX v22.7.2 Daemon Server] - 2026-08-09T20:52:37.181Z - [REQUEST]: 
[NX v22.7.2 Daemon Server] - 2026-08-09T20:52:37.181Z - [REQUEST]: 
[NX v22.7.2 Daemon Server] - 2026-08-09T20:52:37.188Z - No files changed, but no in-memory cached project graph found. Recomputing it...
[NX v22.7.2 Daemon Server] - 2026-08-09T20:52:37.188Z - Streaming message to client: progress update for topic graph-construction
[plugin-client] restarting worker for "@nx/angular/plugin"
[NX v22.7.2 Daemon Client] - 2026-08-09T20:52:37.189Z - [Messenger] Received message, length: 47
[isolated-plugin] spawned worker for "@nx/angular/plugin" (pid: 852643, socket: /tmp/plugin823708-96-4488028.844847.sock)
[plugin-client] restarting worker for "nx/js/dependencies-and-lockfile"
[isolated-plugin] spawned worker for "nx/js/dependencies-and-lockfile" (pid: 852644, socket: /tmp/plugin823708-97-4488038.033464.sock)
[plugin-client] restarting worker for "nx/core/package-json"
[isolated-plugin] spawned worker for "nx/core/package-json" (pid: 852650, socket: /tmp/plugin823708-98-4488046.452048.sock)
[plugin-client] restarting worker for "nx/core/project-json"
[isolated-plugin] spawned worker for "nx/core/project-json" (pid: 852657, socket: /tmp/plugin823708-99-4488053.220354.sock)
[NX v22.7.2 Daemon Server] - 2026-08-09T20:52:37.219Z - Time taken for 'hash changed files from watcher' 0.16508700046688318ms
[plugin-worker] "nx/js/dependencies-and-lockfile" (pid: 852644) listening on /tmp/plugin823708-97-4488038.033464.sock
[plugin-worker] "@nx/angular/plugin" (pid: 852643) listening on /tmp/plugin823708-96-4488028.844847.sock
Time taken for 'plugin worker 852643 code loading' 61.951746ms
Time taken for 'plugin worker 852644 code loading' 56.682444000000004ms
[plugin-worker] "nx/core/package-json" (pid: 852650) listening on /tmp/plugin823708-98-4488046.452048.sock
[plugin-worker] "nx/core/project-json" (pid: 852657) listening on /tmp/plugin823708-99-4488053.220354.sock
Time taken for 'plugin worker 852657 code loading' 51.611627000000006ms
Time taken for 'plugin worker 852650 code loading' 57.29142ms
[isolated-plugin] connected to worker for "nx/core/project-json" (pid: 852657)
[isolated-plugin] connected to worker for "@nx/angular/plugin" (pid: 852643)
[isolated-plugin] connected to worker for "nx/js/dependencies-and-lockfile" (pid: 852644)
[isolated-plugin] connected to worker for "nx/core/package-json" (pid: 852650)
[NX v22.7.2 Daemon Server] - 2026-08-09T20:52:37.294Z - Time taken for 'start-plugin-worker:@nx/angular/plugin' 105.35835400037467ms
[NX v22.7.2 Daemon Server] - 2026-08-09T20:52:37.294Z - Time taken for 'start-plugin-worker:nx/js/dependencies-and-lockfile' 96.27941100019962ms
[NX v22.7.2 Daemon Server] - 2026-08-09T20:52:37.294Z - Time taken for 'start-plugin-worker:nx/core/package-json' 87.81382500007749ms
[NX v22.7.2 Daemon Server] - 2026-08-09T20:52:37.294Z - Time taken for 'start-plugin-worker:nx/core/project-json' 80.73569300025702ms
[plugin-worker] "nx/core/project-json" (pid: 852657) connected
[plugin-worker] "@nx/angular/plugin" (pid: 852643) connected
[plugin-worker] "nx/js/dependencies-and-lockfile" (pid: 852644) connected
[plugin-worker] "nx/core/package-json" (pid: 852650) connected
[plugin-worker] "nx/core/project-json" (pid: 852657) loaded successfully
[plugin-worker] "nx/js/dependencies-and-lockfile" (pid: 852644) loaded successfully
[isolated-plugin] shutting down worker for "nx/core/project-json" after createNodes
[NX v22.7.2 Daemon Server] - 2026-08-09T20:52:37.329Z - Streaming message to client: progress update for topic graph-construction
[NX v22.7.2 Daemon Client] - 2026-08-09T20:52:37.329Z - [Messenger] Received message, length: 177
Time taken for 'nx/js/dependencies-and-lockfile:createNodes' 10.729989999999987ms
[NX v22.7.2 Daemon Server] - 2026-08-09T20:52:37.345Z - Streaming message to client: progress update for topic graph-construction
[plugin-worker] "nx/core/package-json" (pid: 852650) loaded successfully
[NX v22.7.2 Daemon Client] - 2026-08-09T20:52:37.345Z - [Messenger] Received message, length: 140
[isolated-plugin] shutting down worker for "nx/core/package-json" after createNodes
[NX v22.7.2 Daemon Server] - 2026-08-09T20:52:37.350Z - Streaming message to client: progress update for topic graph-construction
[NX v22.7.2 Daemon Client] - 2026-08-09T20:52:37.350Z - [Messenger] Received message, length: 99
[plugin-worker] "@nx/angular/plugin" (pid: 852643) loaded successfully
[isolated-plugin] shutting down worker for "@nx/angular/plugin" after createNodes
[NX v22.7.2 Daemon Server] - 2026-08-09T20:52:37.378Z - Streaming message to client: progress update for topic graph-construction
[NX v22.7.2 Daemon Client] - 2026-08-09T20:52:37.379Z - [Messenger] Received message, length: 47
[NX v22.7.2 Daemon Server] - 2026-08-09T20:52:37.383Z - Streaming message to client: progress update for topic graph-construction
[NX v22.7.2 Daemon Client] - 2026-08-09T20:52:37.384Z - [Messenger] Received message, length: 47
[NX v22.7.2 Daemon Server] - 2026-08-09T20:52:37.386Z - Time taken for 'build-project-configs' 191.85373899992555ms
[NX v22.7.2 Daemon Server] - 2026-08-09T20:52:37.386Z - Time taken for 'createNodes:merge' 1.5480880001559854ms
[NX v22.7.2 Daemon Server] - 2026-08-09T20:52:37.386Z - Time taken for 'get-all-workspace-files' 0.06364900059998035ms
[isolated-plugin] shutting down worker for "nx/js/dependencies-and-lockfile" after createDependencies
[NX v22.7.2 Daemon Server] - 2026-08-09T20:52:37.411Z - Streaming message to client: progress update for topic graph-construction
[NX v22.7.2 Daemon Client] - 2026-08-09T20:52:37.412Z - [Messenger] Received message, length: 47
[NX v22.7.2 Daemon Server] - 2026-08-09T20:52:37.434Z - Wrote project graph cache to /home/m/integrations/onboarded/.nx/workspace-data/project-graph.json
[NX v22.7.2 Daemon Server] - 2026-08-09T20:52:37.434Z - Serializing response for REQUEST_PROJECT_GRAPH message in json mode
[NX v22.7.2 Daemon Server] - 2026-08-09T20:52:37.434Z - Responding to REQUEST_PROJECT_GRAPH message
[NX v22.7.2 Daemon Server] - 2026-08-09T20:52:37.434Z - [REQUEST]: Responding to the client. project-graph
[NX v22.7.2 Daemon Server] - 2026-08-09T20:52:37.439Z - Time taken for 'total for creating and serializing project graph' 254.05907700024545ms
[NX v22.7.2 Daemon Server] - 2026-08-09T20:52:37.439Z - Time taken for 'total execution time for createProjectGraph()' 34.15782700013369ms
[NX v22.7.2 Daemon Server] - 2026-08-09T20:52:37.439Z - Time taken for 'createDependencies' 31.40241499990225ms
[NX v22.7.2 Daemon Server] - 2026-08-09T20:52:37.439Z - Time taken for 'nx/js/dependencies-and-lockfile:createDependencies' 31.08461800031364ms
[NX v22.7.2 Daemon Server] - 2026-08-09T20:52:37.440Z - Time taken for 'createMetadata' 0.012291000224649906ms
[NX v22.7.2 Daemon Server] - 2026-08-09T20:52:37.440Z - Time taken for 'serialize graph' 5.7511250004172325ms
[NX v22.7.2 Daemon Server] - 2026-08-09T20:52:37.440Z - Time taken for 'write cache' 13.542043999768794ms
[NX v22.7.2 Daemon Server] - 2026-08-09T20:52:37.442Z - Done responding to the client project-graph
[NX v22.7.2 Daemon Server] - 2026-08-09T20:52:37.442Z - Handled json message REQUEST_PROJECT_GRAPH. Handling time: 254. Response time: 8.
[NX v22.7.2 Daemon Client] - 2026-08-09T20:52:37.444Z - [Messenger] Received message, length: 682184
[NX v22.7.2 Daemon Client] - 2026-08-09T20:52:37.454Z - [Messenger] Sending message type: PRE_TASKS_EXECUTION
[NX v22.7.2 Daemon Client] - 2026-08-09T20:52:37.454Z - [Messenger] Message sent
[NX v22.7.2 Daemon Server] - 2026-08-09T20:52:37.455Z - Received raw message of length 855
[NX v22.7.2 Daemon Server] - 2026-08-09T20:52:37.455Z - Received json message of type PRE_TASKS_EXECUTION
[NX v22.7.2 Daemon Server] - 2026-08-09T20:52:37.456Z - Serializing response for PRE_TASKS_EXECUTION message in json mode
[NX v22.7.2 Daemon Server] - 2026-08-09T20:52:37.456Z - Responding to PRE_TASKS_EXECUTION message
[NX v22.7.2 Daemon Server] - 2026-08-09T20:52:37.456Z - [REQUEST]: Responding to the client. handleRunPreTasksExecution
[NX v22.7.2 Daemon Server] - 2026-08-09T20:52:37.456Z - Done responding to the client handleRunPreTasksExecution
[NX v22.7.2 Daemon Server] - 2026-08-09T20:52:37.456Z - Handled json message PRE_TASKS_EXECUTION. Handling time: 1. Response time: 0.
[NX v22.7.2 Daemon Server] - 2026-08-09T20:52:37.456Z - Time taken for 'preTasksExecution' 0.3358859997242689ms
[NX v22.7.2 Daemon Client] - 2026-08-09T20:52:37.531Z - [Messenger] Received message, length: 2
[NX v22.7.2 Daemon Client] - 2026-08-09T20:52:37.542Z - [Messenger] Sending message type: HASH_TASKS
[NX v22.7.2 Daemon Client] - 2026-08-09T20:52:37.543Z - [Messenger] Message sent
[NX v22.7.2 Daemon Server] - 2026-08-09T20:52:37.543Z - Received raw message of length 6459
[NX v22.7.2 Daemon Server] - 2026-08-09T20:52:37.543Z - Received json message of type HASH_TASKS
[NX v22.7.2 Daemon Server] - 2026-08-09T20:52:37.543Z - Reusing in-memory cached project graph because no files changed.
DEBUG nx::native::tasks::hash_planner: get_plans_internal COMPLETED in 2.160212ms - processed 1 tasks (setup: 2.110491ms, parallel_planning: 40.051µs)
DEBUG nx::native::tasks::hashers::hash_workspace_files: Hashing workspace fileset with inputs: Adding "4361406078602606092" (".gitignore") to hash
DEBUG nx::native::tasks::hashers::hash_workspace_files: Hashing workspace fileset with inputs: Adding "11044632387527613089" ("nx.json") to hash
DEBUG nx::native::tasks::hashers::hash_workspace_files: Hashing workspace fileset with inputs: Hash Value: "7055248756632866157"
DEBUG nx::native::tasks::task_hasher: hash_plans COMPLETED in 1.663973ms - processed 1 plans (setup: 184.015µs, hashing: 1.477921ms, assembly: 45.416µs)
[NX v22.7.2 Daemon Server] - 2026-08-09T20:52:37.551Z - Serializing response for HASH_TASKS message in json mode
[NX v22.7.2 Daemon Server] - 2026-08-09T20:52:37.552Z - Responding to HASH_TASKS message
[NX v22.7.2 Daemon Server] - 2026-08-09T20:52:37.552Z - [REQUEST]: Responding to the client. handleHashTasks
[NX v22.7.2 Daemon Server] - 2026-08-09T20:52:37.552Z - Done responding to the client handleHashTasks
[NX v22.7.2 Daemon Server] - 2026-08-09T20:52:37.552Z - Handled json message HASH_TASKS. Handling time: 8. Response time: 1.
[NX v22.7.2 Daemon Client] - 2026-08-09T20:52:37.552Z - [Messenger] Received message, length: 592
[NX v22.7.2 Daemon Client] - 2026-08-09T20:52:37.561Z - [Messenger] Sending message type: GET_ESTIMATED_TASK_TIMINGS
[NX v22.7.2 Daemon Client] - 2026-08-09T20:52:37.561Z - [Messenger] Message sent
[NX v22.7.2 Daemon Server] - 2026-08-09T20:52:37.561Z - Received raw message of length 102
[NX v22.7.2 Daemon Server] - 2026-08-09T20:52:37.562Z - Received json message of type GET_ESTIMATED_TASK_TIMINGS
[NX v22.7.2 Daemon Server] - 2026-08-09T20:52:37.562Z - Serializing response for GET_ESTIMATED_TASK_TIMINGS message in json mode
[NX v22.7.2 Daemon Server] - 2026-08-09T20:52:37.562Z - Responding to GET_ESTIMATED_TASK_TIMINGS message
[NX v22.7.2 Daemon Server] - 2026-08-09T20:52:37.562Z - [REQUEST]: Responding to the client. handleGetEstimatedTaskTimings
[NX v22.7.2 Daemon Server] - 2026-08-09T20:52:37.562Z - Done responding to the client handleGetEstimatedTaskTimings
[NX v22.7.2 Daemon Server] - 2026-08-09T20:52:37.562Z - Handled json message GET_ESTIMATED_TASK_TIMINGS. Handling time: 0. Response time: 0.
[NX v22.7.2 Daemon Client] - 2026-08-09T20:52:37.562Z - [Messenger] Received message, length: 2
[NX v22.7.2 Daemon Client] - 2026-08-09T20:52:38.409Z - [Messenger] Sending message type: RECORD_TASK_RUNS
[NX v22.7.2 Daemon Client] - 2026-08-09T20:52:38.409Z - [Messenger] Message sent
[NX v22.7.2 Daemon Server] - 2026-08-09T20:52:38.409Z - Received raw message of length 220
[NX v22.7.2 Daemon Server] - 2026-08-09T20:52:38.410Z - Received json message of type RECORD_TASK_RUNS
[NX v22.7.2 Daemon Server] - 2026-08-09T20:52:38.422Z - Serializing response for RECORD_TASK_RUNS message in json mode
[NX v22.7.2 Daemon Server] - 2026-08-09T20:52:38.423Z - Responding to RECORD_TASK_RUNS message
[NX v22.7.2 Daemon Server] - 2026-08-09T20:52:38.423Z - [REQUEST]: Responding to the client. handleRecordTaskRuns
[NX v22.7.2 Daemon Server] - 2026-08-09T20:52:38.423Z - Done responding to the client handleRecordTaskRuns
[NX v22.7.2 Daemon Server] - 2026-08-09T20:52:38.423Z - Handled json message RECORD_TASK_RUNS. Handling time: 12. Response time: 1.
[NX v22.7.2 Daemon Client] - 2026-08-09T20:52:38.423Z - [Messenger] Received message, length: 4
[NX v22.7.2 Daemon Client] - 2026-08-09T20:52:38.423Z - [Messenger] Sending message type: GET_FLAKY_TASKS
[NX v22.7.2 Daemon Client] - 2026-08-09T20:52:38.423Z - [Messenger] Message sent
[NX v22.7.2 Daemon Server] - 2026-08-09T20:52:38.424Z - Received raw message of length 59
[NX v22.7.2 Daemon Server] - 2026-08-09T20:52:38.424Z - Received json message of type GET_FLAKY_TASKS
[NX v22.7.2 Daemon Server] - 2026-08-09T20:52:38.424Z - Serializing response for GET_FLAKY_TASKS message in json mode
[NX v22.7.2 Daemon Server] - 2026-08-09T20:52:38.424Z - Responding to GET_FLAKY_TASKS message
[NX v22.7.2 Daemon Server] - 2026-08-09T20:52:38.424Z - [REQUEST]: Responding to the client. handleGetFlakyTasks
[NX v22.7.2 Daemon Server] - 2026-08-09T20:52:38.424Z - Done responding to the client handleGetFlakyTasks
[NX v22.7.2 Daemon Server] - 2026-08-09T20:52:38.424Z - Handled json message GET_FLAKY_TASKS. Handling time: 0. Response time: 0.
[NX v22.7.2 Daemon Client] - 2026-08-09T20:52:38.424Z - [Messenger] Received message, length: 2
[NX v22.7.2 Daemon Server] - 2026-08-09T20:52:38.425Z - Established a connection. Number of open connections: 2
[NX v22.7.2 Daemon Client] - 2026-08-09T20:52:38.425Z - [Messenger] Sending message type: GET_CONFIGURE_AI_AGENTS_STATUS
[NX v22.7.2 Daemon Client] - 2026-08-09T20:52:38.425Z - [Messenger] Message sent
[NX v22.7.2 Daemon Server] - 2026-08-09T20:52:38.425Z - Closed a connection. Number of open connections: 1
[NX v22.7.2 Daemon Server] - 2026-08-09T20:52:38.425Z - Received raw message of length 41
[NX v22.7.2 Daemon Server] - 2026-08-09T20:52:38.425Z - Received json message of type GET_CONFIGURE_AI_AGENTS_STATUS
[NX v22.7.2 Daemon Server] - 2026-08-09T20:52:38.425Z - [AI-AGENTS]: Returning cached agent configuration status
[NX v22.7.2 Daemon Server] - 2026-08-09T20:52:38.425Z - Serializing response for GET_CONFIGURE_AI_AGENTS_STATUS message in json mode
[NX v22.7.2 Daemon Server] - 2026-08-09T20:52:38.425Z - Responding to GET_CONFIGURE_AI_AGENTS_STATUS message
[NX v22.7.2 Daemon Server] - 2026-08-09T20:52:38.425Z - [REQUEST]: Responding to the client. handleGetConfigureAiAgentsStatus
[NX v22.7.2 Daemon Server] - 2026-08-09T20:52:38.425Z - Done responding to the client handleGetConfigureAiAgentsStatus
[NX v22.7.2 Daemon Server] - 2026-08-09T20:52:38.425Z - Handled json message GET_CONFIGURE_AI_AGENTS_STATUS. Handling time: 0. Response time: 0.
[NX v22.7.2 Daemon Client] - 2026-08-09T20:52:38.425Z - [Messenger] Received message, length: 104
[NX v22.7.2 Daemon Client] - 2026-08-09T20:52:38.426Z - [Messenger] Sending message type: POST_TASKS_EXECUTION
[NX v22.7.2 Daemon Client] - 2026-08-09T20:52:38.426Z - [Messenger] Message sent
[NX v22.7.2 Daemon Server] - 2026-08-09T20:52:38.426Z - Received raw message of length 2271
[NX v22.7.2 Daemon Server] - 2026-08-09T20:52:38.426Z - Received json message of type POST_TASKS_EXECUTION
[NX v22.7.2 Daemon Server] - 2026-08-09T20:52:38.427Z - Serializing response for POST_TASKS_EXECUTION message in json mode
[NX v22.7.2 Daemon Server] - 2026-08-09T20:52:38.427Z - Responding to POST_TASKS_EXECUTION message
[NX v22.7.2 Daemon Server] - 2026-08-09T20:52:38.427Z - [REQUEST]: Responding to the client. handleRunPostTasksExecution
[NX v22.7.2 Daemon Server] - 2026-08-09T20:52:38.427Z - Done responding to the client handleRunPostTasksExecution
[NX v22.7.2 Daemon Server] - 2026-08-09T20:52:38.427Z - Handled json message POST_TASKS_EXECUTION. Handling time: 1. Response time: 0.
[NX v22.7.2 Daemon Client] - 2026-08-09T20:52:38.427Z - [Messenger] Received message, length: 4
[NX v22.7.2 Daemon Server] - 2026-08-09T20:52:38.427Z - Time taken for 'postTasksExecution' 0.2244199998676777ms
[NX v22.7.2 Daemon Server] - 2026-08-09T20:52:38.442Z - Closed a connection. Number of open connections: 0
[NX v22.7.2 Daemon Server] - 2026-08-09T20:52:51.998Z - [WATCHER]: packages/shared/tsconfig.json was modified
[NX v22.7.2 Daemon Server] - 2026-08-09T20:52:51.999Z - [WATCHER]: File changes detected:
Created:
(none)
Updated:
  - packages/shared/tsconfig.json
Deleted:
(none)
[NX v22.7.2 Daemon Server] - 2026-08-09T20:52:51.999Z - [SYNC]: clearing sync generators cache due to file changes
[NX v22.7.2 Daemon Server] - 2026-08-09T20:52:51.999Z - [WATCHER]: Processing file changes in outputs
[NX v22.7.2 Daemon Server] - 2026-08-09T20:52:52.099Z - [REQUEST]: Updated workspace context based on watched changes, recomputing project graph...
[NX v22.7.2 Daemon Server] - 2026-08-09T20:52:52.100Z - [REQUEST]: packages/shared/tsconfig.json
[NX v22.7.2 Daemon Server] - 2026-08-09T20:52:52.100Z - [REQUEST]: 
[plugin-client] restarting worker for "@nx/angular/plugin"
[isolated-plugin] spawned worker for "@nx/angular/plugin" (pid: 853026, socket: /tmp/plugin823708-100-4502950.096855.sock)
[plugin-client] restarting worker for "nx/js/dependencies-and-lockfile"
[isolated-plugin] spawned worker for "nx/js/dependencies-and-lockfile" (pid: 853027, socket: /tmp/plugin823708-101-4502957.782509.sock)
[plugin-client] restarting worker for "nx/core/package-json"
[isolated-plugin] spawned worker for "nx/core/package-json" (pid: 853033, socket: /tmp/plugin823708-102-4502964.159396.sock)
[plugin-client] restarting worker for "nx/core/project-json"
[isolated-plugin] spawned worker for "nx/core/project-json" (pid: 853039, socket: /tmp/plugin823708-103-4502970.078016.sock)
[NX v22.7.2 Daemon Server] - 2026-08-09T20:52:52.135Z - Time taken for 'hash changed files from watcher' 0.28674300014972687ms
[plugin-worker] "@nx/angular/plugin" (pid: 853026) listening on /tmp/plugin823708-100-4502950.096855.sock
Time taken for 'plugin worker 853026 code loading' 64.813467ms
[plugin-worker] "nx/core/package-json" (pid: 853033) listening on /tmp/plugin823708-102-4502964.159396.sock
Time taken for 'plugin worker 853033 code loading' 63.108889000000005ms
[plugin-worker] "nx/js/dependencies-and-lockfile" (pid: 853027) listening on /tmp/plugin823708-101-4502957.782509.sock
Time taken for 'plugin worker 853027 code loading' 64.563413ms
[isolated-plugin] connected to worker for "@nx/angular/plugin" (pid: 853026)
[isolated-plugin] connected to worker for "nx/js/dependencies-and-lockfile" (pid: 853027)
[isolated-plugin] connected to worker for "nx/core/package-json" (pid: 853033)
[NX v22.7.2 Daemon Server] - 2026-08-09T20:52:52.223Z - Time taken for 'start-plugin-worker:@nx/angular/plugin' 114.84509700071067ms
[NX v22.7.2 Daemon Server] - 2026-08-09T20:52:52.223Z - Time taken for 'start-plugin-worker:nx/js/dependencies-and-lockfile' 107.36726500000805ms
[NX v22.7.2 Daemon Server] - 2026-08-09T20:52:52.223Z - Time taken for 'start-plugin-worker:nx/core/package-json' 101.02871799934655ms
[plugin-worker] "@nx/angular/plugin" (pid: 853026) connected
[plugin-worker] "nx/core/package-json" (pid: 853033) connected
[plugin-worker] "nx/js/dependencies-and-lockfile" (pid: 853027) connected
[plugin-worker] "nx/core/project-json" (pid: 853039) listening on /tmp/plugin823708-103-4502970.078016.sock
[isolated-plugin] connected to worker for "nx/core/project-json" (pid: 853039)
[NX v22.7.2 Daemon Server] - 2026-08-09T20:52:52.229Z - Time taken for 'start-plugin-worker:nx/core/project-json' 101.22873800061643ms
[plugin-worker] "nx/core/project-json" (pid: 853039) connected
Time taken for 'plugin worker 853039 code loading' 64.927019ms
[plugin-worker] "nx/core/package-json" (pid: 853033) loaded successfully
[plugin-worker] "nx/js/dependencies-and-lockfile" (pid: 853027) loaded successfully
[isolated-plugin] shutting down worker for "nx/core/package-json" after createNodes
[plugin-worker] "nx/core/project-json" (pid: 853039) loaded successfully
[isolated-plugin] shutting down worker for "nx/core/project-json" after createNodes
Time taken for 'nx/js/dependencies-and-lockfile:createNodes' 10.862437999999997ms
[plugin-worker] "@nx/angular/plugin" (pid: 853026) loaded successfully
[isolated-plugin] shutting down worker for "@nx/angular/plugin" after createNodes
[NX v22.7.2 Daemon Server] - 2026-08-09T20:52:52.312Z - Time taken for 'build-project-configs' 198.89830800052732ms
[NX v22.7.2 Daemon Server] - 2026-08-09T20:52:52.312Z - Time taken for 'createNodes:merge' 0.9497469998896122ms
[NX v22.7.2 Daemon Server] - 2026-08-09T20:52:52.312Z - Time taken for 'get-all-workspace-files' 0.05797700025141239ms
Time taken for 'build typescript dependencies' 4.404539ms
[isolated-plugin] shutting down worker for "nx/js/dependencies-and-lockfile" after createDependencies
[NX v22.7.2 Daemon Server] - 2026-08-09T20:52:52.330Z - [SYNC]: collect registered sync generators
[NX v22.7.2 Daemon Server] - 2026-08-09T20:52:52.331Z - [SYNC]: project graph hash is the same, not collecting task sync generators
[NX v22.7.2 Daemon Server] - 2026-08-09T20:52:52.331Z - [SYNC]: nx.json hash is the same, not collecting global sync generators
[NX v22.7.2 Daemon Server] - 2026-08-09T20:52:52.331Z - Time taken for 'total execution time for createProjectGraph()' 20.480360999703407ms
[NX v22.7.2 Daemon Server] - 2026-08-09T20:52:52.331Z - Time taken for 'createDependencies' 17.79217099957168ms
[NX v22.7.2 Daemon Server] - 2026-08-09T20:52:52.331Z - Time taken for 'nx/js/dependencies-and-lockfile:createDependencies' 17.67851599957794ms
[NX v22.7.2 Daemon Server] - 2026-08-09T20:52:52.331Z - Time taken for 'createMetadata' 0.008708000183105469ms
[NX v22.7.2 Daemon Server] - 2026-08-09T20:52:52.331Z - Time taken for 'serialize graph' 2.9596780007705092ms
[NX v22.7.2 Daemon Server] - 2026-08-09T20:52:55.600Z - [WATCHER]: packages/shared/tsconfig.json was modified
[NX v22.7.2 Daemon Server] - 2026-08-09T20:52:55.601Z - [WATCHER]: File changes detected:
Created:
(none)
Updated:
  - packages/shared/tsconfig.json
Deleted:
(none)
[NX v22.7.2 Daemon Server] - 2026-08-09T20:52:55.601Z - [SYNC]: clearing sync generators cache due to file changes
[NX v22.7.2 Daemon Server] - 2026-08-09T20:52:55.601Z - [WATCHER]: Processing file changes in outputs
[NX v22.7.2 Daemon Server] - 2026-08-09T20:52:55.801Z - [REQUEST]: Updated workspace context based on watched changes, recomputing project graph...
[NX v22.7.2 Daemon Server] - 2026-08-09T20:52:55.801Z - [REQUEST]: packages/shared/tsconfig.json
[NX v22.7.2 Daemon Server] - 2026-08-09T20:52:55.801Z - [REQUEST]: 
[plugin-client] restarting worker for "@nx/angular/plugin"
[isolated-plugin] spawned worker for "@nx/angular/plugin" (pid: 853317, socket: /tmp/plugin823708-104-4506650.403794.sock)
[plugin-client] restarting worker for "nx/js/dependencies-and-lockfile"
[isolated-plugin] spawned worker for "nx/js/dependencies-and-lockfile" (pid: 853318, socket: /tmp/plugin823708-105-4506657.565525.sock)
[plugin-client] restarting worker for "nx/core/package-json"
[isolated-plugin] spawned worker for "nx/core/package-json" (pid: 853324, socket: /tmp/plugin823708-106-4506664.961741.sock)
[plugin-client] restarting worker for "nx/core/project-json"
[isolated-plugin] spawned worker for "nx/core/project-json" (pid: 853330, socket: /tmp/plugin823708-107-4506671.284335.sock)
[NX v22.7.2 Daemon Server] - 2026-08-09T20:52:55.835Z - Time taken for 'hash changed files from watcher' 0.20845200028270483ms
[plugin-worker] "@nx/angular/plugin" (pid: 853317) listening on /tmp/plugin823708-104-4506650.403794.sock
[isolated-plugin] connected to worker for "@nx/angular/plugin" (pid: 853317)
[NX v22.7.2 Daemon Server] - 2026-08-09T20:52:55.925Z - Time taken for 'start-plugin-worker:@nx/angular/plugin' 116.56955099944025ms
[plugin-worker] "@nx/angular/plugin" (pid: 853317) connected
Time taken for 'plugin worker 853317 code loading' 82.301442ms
[plugin-worker] "nx/js/dependencies-and-lockfile" (pid: 853318) listening on /tmp/plugin823708-105-4506657.565525.sock
[plugin-worker] "nx/core/package-json" (pid: 853324) listening on /tmp/plugin823708-106-4506664.961741.sock
Time taken for 'plugin worker 853324 code loading' 76.780486ms
Time taken for 'plugin worker 853318 code loading' 77.20257899999999ms
[isolated-plugin] connected to worker for "nx/js/dependencies-and-lockfile" (pid: 853318)
[isolated-plugin] connected to worker for "nx/core/package-json" (pid: 853324)
[NX v22.7.2 Daemon Server] - 2026-08-09T20:52:55.936Z - Time taken for 'start-plugin-worker:nx/js/dependencies-and-lockfile' 120.0462440000847ms
[NX v22.7.2 Daemon Server] - 2026-08-09T20:52:55.936Z - Time taken for 'start-plugin-worker:nx/core/package-json' 112.94723400007933ms
[plugin-worker] "nx/core/project-json" (pid: 853330) listening on /tmp/plugin823708-107-4506671.284335.sock
[plugin-worker] "nx/js/dependencies-and-lockfile" (pid: 853318) connected
[plugin-worker] "nx/core/package-json" (pid: 853324) connected
Time taken for 'plugin worker 853330 code loading' 75.500171ms
[isolated-plugin] connected to worker for "nx/core/project-json" (pid: 853330)
[NX v22.7.2 Daemon Server] - 2026-08-09T20:52:55.940Z - Time taken for 'start-plugin-worker:nx/core/project-json' 110.60817100014538ms
[plugin-worker] "nx/core/project-json" (pid: 853330) connected
[plugin-worker] "nx/core/package-json" (pid: 853324) loaded successfully
[plugin-worker] "nx/js/dependencies-and-lockfile" (pid: 853318) loaded successfully
[plugin-worker] "nx/core/project-json" (pid: 853330) loaded successfully
[isolated-plugin] shutting down worker for "nx/core/package-json" after createNodes
[isolated-plugin] shutting down worker for "nx/core/project-json" after createNodes
Time taken for 'nx/js/dependencies-and-lockfile:createNodes' 12.04332199999999ms
[plugin-worker] "@nx/angular/plugin" (pid: 853317) loaded successfully
[isolated-plugin] shutting down worker for "@nx/angular/plugin" after createNodes
[NX v22.7.2 Daemon Server] - 2026-08-09T20:52:56.026Z - Time taken for 'build-project-configs' 214.20555599965155ms
[NX v22.7.2 Daemon Server] - 2026-08-09T20:52:56.026Z - Time taken for 'createNodes:merge' 0.7065700003877282ms
[NX v22.7.2 Daemon Server] - 2026-08-09T20:52:56.026Z - Time taken for 'get-all-workspace-files' 0.051916999742388725ms
Time taken for 'build typescript dependencies' 4.440033ms
[isolated-plugin] shutting down worker for "nx/js/dependencies-and-lockfile" after createDependencies
[NX v22.7.2 Daemon Server] - 2026-08-09T20:52:56.047Z - [SYNC]: collect registered sync generators
[NX v22.7.2 Daemon Server] - 2026-08-09T20:52:56.048Z - [SYNC]: project graph hash is the same, not collecting task sync generators
[NX v22.7.2 Daemon Server] - 2026-08-09T20:52:56.048Z - [SYNC]: nx.json hash is the same, not collecting global sync generators
[NX v22.7.2 Daemon Server] - 2026-08-09T20:52:56.048Z - Time taken for 'total execution time for createProjectGraph()' 20.972346999682486ms
[NX v22.7.2 Daemon Server] - 2026-08-09T20:52:56.048Z - Time taken for 'createDependencies' 19.036532000638545ms
[NX v22.7.2 Daemon Server] - 2026-08-09T20:52:56.048Z - Time taken for 'nx/js/dependencies-and-lockfile:createDependencies' 18.904051000252366ms
[NX v22.7.2 Daemon Server] - 2026-08-09T20:52:56.048Z - Time taken for 'createMetadata' 0.011380000039935112ms
[NX v22.7.2 Daemon Server] - 2026-08-09T20:52:56.048Z - Time taken for 'serialize graph' 3.7125859996303916ms
[NX v22.7.2 Daemon Server] - 2026-08-09T20:53:06.004Z - Established a connection. Number of open connections: 1
[NX v22.7.2 Daemon Server] - 2026-08-09T20:53:06.007Z - Closed a connection. Number of open connections: 0
[NX v22.7.2 Daemon Server] - 2026-08-09T20:53:06.009Z - Established a connection. Number of open connections: 1
[NX v22.7.2 Daemon Server] - 2026-08-09T20:53:06.010Z - Closed a connection. Number of open connections: 0
[NX v22.7.2 Daemon Server] - 2026-08-09T20:53:06.010Z - Established a connection. Number of open connections: 1
[NX v22.7.2 Daemon Client] - 2026-08-09T20:53:06.010Z - [Messenger] Setting up socket listeners
[NX v22.7.2 Daemon Client] - 2026-08-09T20:53:06.011Z - [Messenger] listen() complete
[NX v22.7.2 Daemon Client] - 2026-08-09T20:53:06.085Z - [Messenger] Sending message type: GET_NX_CONSOLE_STATUS
[NX v22.7.2 Daemon Client] - 2026-08-09T20:53:06.085Z - [Messenger] Message sent
[NX v22.7.2 Daemon Server] - 2026-08-09T20:53:06.087Z - Received raw message of length 5208
[NX v22.7.2 Daemon Server] - 2026-08-09T20:53:06.087Z - Received json message of type GET_NX_CONSOLE_STATUS
[NX v22.7.2 Daemon Server] - 2026-08-09T20:53:06.087Z - Refreshing env var ATUIN_HISTORY_ID from client connection.
[NX v22.7.2 Daemon Server] - 2026-08-09T20:53:06.087Z - Graph recompute necessary due to env variable refresh
[NX v22.7.2 Daemon Server] - 2026-08-09T20:53:06.087Z - Serializing response for GET_NX_CONSOLE_STATUS message in json mode
[NX v22.7.2 Daemon Server] - 2026-08-09T20:53:06.087Z - Responding to GET_NX_CONSOLE_STATUS message
[NX v22.7.2 Daemon Server] - 2026-08-09T20:53:06.087Z - [REQUEST]: Responding to the client. handleGetNxConsoleStatus
[NX v22.7.2 Daemon Server] - 2026-08-09T20:53:06.088Z - Done responding to the client handleGetNxConsoleStatus
[NX v22.7.2 Daemon Server] - 2026-08-09T20:53:06.088Z - Handled json message GET_NX_CONSOLE_STATUS. Handling time: 0. Response time: 1.
[NX v22.7.2 Daemon Client] - 2026-08-09T20:53:06.090Z - [Messenger] Received message, length: 22
[NX v22.7.2 Daemon Client] - 2026-08-09T20:53:06.115Z - [Messenger] Sending message type: REQUEST_PROJECT_GRAPH
[NX v22.7.2 Daemon Client] - 2026-08-09T20:53:06.115Z - [Messenger] Message sent
[NX v22.7.2 Daemon Server] - 2026-08-09T20:53:06.115Z - Received raw message of length 32
[NX v22.7.2 Daemon Server] - 2026-08-09T20:53:06.115Z - Received json message of type REQUEST_PROJECT_GRAPH
[NX v22.7.2 Daemon Server] - 2026-08-09T20:53:06.115Z - [REQUEST]: Client Request for Project Graph Received
[NX v22.7.2 Daemon Server] - 2026-08-09T20:53:06.116Z - [REQUEST]: Updated workspace context based on watched changes, recomputing project graph...
[NX v22.7.2 Daemon Server] - 2026-08-09T20:53:06.116Z - [REQUEST]: 
[NX v22.7.2 Daemon Server] - 2026-08-09T20:53:06.116Z - [REQUEST]: 
[NX v22.7.2 Daemon Server] - 2026-08-09T20:53:06.123Z - No files changed, but no in-memory cached project graph found. Recomputing it...
[NX v22.7.2 Daemon Server] - 2026-08-09T20:53:06.123Z - Streaming message to client: progress update for topic graph-construction
[plugin-client] restarting worker for "@nx/angular/plugin"
[NX v22.7.2 Daemon Client] - 2026-08-09T20:53:06.124Z - [Messenger] Received message, length: 47
[isolated-plugin] spawned worker for "@nx/angular/plugin" (pid: 853535, socket: /tmp/plugin823708-108-4516965.812385.sock)
[plugin-client] restarting worker for "nx/js/dependencies-and-lockfile"
[isolated-plugin] spawned worker for "nx/js/dependencies-and-lockfile" (pid: 853536, socket: /tmp/plugin823708-109-4516972.116913.sock)
[plugin-client] restarting worker for "nx/core/package-json"
[isolated-plugin] spawned worker for "nx/core/package-json" (pid: 853542, socket: /tmp/plugin823708-110-4516980.050773.sock)
[plugin-client] restarting worker for "nx/core/project-json"
[isolated-plugin] spawned worker for "nx/core/project-json" (pid: 853548, socket: /tmp/plugin823708-111-4516986.583118.sock)
[NX v22.7.2 Daemon Server] - 2026-08-09T20:53:06.150Z - Time taken for 'hash changed files from watcher' 0.16479199938476086ms
[plugin-worker] "@nx/angular/plugin" (pid: 853535) listening on /tmp/plugin823708-108-4516965.812385.sock
Time taken for 'plugin worker 853535 code loading' 74.17652700000001ms
[plugin-worker] "nx/js/dependencies-and-lockfile" (pid: 853536) listening on /tmp/plugin823708-109-4516972.116913.sock
Time taken for 'plugin worker 853536 code loading' 72.07288ms
[isolated-plugin] connected to worker for "@nx/angular/plugin" (pid: 853535)
[isolated-plugin] connected to worker for "nx/js/dependencies-and-lockfile" (pid: 853536)
[NX v22.7.2 Daemon Server] - 2026-08-09T20:53:06.237Z - Time taken for 'start-plugin-worker:@nx/angular/plugin' 113.06439700070769ms
[NX v22.7.2 Daemon Server] - 2026-08-09T20:53:06.237Z - Time taken for 'start-plugin-worker:nx/js/dependencies-and-lockfile' 106.93993999995291ms
[plugin-worker] "@nx/angular/plugin" (pid: 853535) connected
[plugin-worker] "nx/js/dependencies-and-lockfile" (pid: 853536) connected
[plugin-worker] "nx/core/package-json" (pid: 853542) listening on /tmp/plugin823708-110-4516980.050773.sock
Time taken for 'plugin worker 853542 code loading' 76.765607ms
[isolated-plugin] connected to worker for "nx/core/package-json" (pid: 853542)
[NX v22.7.2 Daemon Server] - 2026-08-09T20:53:06.248Z - Time taken for 'start-plugin-worker:nx/core/package-json' 109.66219200007617ms
[plugin-worker] "nx/core/package-json" (pid: 853542) connected
[plugin-worker] "nx/core/project-json" (pid: 853548) listening on /tmp/plugin823708-111-4516986.583118.sock
Time taken for 'plugin worker 853548 code loading' 75.459137ms
[isolated-plugin] connected to worker for "nx/core/project-json" (pid: 853548)
[NX v22.7.2 Daemon Server] - 2026-08-09T20:53:06.258Z - Time taken for 'start-plugin-worker:nx/core/project-json' 113.14611500035971ms
[plugin-worker] "nx/core/project-json" (pid: 853548) connected
[plugin-worker] "nx/js/dependencies-and-lockfile" (pid: 853536) loaded successfully
[plugin-worker] "nx/core/package-json" (pid: 853542) loaded successfully
Time taken for 'nx/js/dependencies-and-lockfile:createNodes' 10.110078000000016ms
[NX v22.7.2 Daemon Server] - 2026-08-09T20:53:06.288Z - Streaming message to client: progress update for topic graph-construction
[plugin-worker] "nx/core/project-json" (pid: 853548) loaded successfully
[NX v22.7.2 Daemon Client] - 2026-08-09T20:53:06.288Z - [Messenger] Received message, length: 166
[isolated-plugin] shutting down worker for "nx/core/project-json" after createNodes
[NX v22.7.2 Daemon Server] - 2026-08-09T20:53:06.290Z - Streaming message to client: progress update for topic graph-construction
[isolated-plugin] shutting down worker for "nx/core/package-json" after createNodes
[NX v22.7.2 Daemon Server] - 2026-08-09T20:53:06.290Z - Streaming message to client: progress update for topic graph-construction
[NX v22.7.2 Daemon Client] - 2026-08-09T20:53:06.290Z - [Messenger] Received message, length: 140
[NX v22.7.2 Daemon Client] - 2026-08-09T20:53:06.291Z - [Messenger] Received message, length: 99
[plugin-worker] "@nx/angular/plugin" (pid: 853535) loaded successfully
[isolated-plugin] shutting down worker for "@nx/angular/plugin" after createNodes
[NX v22.7.2 Daemon Server] - 2026-08-09T20:53:06.322Z - Streaming message to client: progress update for topic graph-construction
[NX v22.7.2 Daemon Client] - 2026-08-09T20:53:06.322Z - [Messenger] Received message, length: 47
[NX v22.7.2 Daemon Server] - 2026-08-09T20:53:06.326Z - Streaming message to client: progress update for topic graph-construction
[NX v22.7.2 Daemon Client] - 2026-08-09T20:53:06.326Z - [Messenger] Received message, length: 47
[NX v22.7.2 Daemon Server] - 2026-08-09T20:53:06.328Z - Time taken for 'build-project-configs' 200.16535000037402ms
[NX v22.7.2 Daemon Server] - 2026-08-09T20:53:06.328Z - Time taken for 'createNodes:merge' 1.1698399996384978ms
[NX v22.7.2 Daemon Server] - 2026-08-09T20:53:06.328Z - Time taken for 'get-all-workspace-files' 0.052115000784397125ms
Time taken for 'build typescript dependencies' 0.2175539999999785ms
[isolated-plugin] shutting down worker for "nx/js/dependencies-and-lockfile" after createDependencies
[NX v22.7.2 Daemon Server] - 2026-08-09T20:53:06.337Z - Streaming message to client: progress update for topic graph-construction
[NX v22.7.2 Daemon Client] - 2026-08-09T20:53:06.337Z - [Messenger] Received message, length: 47
[NX v22.7.2 Daemon Server] - 2026-08-09T20:53:06.348Z - Wrote project graph cache to /home/m/integrations/onboarded/.nx/workspace-data/project-graph.json
[NX v22.7.2 Daemon Server] - 2026-08-09T20:53:06.348Z - Serializing response for REQUEST_PROJECT_GRAPH message in json mode
[NX v22.7.2 Daemon Server] - 2026-08-09T20:53:06.348Z - Responding to REQUEST_PROJECT_GRAPH message
[NX v22.7.2 Daemon Server] - 2026-08-09T20:53:06.348Z - [REQUEST]: Responding to the client. project-graph
[NX v22.7.2 Daemon Server] - 2026-08-09T20:53:06.350Z - Time taken for 'total for creating and serializing project graph' 232.3168479995802ms
[NX v22.7.2 Daemon Server] - 2026-08-09T20:53:06.350Z - Time taken for 'total execution time for createProjectGraph()' 14.885183000005782ms
[NX v22.7.2 Daemon Server] - 2026-08-09T20:53:06.350Z - Time taken for 'createDependencies' 12.744130999781191ms
[NX v22.7.2 Daemon Server] - 2026-08-09T20:53:06.350Z - Time taken for 'nx/js/dependencies-and-lockfile:createDependencies' 12.49986799992621ms
[NX v22.7.2 Daemon Server] - 2026-08-09T20:53:06.350Z - Time taken for 'createMetadata' 0.007818999700248241ms
[NX v22.7.2 Daemon Server] - 2026-08-09T20:53:06.350Z - Time taken for 'serialize graph' 2.9893519999459386ms
[NX v22.7.2 Daemon Server] - 2026-08-09T20:53:06.350Z - Time taken for 'write cache' 5.763695999979973ms
[NX v22.7.2 Daemon Server] - 2026-08-09T20:53:06.350Z - Done responding to the client project-graph
[NX v22.7.2 Daemon Server] - 2026-08-09T20:53:06.350Z - Handled json message REQUEST_PROJECT_GRAPH. Handling time: 233. Response time: 2.
[NX v22.7.2 Daemon Client] - 2026-08-09T20:53:06.352Z - [Messenger] Received message, length: 682184
[NX v22.7.2 Daemon Client] - 2026-08-09T20:53:06.358Z - [Messenger] Sending message type: PRE_TASKS_EXECUTION
[NX v22.7.2 Daemon Client] - 2026-08-09T20:53:06.358Z - [Messenger] Message sent
[NX v22.7.2 Daemon Server] - 2026-08-09T20:53:06.358Z - Received raw message of length 855
[NX v22.7.2 Daemon Server] - 2026-08-09T20:53:06.358Z - Received json message of type PRE_TASKS_EXECUTION
[NX v22.7.2 Daemon Server] - 2026-08-09T20:53:06.359Z - Serializing response for PRE_TASKS_EXECUTION message in json mode
[NX v22.7.2 Daemon Server] - 2026-08-09T20:53:06.359Z - Responding to PRE_TASKS_EXECUTION message
[NX v22.7.2 Daemon Server] - 2026-08-09T20:53:06.359Z - [REQUEST]: Responding to the client. handleRunPreTasksExecution
[NX v22.7.2 Daemon Server] - 2026-08-09T20:53:06.359Z - Done responding to the client handleRunPreTasksExecution
[NX v22.7.2 Daemon Server] - 2026-08-09T20:53:06.359Z - Handled json message PRE_TASKS_EXECUTION. Handling time: 1. Response time: 0.
[NX v22.7.2 Daemon Server] - 2026-08-09T20:53:06.359Z - Time taken for 'preTasksExecution' 0.20253399945795536ms
[NX v22.7.2 Daemon Client] - 2026-08-09T20:53:06.430Z - [Messenger] Received message, length: 2
[NX v22.7.2 Daemon Client] - 2026-08-09T20:53:06.447Z - [Messenger] Sending message type: HASH_TASKS
[NX v22.7.2 Daemon Client] - 2026-08-09T20:53:06.447Z - [Messenger] Message sent
[NX v22.7.2 Daemon Server] - 2026-08-09T20:53:06.447Z - Received raw message of length 6459
[NX v22.7.2 Daemon Server] - 2026-08-09T20:53:06.448Z - Received json message of type HASH_TASKS
[NX v22.7.2 Daemon Server] - 2026-08-09T20:53:06.448Z - Reusing in-memory cached project graph because no files changed.
DEBUG nx::native::tasks::hash_planner: get_plans_internal COMPLETED in 2.36707ms - processed 1 tasks (setup: 2.317214ms, parallel_planning: 32.498µs)
DEBUG nx::native::tasks::hashers::hash_workspace_files: Hashing workspace fileset with inputs: Adding "4361406078602606092" (".gitignore") to hash
DEBUG nx::native::tasks::hashers::hash_workspace_files: Hashing workspace fileset with inputs: Adding "11044632387527613089" ("nx.json") to hash
DEBUG nx::native::tasks::hashers::hash_workspace_files: Hashing workspace fileset with inputs: Hash Value: "7055248756632866157"
DEBUG nx::native::tasks::task_hasher: hash_plans COMPLETED in 1.126088ms - processed 1 plans (setup: 195.805µs, hashing: 927.245µs, assembly: 27.131µs)
[NX v22.7.2 Daemon Server] - 2026-08-09T20:53:06.456Z - Serializing response for HASH_TASKS message in json mode
[NX v22.7.2 Daemon Server] - 2026-08-09T20:53:06.457Z - Responding to HASH_TASKS message
[NX v22.7.2 Daemon Server] - 2026-08-09T20:53:06.457Z - [REQUEST]: Responding to the client. handleHashTasks
[NX v22.7.2 Daemon Server] - 2026-08-09T20:53:06.457Z - Done responding to the client handleHashTasks
[NX v22.7.2 Daemon Server] - 2026-08-09T20:53:06.457Z - Handled json message HASH_TASKS. Handling time: 8. Response time: 1.
[NX v22.7.2 Daemon Client] - 2026-08-09T20:53:06.457Z - [Messenger] Received message, length: 592
[NX v22.7.2 Daemon Client] - 2026-08-09T20:53:06.488Z - [Messenger] Sending message type: GET_ESTIMATED_TASK_TIMINGS
[NX v22.7.2 Daemon Client] - 2026-08-09T20:53:06.489Z - [Messenger] Message sent
[NX v22.7.2 Daemon Server] - 2026-08-09T20:53:06.489Z - Received raw message of length 102
[NX v22.7.2 Daemon Server] - 2026-08-09T20:53:06.489Z - Received json message of type GET_ESTIMATED_TASK_TIMINGS
[NX v22.7.2 Daemon Server] - 2026-08-09T20:53:06.489Z - Serializing response for GET_ESTIMATED_TASK_TIMINGS message in json mode
[NX v22.7.2 Daemon Server] - 2026-08-09T20:53:06.489Z - Responding to GET_ESTIMATED_TASK_TIMINGS message
[NX v22.7.2 Daemon Server] - 2026-08-09T20:53:06.490Z - [REQUEST]: Responding to the client. handleGetEstimatedTaskTimings
[NX v22.7.2 Daemon Server] - 2026-08-09T20:53:06.490Z - Done responding to the client handleGetEstimatedTaskTimings
[NX v22.7.2 Daemon Server] - 2026-08-09T20:53:06.490Z - Handled json message GET_ESTIMATED_TASK_TIMINGS. Handling time: 0. Response time: 1.
[NX v22.7.2 Daemon Client] - 2026-08-09T20:53:06.490Z - [Messenger] Received message, length: 2
[NX v22.7.2 Daemon Client] - 2026-08-09T20:53:09.807Z - [Messenger] Sending message type: RECORD_TASK_RUNS
[NX v22.7.2 Daemon Client] - 2026-08-09T20:53:09.807Z - [Messenger] Message sent
[NX v22.7.2 Daemon Server] - 2026-08-09T20:53:09.808Z - Received raw message of length 220
[NX v22.7.2 Daemon Server] - 2026-08-09T20:53:09.808Z - Received json message of type RECORD_TASK_RUNS
[NX v22.7.2 Daemon Server] - 2026-08-09T20:53:09.813Z - Serializing response for RECORD_TASK_RUNS message in json mode
[NX v22.7.2 Daemon Server] - 2026-08-09T20:53:09.813Z - Responding to RECORD_TASK_RUNS message
[NX v22.7.2 Daemon Server] - 2026-08-09T20:53:09.813Z - [REQUEST]: Responding to the client. handleRecordTaskRuns
[NX v22.7.2 Daemon Server] - 2026-08-09T20:53:09.813Z - Done responding to the client handleRecordTaskRuns
[NX v22.7.2 Daemon Server] - 2026-08-09T20:53:09.813Z - Handled json message RECORD_TASK_RUNS. Handling time: 5. Response time: 0.
[NX v22.7.2 Daemon Client] - 2026-08-09T20:53:09.813Z - [Messenger] Received message, length: 4
[NX v22.7.2 Daemon Client] - 2026-08-09T20:53:09.814Z - [Messenger] Sending message type: GET_FLAKY_TASKS
[NX v22.7.2 Daemon Client] - 2026-08-09T20:53:09.814Z - [Messenger] Message sent
[NX v22.7.2 Daemon Server] - 2026-08-09T20:53:09.815Z - Received raw message of length 59
[NX v22.7.2 Daemon Server] - 2026-08-09T20:53:09.815Z - Received json message of type GET_FLAKY_TASKS
[NX v22.7.2 Daemon Server] - 2026-08-09T20:53:09.815Z - Serializing response for GET_FLAKY_TASKS message in json mode
[NX v22.7.2 Daemon Server] - 2026-08-09T20:53:09.815Z - Responding to GET_FLAKY_TASKS message
[NX v22.7.2 Daemon Server] - 2026-08-09T20:53:09.815Z - [REQUEST]: Responding to the client. handleGetFlakyTasks
[NX v22.7.2 Daemon Server] - 2026-08-09T20:53:09.815Z - Done responding to the client handleGetFlakyTasks
[NX v22.7.2 Daemon Server] - 2026-08-09T20:53:09.815Z - Handled json message GET_FLAKY_TASKS. Handling time: 0. Response time: 0.
[NX v22.7.2 Daemon Client] - 2026-08-09T20:53:09.816Z - [Messenger] Received message, length: 2
[NX v22.7.2 Daemon Server] - 2026-08-09T20:53:09.818Z - Established a connection. Number of open connections: 2
[NX v22.7.2 Daemon Client] - 2026-08-09T20:53:09.818Z - [Messenger] Sending message type: GET_CONFIGURE_AI_AGENTS_STATUS
[NX v22.7.2 Daemon Server] - 2026-08-09T20:53:09.819Z - Closed a connection. Number of open connections: 1
[NX v22.7.2 Daemon Client] - 2026-08-09T20:53:09.819Z - [Messenger] Message sent
[NX v22.7.2 Daemon Server] - 2026-08-09T20:53:09.819Z - Received raw message of length 41
[NX v22.7.2 Daemon Server] - 2026-08-09T20:53:09.819Z - Received json message of type GET_CONFIGURE_AI_AGENTS_STATUS
[NX v22.7.2 Daemon Server] - 2026-08-09T20:53:09.819Z - [AI-AGENTS]: Returning cached agent configuration status
[NX v22.7.2 Daemon Server] - 2026-08-09T20:53:09.819Z - Serializing response for GET_CONFIGURE_AI_AGENTS_STATUS message in json mode
[NX v22.7.2 Daemon Server] - 2026-08-09T20:53:09.819Z - Responding to GET_CONFIGURE_AI_AGENTS_STATUS message
[NX v22.7.2 Daemon Server] - 2026-08-09T20:53:09.819Z - [REQUEST]: Responding to the client. handleGetConfigureAiAgentsStatus
[NX v22.7.2 Daemon Server] - 2026-08-09T20:53:09.819Z - Done responding to the client handleGetConfigureAiAgentsStatus
[NX v22.7.2 Daemon Server] - 2026-08-09T20:53:09.819Z - Handled json message GET_CONFIGURE_AI_AGENTS_STATUS. Handling time: 0. Response time: 0.
[NX v22.7.2 Daemon Client] - 2026-08-09T20:53:09.819Z - [Messenger] Received message, length: 104
[NX v22.7.2 Daemon Client] - 2026-08-09T20:53:09.820Z - [Messenger] Sending message type: POST_TASKS_EXECUTION
[NX v22.7.2 Daemon Client] - 2026-08-09T20:53:09.820Z - [Messenger] Message sent
[NX v22.7.2 Daemon Server] - 2026-08-09T20:53:09.821Z - Received raw message of length 1859
[NX v22.7.2 Daemon Server] - 2026-08-09T20:53:09.821Z - Received json message of type POST_TASKS_EXECUTION
[NX v22.7.2 Daemon Server] - 2026-08-09T20:53:09.821Z - Serializing response for POST_TASKS_EXECUTION message in json mode
[NX v22.7.2 Daemon Server] - 2026-08-09T20:53:09.822Z - Responding to POST_TASKS_EXECUTION message
[NX v22.7.2 Daemon Server] - 2026-08-09T20:53:09.822Z - [REQUEST]: Responding to the client. handleRunPostTasksExecution
[NX v22.7.2 Daemon Server] - 2026-08-09T20:53:09.822Z - Done responding to the client handleRunPostTasksExecution
[NX v22.7.2 Daemon Server] - 2026-08-09T20:53:09.822Z - Handled json message POST_TASKS_EXECUTION. Handling time: 0. Response time: 1.
[NX v22.7.2 Daemon Client] - 2026-08-09T20:53:09.822Z - [Messenger] Received message, length: 4
[NX v22.7.2 Daemon Server] - 2026-08-09T20:53:09.822Z - Time taken for 'postTasksExecution' 0.3945049997419119ms
[NX v22.7.2 Daemon Server] - 2026-08-09T20:53:09.845Z - Closed a connection. Number of open connections: 0
[NX v22.7.2 Daemon Server] - 2026-08-09T20:55:59.573Z - Established a connection. Number of open connections: 1
[NX v22.7.2 Daemon Server] - 2026-08-09T20:55:59.575Z - Closed a connection. Number of open connections: 0
[NX v22.7.2 Daemon Server] - 2026-08-09T20:55:59.576Z - Established a connection. Number of open connections: 1
[NX v22.7.2 Daemon Server] - 2026-08-09T20:55:59.576Z - Closed a connection. Number of open connections: 0
[NX v22.7.2 Daemon Server] - 2026-08-09T20:55:59.576Z - Established a connection. Number of open connections: 1
[NX v22.7.2 Daemon Client] - 2026-08-09T20:55:59.576Z - [Messenger] Setting up socket listeners
[NX v22.7.2 Daemon Client] - 2026-08-09T20:55:59.577Z - [Messenger] listen() complete
[NX v22.7.2 Daemon Client] - 2026-08-09T20:55:59.673Z - [Messenger] Sending message type: GET_NX_CONSOLE_STATUS
[NX v22.7.2 Daemon Client] - 2026-08-09T20:55:59.675Z - [Messenger] Message sent
[NX v22.7.2 Daemon Server] - 2026-08-09T20:55:59.676Z - Received raw message of length 5208
[NX v22.7.2 Daemon Server] - 2026-08-09T20:55:59.676Z - Received json message of type GET_NX_CONSOLE_STATUS
[NX v22.7.2 Daemon Server] - 2026-08-09T20:55:59.676Z - Refreshing env var ATUIN_HISTORY_ID from client connection.
[NX v22.7.2 Daemon Server] - 2026-08-09T20:55:59.676Z - Graph recompute necessary due to env variable refresh
[NX v22.7.2 Daemon Server] - 2026-08-09T20:55:59.677Z - Serializing response for GET_NX_CONSOLE_STATUS message in json mode
[NX v22.7.2 Daemon Server] - 2026-08-09T20:55:59.677Z - Responding to GET_NX_CONSOLE_STATUS message
[NX v22.7.2 Daemon Server] - 2026-08-09T20:55:59.677Z - [REQUEST]: Responding to the client. handleGetNxConsoleStatus
[NX v22.7.2 Daemon Server] - 2026-08-09T20:55:59.677Z - Done responding to the client handleGetNxConsoleStatus
[NX v22.7.2 Daemon Server] - 2026-08-09T20:55:59.677Z - Handled json message GET_NX_CONSOLE_STATUS. Handling time: 1. Response time: 0.
[NX v22.7.2 Daemon Client] - 2026-08-09T20:55:59.679Z - [Messenger] Received message, length: 22
[NX v22.7.2 Daemon Client] - 2026-08-09T20:55:59.713Z - [Messenger] Sending message type: REQUEST_PROJECT_GRAPH
[NX v22.7.2 Daemon Client] - 2026-08-09T20:55:59.714Z - [Messenger] Message sent
[NX v22.7.2 Daemon Server] - 2026-08-09T20:55:59.714Z - Received raw message of length 32
[NX v22.7.2 Daemon Server] - 2026-08-09T20:55:59.714Z - Received json message of type REQUEST_PROJECT_GRAPH
[NX v22.7.2 Daemon Server] - 2026-08-09T20:55:59.714Z - [REQUEST]: Client Request for Project Graph Received
[NX v22.7.2 Daemon Server] - 2026-08-09T20:55:59.715Z - [REQUEST]: Updated workspace context based on watched changes, recomputing project graph...
[NX v22.7.2 Daemon Server] - 2026-08-09T20:55:59.715Z - [REQUEST]: 
[NX v22.7.2 Daemon Server] - 2026-08-09T20:55:59.715Z - [REQUEST]: 
[NX v22.7.2 Daemon Server] - 2026-08-09T20:55:59.723Z - No files changed, but no in-memory cached project graph found. Recomputing it...
[NX v22.7.2 Daemon Server] - 2026-08-09T20:55:59.723Z - Streaming message to client: progress update for topic graph-construction
[plugin-client] restarting worker for "@nx/angular/plugin"
[NX v22.7.2 Daemon Client] - 2026-08-09T20:55:59.723Z - [Messenger] Received message, length: 47
[isolated-plugin] spawned worker for "@nx/angular/plugin" (pid: 854634, socket: /tmp/plugin823708-112-4690579.686073.sock)
[plugin-client] restarting worker for "nx/js/dependencies-and-lockfile"
[isolated-plugin] spawned worker for "nx/js/dependencies-and-lockfile" (pid: 854635, socket: /tmp/plugin823708-113-4690588.204805.sock)
[plugin-client] restarting worker for "nx/core/package-json"
[isolated-plugin] spawned worker for "nx/core/package-json" (pid: 854641, socket: /tmp/plugin823708-114-4690596.474426.sock)
[plugin-client] restarting worker for "nx/core/project-json"
[isolated-plugin] spawned worker for "nx/core/project-json" (pid: 854647, socket: /tmp/plugin823708-115-4690602.868522.sock)
[NX v22.7.2 Daemon Server] - 2026-08-09T20:55:59.753Z - Time taken for 'hash changed files from watcher' 0.3259469997137785ms
[plugin-worker] "@nx/angular/plugin" (pid: 854634) listening on /tmp/plugin823708-112-4690579.686073.sock
Time taken for 'plugin worker 854634 code loading' 74.996584ms
[plugin-worker] "nx/js/dependencies-and-lockfile" (pid: 854635) listening on /tmp/plugin823708-113-4690588.204805.sock
Time taken for 'plugin worker 854635 code loading' 68.750993ms
[plugin-worker] "nx/core/package-json" (pid: 854641) listening on /tmp/plugin823708-114-4690596.474426.sock
Time taken for 'plugin worker 854641 code loading' 68.689056ms
[isolated-plugin] connected to worker for "@nx/angular/plugin" (pid: 854634)
[isolated-plugin] connected to worker for "nx/js/dependencies-and-lockfile" (pid: 854635)
[isolated-plugin] connected to worker for "nx/core/package-json" (pid: 854641)
[NX v22.7.2 Daemon Server] - 2026-08-09T20:55:59.843Z - Time taken for 'start-plugin-worker:@nx/angular/plugin' 119.330333000049ms
[NX v22.7.2 Daemon Server] - 2026-08-09T20:55:59.843Z - Time taken for 'start-plugin-worker:nx/js/dependencies-and-lockfile' 110.97554299980402ms
[NX v22.7.2 Daemon Server] - 2026-08-09T20:55:59.843Z - Time taken for 'start-plugin-worker:nx/core/package-json' 102.76038500014693ms
[plugin-worker] "@nx/angular/plugin" (pid: 854634) connected
[plugin-worker] "nx/js/dependencies-and-lockfile" (pid: 854635) connected
[plugin-worker] "nx/core/package-json" (pid: 854641) connected
[plugin-worker] "nx/core/project-json" (pid: 854647) listening on /tmp/plugin823708-115-4690602.868522.sock
Time taken for 'plugin worker 854647 code loading' 75.906047ms
[isolated-plugin] connected to worker for "nx/core/project-json" (pid: 854647)
[NX v22.7.2 Daemon Server] - 2026-08-09T20:55:59.863Z - Time taken for 'start-plugin-worker:nx/core/project-json' 116.80550499912351ms
[plugin-worker] "nx/core/project-json" (pid: 854647) connected
[plugin-worker] "nx/core/package-json" (pid: 854641) loaded successfully
[plugin-worker] "nx/js/dependencies-and-lockfile" (pid: 854635) loaded successfully
[isolated-plugin] shutting down worker for "nx/core/package-json" after createNodes
[NX v22.7.2 Daemon Server] - 2026-08-09T20:55:59.878Z - Streaming message to client: progress update for topic graph-construction
[NX v22.7.2 Daemon Client] - 2026-08-09T20:55:59.879Z - [Messenger] Received message, length: 177
Time taken for 'nx/js/dependencies-and-lockfile:createNodes' 14.087474000000014ms
[NX v22.7.2 Daemon Server] - 2026-08-09T20:55:59.896Z - Streaming message to client: progress update for topic graph-construction
[NX v22.7.2 Daemon Client] - 2026-08-09T20:55:59.897Z - [Messenger] Received message, length: 140
[plugin-worker] "nx/core/project-json" (pid: 854647) loaded successfully
[isolated-plugin] shutting down worker for "nx/core/project-json" after createNodes
[NX v22.7.2 Daemon Server] - 2026-08-09T20:55:59.903Z - Streaming message to client: progress update for topic graph-construction
[NX v22.7.2 Daemon Client] - 2026-08-09T20:55:59.904Z - [Messenger] Received message, length: 99
[plugin-worker] "@nx/angular/plugin" (pid: 854634) loaded successfully
[isolated-plugin] shutting down worker for "@nx/angular/plugin" after createNodes
[NX v22.7.2 Daemon Server] - 2026-08-09T20:55:59.937Z - Streaming message to client: progress update for topic graph-construction
[NX v22.7.2 Daemon Client] - 2026-08-09T20:55:59.937Z - [Messenger] Received message, length: 47
[NX v22.7.2 Daemon Server] - 2026-08-09T20:55:59.941Z - Streaming message to client: progress update for topic graph-construction
[NX v22.7.2 Daemon Client] - 2026-08-09T20:55:59.942Z - [Messenger] Received message, length: 47
[NX v22.7.2 Daemon Server] - 2026-08-09T20:55:59.944Z - Time taken for 'build-project-configs' 215.6738719996065ms
[NX v22.7.2 Daemon Server] - 2026-08-09T20:55:59.944Z - Time taken for 'createNodes:merge' 1.3167479997500777ms
[NX v22.7.2 Daemon Server] - 2026-08-09T20:55:59.944Z - Time taken for 'get-all-workspace-files' 0.09197799954563379ms
[isolated-plugin] shutting down worker for "nx/js/dependencies-and-lockfile" after createDependencies
[NX v22.7.2 Daemon Server] - 2026-08-09T20:55:59.956Z - Streaming message to client: progress update for topic graph-construction
[NX v22.7.2 Daemon Client] - 2026-08-09T20:55:59.957Z - [Messenger] Received message, length: 47
[NX v22.7.2 Daemon Server] - 2026-08-09T20:55:59.969Z - Wrote project graph cache to /home/m/integrations/onboarded/.nx/workspace-data/project-graph.json
[NX v22.7.2 Daemon Server] - 2026-08-09T20:55:59.969Z - Serializing response for REQUEST_PROJECT_GRAPH message in json mode
[NX v22.7.2 Daemon Server] - 2026-08-09T20:55:59.969Z - Responding to REQUEST_PROJECT_GRAPH message
[NX v22.7.2 Daemon Server] - 2026-08-09T20:55:59.969Z - [REQUEST]: Responding to the client. project-graph
[NX v22.7.2 Daemon Server] - 2026-08-09T20:55:59.972Z - Time taken for 'total for creating and serializing project graph' 255.25109200086445ms
[NX v22.7.2 Daemon Server] - 2026-08-09T20:55:59.972Z - Time taken for 'total execution time for createProjectGraph()' 19.243184000253677ms
[NX v22.7.2 Daemon Server] - 2026-08-09T20:55:59.972Z - Time taken for 'createDependencies' 16.746904999949038ms
[NX v22.7.2 Daemon Server] - 2026-08-09T20:55:59.972Z - Time taken for 'nx/js/dependencies-and-lockfile:createDependencies' 16.485239999368787ms
[NX v22.7.2 Daemon Server] - 2026-08-09T20:55:59.972Z - Time taken for 'createMetadata' 0.008799999952316284ms
[NX v22.7.2 Daemon Server] - 2026-08-09T20:55:59.972Z - Time taken for 'serialize graph' 2.93904999922961ms
[NX v22.7.2 Daemon Server] - 2026-08-09T20:55:59.972Z - Time taken for 'write cache' 7.667914999648929ms
[NX v22.7.2 Daemon Server] - 2026-08-09T20:55:59.973Z - Done responding to the client project-graph
[NX v22.7.2 Daemon Server] - 2026-08-09T20:55:59.973Z - Handled json message REQUEST_PROJECT_GRAPH. Handling time: 255. Response time: 4.
[NX v22.7.2 Daemon Client] - 2026-08-09T20:55:59.974Z - [Messenger] Received message, length: 682184
[NX v22.7.2 Daemon Client] - 2026-08-09T20:55:59.979Z - [Messenger] Sending message type: PRE_TASKS_EXECUTION
[NX v22.7.2 Daemon Client] - 2026-08-09T20:55:59.979Z - [Messenger] Message sent
[NX v22.7.2 Daemon Server] - 2026-08-09T20:55:59.979Z - Received raw message of length 855
[NX v22.7.2 Daemon Server] - 2026-08-09T20:55:59.979Z - Received json message of type PRE_TASKS_EXECUTION
[NX v22.7.2 Daemon Server] - 2026-08-09T20:55:59.979Z - Serializing response for PRE_TASKS_EXECUTION message in json mode
[NX v22.7.2 Daemon Server] - 2026-08-09T20:55:59.979Z - Responding to PRE_TASKS_EXECUTION message
[NX v22.7.2 Daemon Server] - 2026-08-09T20:55:59.979Z - [REQUEST]: Responding to the client. handleRunPreTasksExecution
[NX v22.7.2 Daemon Server] - 2026-08-09T20:55:59.979Z - Done responding to the client handleRunPreTasksExecution
[NX v22.7.2 Daemon Server] - 2026-08-09T20:55:59.979Z - Handled json message PRE_TASKS_EXECUTION. Handling time: 0. Response time: 0.
[NX v22.7.2 Daemon Server] - 2026-08-09T20:55:59.980Z - Time taken for 'preTasksExecution' 0.21145099960267544ms
[NX v22.7.2 Daemon Client] - 2026-08-09T20:56:00.053Z - [Messenger] Received message, length: 2
[NX v22.7.2 Daemon Client] - 2026-08-09T20:56:00.067Z - [Messenger] Sending message type: HASH_TASKS
[NX v22.7.2 Daemon Client] - 2026-08-09T20:56:00.067Z - [Messenger] Message sent
[NX v22.7.2 Daemon Server] - 2026-08-09T20:56:00.068Z - Received raw message of length 6459
[NX v22.7.2 Daemon Server] - 2026-08-09T20:56:00.068Z - Received json message of type HASH_TASKS
[NX v22.7.2 Daemon Server] - 2026-08-09T20:56:00.068Z - Reusing in-memory cached project graph because no files changed.
DEBUG nx::native::tasks::hash_planner: get_plans_internal COMPLETED in 2.338423ms - processed 1 tasks (setup: 2.279648ms, parallel_planning: 39.16µs)
DEBUG nx::native::tasks::hashers::hash_workspace_files: Hashing workspace fileset with inputs: Adding "4361406078602606092" (".gitignore") to hash
DEBUG nx::native::tasks::hashers::hash_workspace_files: Hashing workspace fileset with inputs: Adding "11044632387527613089" ("nx.json") to hash
DEBUG nx::native::tasks::hashers::hash_workspace_files: Hashing workspace fileset with inputs: Hash Value: "7055248756632866157"
DEBUG nx::native::tasks::task_hasher: hash_plans COMPLETED in 1.691547ms - processed 1 plans (setup: 199.412µs, hashing: 1.49073ms, assembly: 24.281µs)
[NX v22.7.2 Daemon Server] - 2026-08-09T20:56:00.077Z - Serializing response for HASH_TASKS message in json mode
[NX v22.7.2 Daemon Server] - 2026-08-09T20:56:00.078Z - Responding to HASH_TASKS message
[NX v22.7.2 Daemon Server] - 2026-08-09T20:56:00.078Z - [REQUEST]: Responding to the client. handleHashTasks
[NX v22.7.2 Daemon Server] - 2026-08-09T20:56:00.078Z - Done responding to the client handleHashTasks
[NX v22.7.2 Daemon Server] - 2026-08-09T20:56:00.078Z - Handled json message HASH_TASKS. Handling time: 9. Response time: 1.
[NX v22.7.2 Daemon Client] - 2026-08-09T20:56:00.078Z - [Messenger] Received message, length: 592
[NX v22.7.2 Daemon Client] - 2026-08-09T20:56:00.088Z - [Messenger] Sending message type: GET_ESTIMATED_TASK_TIMINGS
[NX v22.7.2 Daemon Client] - 2026-08-09T20:56:00.089Z - [Messenger] Message sent
[NX v22.7.2 Daemon Server] - 2026-08-09T20:56:00.089Z - Received raw message of length 102
[NX v22.7.2 Daemon Server] - 2026-08-09T20:56:00.089Z - Received json message of type GET_ESTIMATED_TASK_TIMINGS
[NX v22.7.2 Daemon Server] - 2026-08-09T20:56:00.089Z - Serializing response for GET_ESTIMATED_TASK_TIMINGS message in json mode
[NX v22.7.2 Daemon Server] - 2026-08-09T20:56:00.089Z - Responding to GET_ESTIMATED_TASK_TIMINGS message
[NX v22.7.2 Daemon Server] - 2026-08-09T20:56:00.089Z - [REQUEST]: Responding to the client. handleGetEstimatedTaskTimings
[NX v22.7.2 Daemon Server] - 2026-08-09T20:56:00.089Z - Done responding to the client handleGetEstimatedTaskTimings
[NX v22.7.2 Daemon Server] - 2026-08-09T20:56:00.089Z - Handled json message GET_ESTIMATED_TASK_TIMINGS. Handling time: 0. Response time: 0.
[NX v22.7.2 Daemon Client] - 2026-08-09T20:56:00.090Z - [Messenger] Received message, length: 36
[NX v22.7.2 Daemon Client] - 2026-08-09T20:56:00.102Z - [Messenger] Sending message type: RECORD_TASK_RUNS
[NX v22.7.2 Daemon Client] - 2026-08-09T20:56:00.102Z - [Messenger] Message sent
[NX v22.7.2 Daemon Server] - 2026-08-09T20:56:00.102Z - Received raw message of length 238
[NX v22.7.2 Daemon Server] - 2026-08-09T20:56:00.102Z - Received json message of type RECORD_TASK_RUNS
[NX v22.7.2 Daemon Server] - 2026-08-09T20:56:00.105Z - Serializing response for RECORD_TASK_RUNS message in json mode
[NX v22.7.2 Daemon Server] - 2026-08-09T20:56:00.105Z - Responding to RECORD_TASK_RUNS message
[NX v22.7.2 Daemon Server] - 2026-08-09T20:56:00.105Z - [REQUEST]: Responding to the client. handleRecordTaskRuns
[NX v22.7.2 Daemon Server] - 2026-08-09T20:56:00.105Z - Done responding to the client handleRecordTaskRuns
[NX v22.7.2 Daemon Server] - 2026-08-09T20:56:00.105Z - Handled json message RECORD_TASK_RUNS. Handling time: 3. Response time: 0.
[NX v22.7.2 Daemon Client] - 2026-08-09T20:56:00.105Z - [Messenger] Received message, length: 4
[NX v22.7.2 Daemon Client] - 2026-08-09T20:56:00.106Z - [Messenger] Sending message type: GET_FLAKY_TASKS
[NX v22.7.2 Daemon Client] - 2026-08-09T20:56:00.106Z - [Messenger] Message sent
[NX v22.7.2 Daemon Server] - 2026-08-09T20:56:00.106Z - Received raw message of length 59
[NX v22.7.2 Daemon Server] - 2026-08-09T20:56:00.106Z - Received json message of type GET_FLAKY_TASKS
[NX v22.7.2 Daemon Server] - 2026-08-09T20:56:00.106Z - Serializing response for GET_FLAKY_TASKS message in json mode
[NX v22.7.2 Daemon Server] - 2026-08-09T20:56:00.106Z - Responding to GET_FLAKY_TASKS message
[NX v22.7.2 Daemon Server] - 2026-08-09T20:56:00.106Z - [REQUEST]: Responding to the client. handleGetFlakyTasks
[NX v22.7.2 Daemon Server] - 2026-08-09T20:56:00.106Z - Done responding to the client handleGetFlakyTasks
[NX v22.7.2 Daemon Server] - 2026-08-09T20:56:00.106Z - Handled json message GET_FLAKY_TASKS. Handling time: 0. Response time: 0.
[NX v22.7.2 Daemon Client] - 2026-08-09T20:56:00.106Z - [Messenger] Received message, length: 2
[NX v22.7.2 Daemon Client] - 2026-08-09T20:56:00.107Z - [Messenger] Sending message type: GET_CONFIGURE_AI_AGENTS_STATUS
[NX v22.7.2 Daemon Server] - 2026-08-09T20:56:00.107Z - Established a connection. Number of open connections: 2
[NX v22.7.2 Daemon Client] - 2026-08-09T20:56:00.107Z - [Messenger] Message sent
[NX v22.7.2 Daemon Server] - 2026-08-09T20:56:00.107Z - Received raw message of length 41
[NX v22.7.2 Daemon Server] - 2026-08-09T20:56:00.108Z - Received json message of type GET_CONFIGURE_AI_AGENTS_STATUS
[NX v22.7.2 Daemon Server] - 2026-08-09T20:56:00.108Z - [AI-AGENTS]: Returning cached agent configuration status
[NX v22.7.2 Daemon Server] - 2026-08-09T20:56:00.108Z - Serializing response for GET_CONFIGURE_AI_AGENTS_STATUS message in json mode
[NX v22.7.2 Daemon Server] - 2026-08-09T20:56:00.108Z - Responding to GET_CONFIGURE_AI_AGENTS_STATUS message
[NX v22.7.2 Daemon Server] - 2026-08-09T20:56:00.108Z - [REQUEST]: Responding to the client. handleGetConfigureAiAgentsStatus
[NX v22.7.2 Daemon Server] - 2026-08-09T20:56:00.108Z - Done responding to the client handleGetConfigureAiAgentsStatus
[NX v22.7.2 Daemon Server] - 2026-08-09T20:56:00.108Z - Handled json message GET_CONFIGURE_AI_AGENTS_STATUS. Handling time: 0. Response time: 0.
[NX v22.7.2 Daemon Server] - 2026-08-09T20:56:00.108Z - Closed a connection. Number of open connections: 1
[NX v22.7.2 Daemon Client] - 2026-08-09T20:56:00.108Z - [Messenger] Received message, length: 104
[NX v22.7.2 Daemon Client] - 2026-08-09T20:56:00.108Z - [Messenger] Sending message type: POST_TASKS_EXECUTION
[NX v22.7.2 Daemon Client] - 2026-08-09T20:56:00.108Z - [Messenger] Message sent
[NX v22.7.2 Daemon Server] - 2026-08-09T20:56:00.108Z - Received raw message of length 1877
[NX v22.7.2 Daemon Server] - 2026-08-09T20:56:00.109Z - Received json message of type POST_TASKS_EXECUTION
[NX v22.7.2 Daemon Server] - 2026-08-09T20:56:00.109Z - Serializing response for POST_TASKS_EXECUTION message in json mode
[NX v22.7.2 Daemon Server] - 2026-08-09T20:56:00.109Z - Responding to POST_TASKS_EXECUTION message
[NX v22.7.2 Daemon Server] - 2026-08-09T20:56:00.109Z - [REQUEST]: Responding to the client. handleRunPostTasksExecution
[NX v22.7.2 Daemon Server] - 2026-08-09T20:56:00.109Z - Done responding to the client handleRunPostTasksExecution
[NX v22.7.2 Daemon Server] - 2026-08-09T20:56:00.109Z - Handled json message POST_TASKS_EXECUTION. Handling time: 0. Response time: 0.
[NX v22.7.2 Daemon Server] - 2026-08-09T20:56:00.109Z - Time taken for 'postTasksExecution' 0.16704799979925156ms
[NX v22.7.2 Daemon Client] - 2026-08-09T20:56:00.109Z - [Messenger] Received message, length: 4
[NX v22.7.2 Daemon Server] - 2026-08-09T20:56:00.128Z - Closed a connection. Number of open connections: 0
[NX v22.7.2 Daemon Server] - 2026-08-09T20:57:54.774Z - [WATCHER]: Processing file changes in outputs
[NX v22.7.2 Daemon Server] - 2026-08-09T20:57:54.774Z - [WATCHER]: 2 file(s) created or restored, 0 file(s) modified, 0 file(s) deleted
[NX v22.7.2 Daemon Server] - 2026-08-09T20:57:54.774Z - [WATCHER]: File changes detected:
Created:
  - packages/portal/.editorconfig copy
  - packages/portal/.gitignore copy
Updated:
(none)
Deleted:
(none)
[NX v22.7.2 Daemon Server] - 2026-08-09T20:57:54.774Z - [SYNC]: clearing sync generators cache due to file changes
[NX v22.7.2 Daemon Server] - 2026-08-09T20:57:54.850Z - [WATCHER]: packages/portal/.prettierrc was created or restored
[NX v22.7.2 Daemon Server] - 2026-08-09T20:57:54.851Z - [WATCHER]: File changes detected:
Created:
  - packages/portal/.prettierrc
Updated:
(none)
Deleted:
(none)
[NX v22.7.2 Daemon Server] - 2026-08-09T20:57:54.851Z - [SYNC]: clearing sync generators cache due to file changes
[NX v22.7.2 Daemon Server] - 2026-08-09T20:57:54.851Z - [WATCHER]: Processing file changes in outputs
[NX v22.7.2 Daemon Server] - 2026-08-09T20:57:54.877Z - [REQUEST]: Updated workspace context based on watched changes, recomputing project graph...
[NX v22.7.2 Daemon Server] - 2026-08-09T20:57:54.877Z - [REQUEST]: packages/portal/.editorconfig copy,packages/portal/.gitignore copy,packages/portal/.prettierrc
[NX v22.7.2 Daemon Server] - 2026-08-09T20:57:54.877Z - [REQUEST]: 
[plugin-client] restarting worker for "@nx/angular/plugin"
[isolated-plugin] spawned worker for "@nx/angular/plugin" (pid: 855406, socket: /tmp/plugin823708-116-4805754.758003.sock)
[plugin-client] restarting worker for "nx/js/dependencies-and-lockfile"
[isolated-plugin] spawned worker for "nx/js/dependencies-and-lockfile" (pid: 855407, socket: /tmp/plugin823708-117-4805765.611361.sock)
[plugin-client] restarting worker for "nx/core/package-json"
[isolated-plugin] spawned worker for "nx/core/package-json" (pid: 855418, socket: /tmp/plugin823708-118-4805773.669423.sock)
[plugin-client] restarting worker for "nx/core/project-json"
[isolated-plugin] spawned worker for "nx/core/project-json" (pid: 855419, socket: /tmp/plugin823708-119-4805781.995589.sock)
[NX v22.7.2 Daemon Server] - 2026-08-09T20:57:54.923Z - [WATCHER]: packages/portal/proxy.conf.json was created or restored
[NX v22.7.2 Daemon Server] - 2026-08-09T20:57:54.923Z - [WATCHER]: File changes detected:
Created:
  - packages/portal/proxy.conf.json
Updated:
(none)
Deleted:
(none)
[NX v22.7.2 Daemon Server] - 2026-08-09T20:57:54.923Z - [SYNC]: clearing sync generators cache due to file changes
[NX v22.7.2 Daemon Server] - 2026-08-09T20:57:54.923Z - [WATCHER]: Processing file changes in outputs
[NX v22.7.2 Daemon Server] - 2026-08-09T20:57:54.923Z - Time taken for 'hash changed files from watcher' 1.4445190001279116ms
[plugin-worker] "@nx/angular/plugin" (pid: 855406) listening on /tmp/plugin823708-116-4805754.758003.sock
[isolated-plugin] connected to worker for "@nx/angular/plugin" (pid: 855406)
[NX v22.7.2 Daemon Server] - 2026-08-09T20:57:54.997Z - Time taken for 'start-plugin-worker:@nx/angular/plugin' 108.09444000013173ms
Time taken for 'plugin worker 855406 code loading' 57.138844000000006ms
[plugin-worker] "@nx/angular/plugin" (pid: 855406) connected
[plugin-worker] "nx/js/dependencies-and-lockfile" (pid: 855407) listening on /tmp/plugin823708-117-4805765.611361.sock
Time taken for 'plugin worker 855407 code loading' 61.796105999999995ms
[isolated-plugin] connected to worker for "nx/js/dependencies-and-lockfile" (pid: 855407)
[NX v22.7.2 Daemon Server] - 2026-08-09T20:57:55.007Z - Time taken for 'start-plugin-worker:nx/js/dependencies-and-lockfile' 107.4935990003869ms
[plugin-worker] "nx/js/dependencies-and-lockfile" (pid: 855407) connected
[plugin-worker] "nx/core/package-json" (pid: 855418) listening on /tmp/plugin823708-118-4805773.669423.sock
Time taken for 'plugin worker 855418 code loading' 65.609575ms
[plugin-worker] "nx/core/project-json" (pid: 855419) listening on /tmp/plugin823708-119-4805781.995589.sock
Time taken for 'plugin worker 855419 code loading' 67.828862ms
[isolated-plugin] connected to worker for "nx/core/project-json" (pid: 855419)
[isolated-plugin] connected to worker for "nx/core/package-json" (pid: 855418)
[NX v22.7.2 Daemon Server] - 2026-08-09T20:57:55.018Z - Time taken for 'start-plugin-worker:nx/core/package-json' 109.83556699939072ms
[NX v22.7.2 Daemon Server] - 2026-08-09T20:57:55.018Z - Time taken for 'start-plugin-worker:nx/core/project-json' 101.22534000035375ms
[plugin-worker] "nx/core/project-json" (pid: 855419) connected
[plugin-worker] "nx/core/package-json" (pid: 855418) connected
[NX v22.7.2 Daemon Server] - 2026-08-09T20:57:55.024Z - [REQUEST]: Updated workspace context based on watched changes, recomputing project graph...
[NX v22.7.2 Daemon Server] - 2026-08-09T20:57:55.025Z - [REQUEST]: packages/portal/.editorconfig copy,packages/portal/.gitignore copy,packages/portal/.prettierrc,packages/portal/proxy.conf.json
[NX v22.7.2 Daemon Server] - 2026-08-09T20:57:55.025Z - [REQUEST]: 
[NX v22.7.2 Daemon Server] - 2026-08-09T20:57:55.028Z - Time taken for 'hash changed files from watcher' 0.7170259999111295ms
[plugin-worker] "nx/js/dependencies-and-lockfile" (pid: 855407) loaded successfully
[plugin-worker] "nx/core/project-json" (pid: 855419) loaded successfully
[plugin-worker] "nx/core/package-json" (pid: 855418) loaded successfully
[isolated-plugin] shutting down worker for "nx/core/project-json" after createNodes
[isolated-plugin] shutting down worker for "nx/core/package-json" after createNodes
Time taken for 'nx/js/dependencies-and-lockfile:createNodes' 8.220477999999986ms
Time taken for 'nx/js/dependencies-and-lockfile:createNodes' 8.346866000000006ms
[plugin-worker] "@nx/angular/plugin" (pid: 855406) loaded successfully
[isolated-plugin] shutting down worker for "@nx/angular/plugin" after createNodes
[NX v22.7.2 Daemon Server] - 2026-08-09T20:57:55.095Z - Time taken for 'build-project-configs' 61.01968299970031ms
[NX v22.7.2 Daemon Server] - 2026-08-09T20:57:55.095Z - Time taken for 'build-project-configs' 62.13904399983585ms
[NX v22.7.2 Daemon Server] - 2026-08-09T20:57:55.095Z - Time taken for 'createNodes:merge' 1.0213090004399419ms
[NX v22.7.2 Daemon Server] - 2026-08-09T20:57:55.095Z - Time taken for 'createNodes:merge' 1.0635110000148416ms
[NX v22.7.2 Daemon Server] - 2026-08-09T20:57:55.095Z - Time taken for 'get-all-workspace-files' 0.06098200008273125ms
Time taken for 'build typescript dependencies' 5.380505999999997ms
[isolated-plugin] shutting down worker for "nx/js/dependencies-and-lockfile" after createDependencies
[NX v22.7.2 Daemon Server] - 2026-08-09T20:57:55.118Z - [SYNC]: collect registered sync generators
[NX v22.7.2 Daemon Server] - 2026-08-09T20:57:55.118Z - [SYNC]: project graph hash is the same, not collecting task sync generators
[NX v22.7.2 Daemon Server] - 2026-08-09T20:57:55.119Z - [SYNC]: nx.json hash is the same, not collecting global sync generators
[NX v22.7.2 Daemon Server] - 2026-08-09T20:57:55.119Z - [SYNC]: collect registered sync generators
[NX v22.7.2 Daemon Server] - 2026-08-09T20:57:55.119Z - [SYNC]: project graph hash is the same, not collecting task sync generators
[NX v22.7.2 Daemon Server] - 2026-08-09T20:57:55.119Z - [SYNC]: nx.json hash is the same, not collecting global sync generators
[NX v22.7.2 Daemon Server] - 2026-08-09T20:57:55.119Z - Time taken for 'total execution time for createProjectGraph()' 22.73797099944204ms
[NX v22.7.2 Daemon Server] - 2026-08-09T20:57:55.119Z - Time taken for 'createDependencies' 20.258999000303447ms
[NX v22.7.2 Daemon Server] - 2026-08-09T20:57:55.119Z - Time taken for 'nx/js/dependencies-and-lockfile:createDependencies' 20.115211999975145ms
[NX v22.7.2 Daemon Server] - 2026-08-09T20:57:55.119Z - Time taken for 'createMetadata' 0.009452000260353088ms
[NX v22.7.2 Daemon Server] - 2026-08-09T20:57:55.119Z - Time taken for 'serialize graph' 3.8591289995238185ms
[NX v22.7.2 Daemon Server] - 2026-08-09T20:58:01.953Z - [WATCHER]: packages/portal/.gitignore copy was deleted
[NX v22.7.2 Daemon Server] - 2026-08-09T20:58:01.953Z - [WATCHER]: File changes detected:
Created:
(none)
Updated:
(none)
Deleted:
  - packages/portal/.gitignore copy
[NX v22.7.2 Daemon Server] - 2026-08-09T20:58:01.953Z - [SYNC]: clearing sync generators cache due to file changes
[NX v22.7.2 Daemon Server] - 2026-08-09T20:58:01.953Z - [WATCHER]: Processing file changes in outputs
[NX v22.7.2 Daemon Server] - 2026-08-09T20:58:02.154Z - [REQUEST]: Updated workspace context based on watched changes, recomputing project graph...
[NX v22.7.2 Daemon Server] - 2026-08-09T20:58:02.154Z - [REQUEST]: 
[NX v22.7.2 Daemon Server] - 2026-08-09T20:58:02.154Z - [REQUEST]: packages/portal/.gitignore copy
[plugin-client] restarting worker for "@nx/angular/plugin"
[isolated-plugin] spawned worker for "@nx/angular/plugin" (pid: 855560, socket: /tmp/plugin823708-120-4813025.900746.sock)
[plugin-client] restarting worker for "nx/js/dependencies-and-lockfile"
[isolated-plugin] spawned worker for "nx/js/dependencies-and-lockfile" (pid: 855568, socket: /tmp/plugin823708-121-4813034.111395.sock)
[plugin-client] restarting worker for "nx/core/package-json"
[isolated-plugin] spawned worker for "nx/core/package-json" (pid: 855569, socket: /tmp/plugin823708-122-4813042.443938.sock)
[plugin-client] restarting worker for "nx/core/project-json"
[isolated-plugin] spawned worker for "nx/core/project-json" (pid: 855577, socket: /tmp/plugin823708-123-4813049.20013.sock)
[NX v22.7.2 Daemon Server] - 2026-08-09T20:58:02.192Z - Time taken for 'hash changed files from watcher' 0.2715320000424981ms
[plugin-worker] "nx/js/dependencies-and-lockfile" (pid: 855568) listening on /tmp/plugin823708-121-4813034.111395.sock
Time taken for 'plugin worker 855568 code loading' 87.59386099999999ms
[plugin-worker] "@nx/angular/plugin" (pid: 855560) listening on /tmp/plugin823708-120-4813025.900746.sock
Time taken for 'plugin worker 855560 code loading' 96.292281ms
[isolated-plugin] connected to worker for "@nx/angular/plugin" (pid: 855560)
[isolated-plugin] connected to worker for "nx/js/dependencies-and-lockfile" (pid: 855568)
[NX v22.7.2 Daemon Server] - 2026-08-09T20:58:02.294Z - Time taken for 'start-plugin-worker:@nx/angular/plugin' 133.93287700042129ms
[NX v22.7.2 Daemon Server] - 2026-08-09T20:58:02.294Z - Time taken for 'start-plugin-worker:nx/js/dependencies-and-lockfile' 126.26133499946445ms
[plugin-worker] "@nx/angular/plugin" (pid: 855560) connected
[plugin-worker] "nx/js/dependencies-and-lockfile" (pid: 855568) connected
[plugin-worker] "nx/core/project-json" (pid: 855577) listening on /tmp/plugin823708-123-4813049.20013.sock
[plugin-worker] "nx/core/package-json" (pid: 855569) listening on /tmp/plugin823708-122-4813042.443938.sock
Time taken for 'plugin worker 855577 code loading' 85.47556599999999ms
Time taken for 'plugin worker 855569 code loading' 87.100071ms
[isolated-plugin] connected to worker for "nx/core/project-json" (pid: 855577)
[NX v22.7.2 Daemon Server] - 2026-08-09T20:58:02.313Z - Time taken for 'start-plugin-worker:nx/core/project-json' 129.15548000019044ms
[plugin-worker] "nx/core/project-json" (pid: 855577) connected
[isolated-plugin] connected to worker for "nx/core/package-json" (pid: 855569)
[NX v22.7.2 Daemon Server] - 2026-08-09T20:58:02.316Z - Time taken for 'start-plugin-worker:nx/core/package-json' 139.15000799950212ms
[plugin-worker] "nx/core/package-json" (pid: 855569) connected
[plugin-worker] "nx/js/dependencies-and-lockfile" (pid: 855568) loaded successfully
[plugin-worker] "nx/core/project-json" (pid: 855577) loaded successfully
Time taken for 'nx/js/dependencies-and-lockfile:createNodes' 11.915298999999976ms
[plugin-worker] "nx/core/package-json" (pid: 855569) loaded successfully
[isolated-plugin] shutting down worker for "nx/core/project-json" after createNodes
[isolated-plugin] shutting down worker for "nx/core/package-json" after createNodes
[plugin-worker] "@nx/angular/plugin" (pid: 855560) loaded successfully
[isolated-plugin] shutting down worker for "@nx/angular/plugin" after createNodes
[NX v22.7.2 Daemon Server] - 2026-08-09T20:58:02.399Z - Time taken for 'build-project-configs' 234.11937400046736ms
[NX v22.7.2 Daemon Server] - 2026-08-09T20:58:02.399Z - Time taken for 'createNodes:merge' 0.9316269997507334ms
[NX v22.7.2 Daemon Server] - 2026-08-09T20:58:02.399Z - Time taken for 'get-all-workspace-files' 0.06043600011616945ms
Time taken for 'build typescript dependencies' 0.1700880000000211ms
[isolated-plugin] shutting down worker for "nx/js/dependencies-and-lockfile" after createDependencies
[NX v22.7.2 Daemon Server] - 2026-08-09T20:58:02.414Z - [SYNC]: collect registered sync generators
[NX v22.7.2 Daemon Server] - 2026-08-09T20:58:02.414Z - [SYNC]: project graph hash is the same, not collecting task sync generators
[NX v22.7.2 Daemon Server] - 2026-08-09T20:58:02.414Z - [SYNC]: nx.json hash is the same, not collecting global sync generators
[NX v22.7.2 Daemon Server] - 2026-08-09T20:58:02.414Z - Time taken for 'total execution time for createProjectGraph()' 16.611120000481606ms
[NX v22.7.2 Daemon Server] - 2026-08-09T20:58:02.414Z - Time taken for 'createDependencies' 14.034775000065565ms
[NX v22.7.2 Daemon Server] - 2026-08-09T20:58:02.414Z - Time taken for 'nx/js/dependencies-and-lockfile:createDependencies' 13.924378000199795ms
[NX v22.7.2 Daemon Server] - 2026-08-09T20:58:02.414Z - Time taken for 'createMetadata' 0.008489999920129776ms
[NX v22.7.2 Daemon Server] - 2026-08-09T20:58:02.414Z - Time taken for 'serialize graph' 2.7492080004885793ms
[NX v22.7.2 Daemon Server] - 2026-08-09T20:58:22.581Z - [WATCHER]: Processing file changes in outputs
[NX v22.7.2 Daemon Server] - 2026-08-09T20:58:22.583Z - [WATCHER]: packages/portal/.tools was created or restored
[NX v22.7.2 Daemon Server] - 2026-08-09T20:58:22.583Z - [WATCHER]: File changes detected:
Created:
  - packages/portal/.tools
Updated:
(none)
Deleted:
(none)
[NX v22.7.2 Daemon Server] - 2026-08-09T20:58:22.583Z - [SYNC]: clearing sync generators cache due to file changes
[NX v22.7.2 Daemon Server] - 2026-08-09T20:58:22.683Z - [REQUEST]: Updated workspace context based on watched changes, recomputing project graph...
[NX v22.7.2 Daemon Server] - 2026-08-09T20:58:22.683Z - [REQUEST]: packages/portal/.tools
[NX v22.7.2 Daemon Server] - 2026-08-09T20:58:22.683Z - [REQUEST]: 
[plugin-client] restarting worker for "@nx/angular/plugin"
[isolated-plugin] spawned worker for "@nx/angular/plugin" (pid: 855772, socket: /tmp/plugin823708-124-4833557.616172.sock)
[plugin-client] restarting worker for "nx/js/dependencies-and-lockfile"
[isolated-plugin] spawned worker for "nx/js/dependencies-and-lockfile" (pid: 855773, socket: /tmp/plugin823708-125-4833564.484041.sock)
[plugin-client] restarting worker for "nx/core/package-json"
[isolated-plugin] spawned worker for "nx/core/package-json" (pid: 855779, socket: /tmp/plugin823708-126-4833570.533115.sock)
[plugin-client] restarting worker for "nx/core/project-json"
[isolated-plugin] spawned worker for "nx/core/project-json" (pid: 855785, socket: /tmp/plugin823708-127-4833576.494405.sock)
[NX v22.7.2 Daemon Server] - 2026-08-09T20:58:22.714Z - Time taken for 'hash changed files from watcher' 0.24146400019526482ms
[plugin-worker] "@nx/angular/plugin" (pid: 855772) listening on /tmp/plugin823708-124-4833557.616172.sock
Time taken for 'plugin worker 855772 code loading' 59.12080100000001ms
[isolated-plugin] connected to worker for "@nx/angular/plugin" (pid: 855772)
[NX v22.7.2 Daemon Server] - 2026-08-09T20:58:22.789Z - Time taken for 'start-plugin-worker:@nx/angular/plugin' 98.9772340003401ms
[plugin-worker] "@nx/angular/plugin" (pid: 855772) connected
[plugin-worker] "nx/js/dependencies-and-lockfile" (pid: 855773) listening on /tmp/plugin823708-125-4833564.484041.sock
Time taken for 'plugin worker 855773 code loading' 62.04557500000001ms
[plugin-worker] "nx/core/package-json" (pid: 855779) listening on /tmp/plugin823708-126-4833570.533115.sock
[plugin-worker] "nx/core/project-json" (pid: 855785) listening on /tmp/plugin823708-127-4833576.494405.sock
[isolated-plugin] connected to worker for "nx/js/dependencies-and-lockfile" (pid: 855773)
[NX v22.7.2 Daemon Server] - 2026-08-09T20:58:22.800Z - Time taken for 'start-plugin-worker:nx/js/dependencies-and-lockfile' 103.26409799978137ms
Time taken for 'plugin worker 855785 code loading' 61.008281ms
[plugin-worker] "nx/js/dependencies-and-lockfile" (pid: 855773) connected
Time taken for 'plugin worker 855779 code loading' 64.66428400000001ms
[isolated-plugin] connected to worker for "nx/core/package-json" (pid: 855779)
[NX v22.7.2 Daemon Server] - 2026-08-09T20:58:22.804Z - Time taken for 'start-plugin-worker:nx/core/package-json' 101.24057599995285ms
[plugin-worker] "nx/core/package-json" (pid: 855779) connected
[isolated-plugin] connected to worker for "nx/core/project-json" (pid: 855785)
[NX v22.7.2 Daemon Server] - 2026-08-09T20:58:22.807Z - Time taken for 'start-plugin-worker:nx/core/project-json' 97.54631400015205ms
[plugin-worker] "nx/core/project-json" (pid: 855785) connected
[plugin-worker] "nx/core/project-json" (pid: 855785) loaded successfully
[isolated-plugin] shutting down worker for "nx/core/project-json" after createNodes
[plugin-worker] "nx/js/dependencies-and-lockfile" (pid: 855773) loaded successfully
[plugin-worker] "nx/core/package-json" (pid: 855779) loaded successfully
[isolated-plugin] shutting down worker for "nx/core/package-json" after createNodes
Time taken for 'nx/js/dependencies-and-lockfile:createNodes' 12.406445999999988ms
[plugin-worker] "@nx/angular/plugin" (pid: 855772) loaded successfully
[isolated-plugin] shutting down worker for "@nx/angular/plugin" after createNodes
[NX v22.7.2 Daemon Server] - 2026-08-09T20:58:22.891Z - Time taken for 'build-project-configs' 194.74642399977893ms
[NX v22.7.2 Daemon Server] - 2026-08-09T20:58:22.891Z - Time taken for 'createNodes:merge' 1.1329680001363158ms
[NX v22.7.2 Daemon Server] - 2026-08-09T20:58:22.891Z - Time taken for 'get-all-workspace-files' 0.0671950001269579ms
Time taken for 'build typescript dependencies' 4.239178999999979ms
[isolated-plugin] shutting down worker for "nx/js/dependencies-and-lockfile" after createDependencies
[NX v22.7.2 Daemon Server] - 2026-08-09T20:58:22.910Z - [SYNC]: collect registered sync generators
[NX v22.7.2 Daemon Server] - 2026-08-09T20:58:22.910Z - [SYNC]: project graph hash is the same, not collecting task sync generators
[NX v22.7.2 Daemon Server] - 2026-08-09T20:58:22.910Z - [SYNC]: nx.json hash is the same, not collecting global sync generators
[NX v22.7.2 Daemon Server] - 2026-08-09T20:58:22.910Z - Time taken for 'total execution time for createProjectGraph()' 21.571194999851286ms
[NX v22.7.2 Daemon Server] - 2026-08-09T20:58:22.910Z - Time taken for 'createDependencies' 18.4537509996444ms
[NX v22.7.2 Daemon Server] - 2026-08-09T20:58:22.910Z - Time taken for 'nx/js/dependencies-and-lockfile:createDependencies' 18.32204599957913ms
[NX v22.7.2 Daemon Server] - 2026-08-09T20:58:22.910Z - Time taken for 'createMetadata' 0.008534000255167484ms
[NX v22.7.2 Daemon Server] - 2026-08-09T20:58:22.910Z - Time taken for 'serialize graph' 3.024970999918878ms
[NX v22.7.2 Daemon Server] - 2026-08-09T20:58:28.114Z - [WATCHER]: packages/portal/.editorconfig copy was deleted
[NX v22.7.2 Daemon Server] - 2026-08-09T20:58:28.114Z - [WATCHER]: File changes detected:
Created:
(none)
Updated:
(none)
Deleted:
  - packages/portal/.editorconfig copy
[NX v22.7.2 Daemon Server] - 2026-08-09T20:58:28.114Z - [SYNC]: clearing sync generators cache due to file changes
[NX v22.7.2 Daemon Server] - 2026-08-09T20:58:28.114Z - [WATCHER]: Processing file changes in outputs
[NX v22.7.2 Daemon Server] - 2026-08-09T20:58:28.314Z - [REQUEST]: Updated workspace context based on watched changes, recomputing project graph...
[NX v22.7.2 Daemon Server] - 2026-08-09T20:58:28.314Z - [REQUEST]: 
[NX v22.7.2 Daemon Server] - 2026-08-09T20:58:28.314Z - [REQUEST]: packages/portal/.editorconfig copy
[plugin-client] restarting worker for "@nx/angular/plugin"
[isolated-plugin] spawned worker for "@nx/angular/plugin" (pid: 855921, socket: /tmp/plugin823708-128-4839193.2566.sock)
[plugin-client] restarting worker for "nx/js/dependencies-and-lockfile"
[isolated-plugin] spawned worker for "nx/js/dependencies-and-lockfile" (pid: 855923, socket: /tmp/plugin823708-129-4839200.340985.sock)
[plugin-client] restarting worker for "nx/core/package-json"
[isolated-plugin] spawned worker for "nx/core/package-json" (pid: 855929, socket: /tmp/plugin823708-130-4839207.342231.sock)
[plugin-client] restarting worker for "nx/core/project-json"
[isolated-plugin] spawned worker for "nx/core/project-json" (pid: 855935, socket: /tmp/plugin823708-131-4839211.882586.sock)
[NX v22.7.2 Daemon Server] - 2026-08-09T20:58:28.350Z - Time taken for 'hash changed files from watcher' 0.30029099993407726ms
[plugin-worker] "@nx/angular/plugin" (pid: 855921) listening on /tmp/plugin823708-128-4839193.2566.sock
Time taken for 'plugin worker 855921 code loading' 64.77947400000001ms
[isolated-plugin] connected to worker for "@nx/angular/plugin" (pid: 855921)
[NX v22.7.2 Daemon Server] - 2026-08-09T20:58:28.426Z - Time taken for 'start-plugin-worker:@nx/angular/plugin' 100.14458200056106ms
[plugin-worker] "@nx/angular/plugin" (pid: 855921) connected
[plugin-worker] "nx/js/dependencies-and-lockfile" (pid: 855923) listening on /tmp/plugin823708-129-4839200.340985.sock
Time taken for 'plugin worker 855923 code loading' 64.32225600000001ms
[plugin-worker] "nx/core/package-json" (pid: 855929) listening on /tmp/plugin823708-130-4839207.342231.sock
Time taken for 'plugin worker 855929 code loading' 68.201167ms
[isolated-plugin] connected to worker for "nx/js/dependencies-and-lockfile" (pid: 855923)
[NX v22.7.2 Daemon Server] - 2026-08-09T20:58:28.436Z - Time taken for 'start-plugin-worker:nx/js/dependencies-and-lockfile' 103.64112900011241ms
[plugin-worker] "nx/js/dependencies-and-lockfile" (pid: 855923) connected
[isolated-plugin] connected to worker for "nx/core/package-json" (pid: 855929)
[NX v22.7.2 Daemon Server] - 2026-08-09T20:58:28.439Z - Time taken for 'start-plugin-worker:nx/core/package-json' 99.05046899989247ms
[plugin-worker] "nx/core/project-json" (pid: 855935) listening on /tmp/plugin823708-131-4839211.882586.sock
[plugin-worker] "nx/core/package-json" (pid: 855929) connected
Time taken for 'plugin worker 855935 code loading' 67.099955ms
[isolated-plugin] connected to worker for "nx/core/project-json" (pid: 855935)
[NX v22.7.2 Daemon Server] - 2026-08-09T20:58:28.444Z - Time taken for 'start-plugin-worker:nx/core/project-json' 99.11883699987084ms
[plugin-worker] "nx/core/project-json" (pid: 855935) connected
[plugin-worker] "nx/js/dependencies-and-lockfile" (pid: 855923) loaded successfully
[plugin-worker] "nx/core/package-json" (pid: 855929) loaded successfully
[isolated-plugin] shutting down worker for "nx/core/package-json" after createNodes
[plugin-worker] "nx/core/project-json" (pid: 855935) loaded successfully
[isolated-plugin] shutting down worker for "nx/core/project-json" after createNodes
Time taken for 'nx/js/dependencies-and-lockfile:createNodes' 16.352670000000003ms
[plugin-worker] "@nx/angular/plugin" (pid: 855921) loaded successfully
[isolated-plugin] shutting down worker for "@nx/angular/plugin" after createNodes
[NX v22.7.2 Daemon Server] - 2026-08-09T20:58:28.527Z - Time taken for 'build-project-configs' 196.7874800004065ms
[NX v22.7.2 Daemon Server] - 2026-08-09T20:58:28.527Z - Time taken for 'createNodes:merge' 1.1908189998939633ms
[NX v22.7.2 Daemon Server] - 2026-08-09T20:58:28.527Z - Time taken for 'get-all-workspace-files' 0.09807899966835976ms
Time taken for 'build typescript dependencies' 0.207004999999981ms
[isolated-plugin] shutting down worker for "nx/js/dependencies-and-lockfile" after createDependencies
[NX v22.7.2 Daemon Server] - 2026-08-09T20:58:28.541Z - [SYNC]: collect registered sync generators
[NX v22.7.2 Daemon Server] - 2026-08-09T20:58:28.542Z - [SYNC]: project graph hash is the same, not collecting task sync generators
[NX v22.7.2 Daemon Server] - 2026-08-09T20:58:28.542Z - [SYNC]: nx.json hash is the same, not collecting global sync generators
[NX v22.7.2 Daemon Server] - 2026-08-09T20:58:28.542Z - Time taken for 'total execution time for createProjectGraph()' 15.799646999686956ms
[NX v22.7.2 Daemon Server] - 2026-08-09T20:58:28.542Z - Time taken for 'createDependencies' 13.546349000185728ms
[NX v22.7.2 Daemon Server] - 2026-08-09T20:58:28.542Z - Time taken for 'nx/js/dependencies-and-lockfile:createDependencies' 13.430836000479758ms
[NX v22.7.2 Daemon Server] - 2026-08-09T20:58:28.542Z - Time taken for 'createMetadata' 0.008813000284135342ms
[NX v22.7.2 Daemon Server] - 2026-08-09T20:58:28.542Z - Time taken for 'serialize graph' 3.0830300003290176ms
[NX v22.7.2 Daemon Server] - 2026-08-09T20:58:53.944Z - [WATCHER]: packages/portal/proxy.conf.json was modified
[NX v22.7.2 Daemon Server] - 2026-08-09T20:58:53.944Z - [WATCHER]: File changes detected:
Created:
(none)
Updated:
  - packages/portal/proxy.conf.json
Deleted:
(none)
[NX v22.7.2 Daemon Server] - 2026-08-09T20:58:53.944Z - [SYNC]: clearing sync generators cache due to file changes
[NX v22.7.2 Daemon Server] - 2026-08-09T20:58:53.944Z - [WATCHER]: Processing file changes in outputs
[NX v22.7.2 Daemon Server] - 2026-08-09T20:58:54.344Z - [REQUEST]: Updated workspace context based on watched changes, recomputing project graph...
[NX v22.7.2 Daemon Server] - 2026-08-09T20:58:54.344Z - [REQUEST]: packages/portal/proxy.conf.json
[NX v22.7.2 Daemon Server] - 2026-08-09T20:58:54.344Z - [REQUEST]: 
[plugin-client] restarting worker for "@nx/angular/plugin"
[isolated-plugin] spawned worker for "@nx/angular/plugin" (pid: 856304, socket: /tmp/plugin823708-132-4865219.760268.sock)
[plugin-client] restarting worker for "nx/js/dependencies-and-lockfile"
[isolated-plugin] spawned worker for "nx/js/dependencies-and-lockfile" (pid: 856305, socket: /tmp/plugin823708-133-4865226.527545.sock)
[plugin-client] restarting worker for "nx/core/package-json"
[isolated-plugin] spawned worker for "nx/core/package-json" (pid: 856311, socket: /tmp/plugin823708-134-4865231.974121.sock)
[plugin-client] restarting worker for "nx/core/project-json"
[isolated-plugin] spawned worker for "nx/core/project-json" (pid: 856317, socket: /tmp/plugin823708-135-4865238.18134.sock)
[NX v22.7.2 Daemon Server] - 2026-08-09T20:58:54.374Z - Time taken for 'hash changed files from watcher' 0.25148800015449524ms
[plugin-worker] "@nx/angular/plugin" (pid: 856304) listening on /tmp/plugin823708-132-4865219.760268.sock
[plugin-worker] "nx/js/dependencies-and-lockfile" (pid: 856305) listening on /tmp/plugin823708-133-4865226.527545.sock
Time taken for 'plugin worker 856304 code loading' 69.85048599999999ms
Time taken for 'plugin worker 856305 code loading' 67.45648700000001ms
[isolated-plugin] connected to worker for "@nx/angular/plugin" (pid: 856304)
[isolated-plugin] connected to worker for "nx/js/dependencies-and-lockfile" (pid: 856305)
[NX v22.7.2 Daemon Server] - 2026-08-09T20:58:54.460Z - Time taken for 'start-plugin-worker:@nx/angular/plugin' 110.18467800039798ms
[NX v22.7.2 Daemon Server] - 2026-08-09T20:58:54.460Z - Time taken for 'start-plugin-worker:nx/js/dependencies-and-lockfile' 103.52662000060081ms
[plugin-worker] "nx/js/dependencies-and-lockfile" (pid: 856305) connected
[plugin-worker] "@nx/angular/plugin" (pid: 856304) connected
[plugin-worker] "nx/core/package-json" (pid: 856311) listening on /tmp/plugin823708-134-4865231.974121.sock
Time taken for 'plugin worker 856311 code loading' 68.59315099999999ms
[plugin-worker] "nx/core/project-json" (pid: 856317) listening on /tmp/plugin823708-135-4865238.18134.sock
[isolated-plugin] connected to worker for "nx/core/project-json" (pid: 856317)
[isolated-plugin] connected to worker for "nx/core/package-json" (pid: 856311)
[NX v22.7.2 Daemon Server] - 2026-08-09T20:58:54.470Z - Time taken for 'start-plugin-worker:nx/core/package-json' 108.43167900014669ms
[NX v22.7.2 Daemon Server] - 2026-08-09T20:58:54.471Z - Time taken for 'start-plugin-worker:nx/core/project-json' 101.9635349996388ms
[plugin-worker] "nx/core/project-json" (pid: 856317) connected
[plugin-worker] "nx/core/package-json" (pid: 856311) connected
Time taken for 'plugin worker 856317 code loading' 69.789322ms
[plugin-worker] "nx/js/dependencies-and-lockfile" (pid: 856305) loaded successfully
[plugin-worker] "nx/core/project-json" (pid: 856317) loaded successfully
[plugin-worker] "nx/core/package-json" (pid: 856311) loaded successfully
Time taken for 'nx/js/dependencies-and-lockfile:createNodes' 10.79419999999999ms
[isolated-plugin] shutting down worker for "nx/core/project-json" after createNodes
[isolated-plugin] shutting down worker for "nx/core/package-json" after createNodes
[plugin-worker] "@nx/angular/plugin" (pid: 856304) loaded successfully
[isolated-plugin] shutting down worker for "@nx/angular/plugin" after createNodes
[NX v22.7.2 Daemon Server] - 2026-08-09T20:58:54.550Z - Time taken for 'build-project-configs' 194.0124349994585ms
[NX v22.7.2 Daemon Server] - 2026-08-09T20:58:54.550Z - Time taken for 'createNodes:merge' 0.9634929997846484ms
[NX v22.7.2 Daemon Server] - 2026-08-09T20:58:54.550Z - Time taken for 'get-all-workspace-files' 0.055858999490737915ms
Time taken for 'build typescript dependencies' 3.718118000000004ms
[isolated-plugin] shutting down worker for "nx/js/dependencies-and-lockfile" after createDependencies
[NX v22.7.2 Daemon Server] - 2026-08-09T20:58:54.569Z - [SYNC]: collect registered sync generators
[NX v22.7.2 Daemon Server] - 2026-08-09T20:58:54.569Z - [SYNC]: project graph hash is the same, not collecting task sync generators
[NX v22.7.2 Daemon Server] - 2026-08-09T20:58:54.569Z - [SYNC]: nx.json hash is the same, not collecting global sync generators
[NX v22.7.2 Daemon Server] - 2026-08-09T20:58:54.569Z - Time taken for 'total execution time for createProjectGraph()' 21.406546999700367ms
[NX v22.7.2 Daemon Server] - 2026-08-09T20:58:54.569Z - Time taken for 'createDependencies' 18.76615900080651ms
[NX v22.7.2 Daemon Server] - 2026-08-09T20:58:54.569Z - Time taken for 'nx/js/dependencies-and-lockfile:createDependencies' 18.651703000068665ms
[NX v22.7.2 Daemon Server] - 2026-08-09T20:58:54.569Z - Time taken for 'createMetadata' 0.009477999992668629ms
[NX v22.7.2 Daemon Server] - 2026-08-09T20:58:54.569Z - Time taken for 'serialize graph' 3.4591680001467466ms
[NX v22.7.2 Daemon Server] - 2026-08-09T20:58:54.842Z - [WATCHER]: packages/portal/proxy.conf.json was modified
[NX v22.7.2 Daemon Server] - 2026-08-09T20:58:54.843Z - [WATCHER]: File changes detected:
Created:
(none)
Updated:
  - packages/portal/proxy.conf.json
Deleted:
(none)
[NX v22.7.2 Daemon Server] - 2026-08-09T20:58:54.843Z - [SYNC]: clearing sync generators cache due to file changes
[NX v22.7.2 Daemon Server] - 2026-08-09T20:58:54.843Z - [WATCHER]: Processing file changes in outputs
[NX v22.7.2 Daemon Server] - 2026-08-09T20:58:55.644Z - [REQUEST]: Updated workspace context based on watched changes, recomputing project graph...
[NX v22.7.2 Daemon Server] - 2026-08-09T20:58:55.645Z - [REQUEST]: packages/portal/proxy.conf.json
[NX v22.7.2 Daemon Server] - 2026-08-09T20:58:55.645Z - [REQUEST]: 
[plugin-client] restarting worker for "@nx/angular/plugin"
[isolated-plugin] spawned worker for "@nx/angular/plugin" (pid: 856583, socket: /tmp/plugin823708-136-4866523.834307.sock)
[plugin-client] restarting worker for "nx/js/dependencies-and-lockfile"
[isolated-plugin] spawned worker for "nx/js/dependencies-and-lockfile" (pid: 856584, socket: /tmp/plugin823708-137-4866533.734619.sock)
[plugin-client] restarting worker for "nx/core/package-json"
[isolated-plugin] spawned worker for "nx/core/package-json" (pid: 856590, socket: /tmp/plugin823708-138-4866542.309706.sock)
[plugin-client] restarting worker for "nx/core/project-json"
[isolated-plugin] spawned worker for "nx/core/project-json" (pid: 856598, socket: /tmp/plugin823708-139-4866549.70613.sock)
[NX v22.7.2 Daemon Server] - 2026-08-09T20:58:55.687Z - Time taken for 'hash changed files from watcher' 0.7789550004526973ms
[plugin-worker] "@nx/angular/plugin" (pid: 856583) listening on /tmp/plugin823708-136-4866523.834307.sock
[plugin-worker] "nx/js/dependencies-and-lockfile" (pid: 856584) listening on /tmp/plugin823708-137-4866533.734619.sock
Time taken for 'plugin worker 856583 code loading' 56.170857000000005ms
[plugin-worker] "nx/core/package-json" (pid: 856590) listening on /tmp/plugin823708-138-4866542.309706.sock
Time taken for 'plugin worker 856584 code loading' 58.470078ms
Time taken for 'plugin worker 856590 code loading' 54.460384ms
[isolated-plugin] connected to worker for "@nx/angular/plugin" (pid: 856583)
[isolated-plugin] connected to worker for "nx/js/dependencies-and-lockfile" (pid: 856584)
[NX v22.7.2 Daemon Server] - 2026-08-09T20:58:55.761Z - Time taken for 'start-plugin-worker:@nx/angular/plugin' 107.24715799931437ms
[NX v22.7.2 Daemon Server] - 2026-08-09T20:58:55.761Z - Time taken for 'start-plugin-worker:nx/js/dependencies-and-lockfile' 97.6032260004431ms
[plugin-worker] "nx/js/dependencies-and-lockfile" (pid: 856584) connected
[plugin-worker] "@nx/angular/plugin" (pid: 856583) connected
[isolated-plugin] connected to worker for "nx/core/package-json" (pid: 856590)
[NX v22.7.2 Daemon Server] - 2026-08-09T20:58:55.763Z - Time taken for 'start-plugin-worker:nx/core/package-json' 90.54382599983364ms
[plugin-worker] "nx/core/package-json" (pid: 856590) connected
[plugin-worker] "nx/core/project-json" (pid: 856598) listening on /tmp/plugin823708-139-4866549.70613.sock
Time taken for 'plugin worker 856598 code loading' 57.609660999999996ms
[isolated-plugin] connected to worker for "nx/core/project-json" (pid: 856598)
[NX v22.7.2 Daemon Server] - 2026-08-09T20:58:55.771Z - Time taken for 'start-plugin-worker:nx/core/project-json' 91.11829499993473ms
[plugin-worker] "nx/core/project-json" (pid: 856598) connected
[plugin-worker] "nx/js/dependencies-and-lockfile" (pid: 856584) loaded successfully
[plugin-worker] "nx/core/package-json" (pid: 856590) loaded successfully
[isolated-plugin] shutting down worker for "nx/core/package-json" after createNodes
[plugin-worker] "nx/core/project-json" (pid: 856598) loaded successfully
[isolated-plugin] shutting down worker for "nx/core/project-json" after createNodes
Time taken for 'nx/js/dependencies-and-lockfile:createNodes' 11.279668000000001ms
[plugin-worker] "@nx/angular/plugin" (pid: 856583) loaded successfully
[isolated-plugin] shutting down worker for "@nx/angular/plugin" after createNodes
[NX v22.7.2 Daemon Server] - 2026-08-09T20:58:55.845Z - Time taken for 'build-project-configs' 186.64691700041294ms
[NX v22.7.2 Daemon Server] - 2026-08-09T20:58:55.845Z - Time taken for 'createNodes:merge' 0.7397559992969036ms
[NX v22.7.2 Daemon Server] - 2026-08-09T20:58:55.845Z - Time taken for 'get-all-workspace-files' 0.05785899981856346ms
Time taken for 'build typescript dependencies' 4.256580000000014ms
[isolated-plugin] shutting down worker for "nx/js/dependencies-and-lockfile" after createDependencies
[NX v22.7.2 Daemon Server] - 2026-08-09T20:58:55.864Z - [SYNC]: collect registered sync generators
[NX v22.7.2 Daemon Server] - 2026-08-09T20:58:55.865Z - [SYNC]: project graph hash is the same, not collecting task sync generators
[NX v22.7.2 Daemon Server] - 2026-08-09T20:58:55.865Z - [SYNC]: nx.json hash is the same, not collecting global sync generators
[NX v22.7.2 Daemon Server] - 2026-08-09T20:58:55.865Z - Time taken for 'total execution time for createProjectGraph()' 20.63609299995005ms
[NX v22.7.2 Daemon Server] - 2026-08-09T20:58:55.865Z - Time taken for 'createDependencies' 18.538410999812186ms
[NX v22.7.2 Daemon Server] - 2026-08-09T20:58:55.865Z - Time taken for 'nx/js/dependencies-and-lockfile:createDependencies' 18.38698299974203ms
[NX v22.7.2 Daemon Server] - 2026-08-09T20:58:55.865Z - Time taken for 'createMetadata' 0.00850799959152937ms
[NX v22.7.2 Daemon Server] - 2026-08-09T20:58:55.865Z - Time taken for 'serialize graph' 2.970507999882102ms
[NX v22.7.2 Daemon Server] - 2026-08-09T20:59:09.248Z - [WATCHER]: packages/portal/proxy.conf.json was modified
[NX v22.7.2 Daemon Server] - 2026-08-09T20:59:09.249Z - [WATCHER]: File changes detected:
Created:
(none)
Updated:
  - packages/portal/proxy.conf.json
Deleted:
(none)
[NX v22.7.2 Daemon Server] - 2026-08-09T20:59:09.249Z - [SYNC]: clearing sync generators cache due to file changes
[NX v22.7.2 Daemon Server] - 2026-08-09T20:59:09.249Z - [WATCHER]: Processing file changes in outputs
[NX v22.7.2 Daemon Server] - 2026-08-09T20:59:10.848Z - [REQUEST]: Updated workspace context based on watched changes, recomputing project graph...
[NX v22.7.2 Daemon Server] - 2026-08-09T20:59:10.848Z - [REQUEST]: packages/portal/proxy.conf.json
[NX v22.7.2 Daemon Server] - 2026-08-09T20:59:10.848Z - [REQUEST]: 
[plugin-client] restarting worker for "@nx/angular/plugin"
[isolated-plugin] spawned worker for "@nx/angular/plugin" (pid: 856931, socket: /tmp/plugin823708-140-4881730.792499.sock)
[plugin-client] restarting worker for "nx/js/dependencies-and-lockfile"
[isolated-plugin] spawned worker for "nx/js/dependencies-and-lockfile" (pid: 856932, socket: /tmp/plugin823708-141-4881743.861566.sock)
[plugin-client] restarting worker for "nx/core/package-json"
[isolated-plugin] spawned worker for "nx/core/package-json" (pid: 856938, socket: /tmp/plugin823708-142-4881754.032294.sock)
[plugin-client] restarting worker for "nx/core/project-json"
[isolated-plugin] spawned worker for "nx/core/project-json" (pid: 856944, socket: /tmp/plugin823708-143-4881761.765503.sock)
[NX v22.7.2 Daemon Server] - 2026-08-09T20:59:10.897Z - Time taken for 'hash changed files from watcher' 1.3921950003132224ms
[plugin-worker] "@nx/angular/plugin" (pid: 856931) listening on /tmp/plugin823708-140-4881730.792499.sock
Time taken for 'plugin worker 856931 code loading' 68.30553ms
[isolated-plugin] connected to worker for "@nx/angular/plugin" (pid: 856931)
[NX v22.7.2 Daemon Server] - 2026-08-09T20:59:10.973Z - Time taken for 'start-plugin-worker:@nx/angular/plugin' 115.08338000066578ms
[plugin-worker] "@nx/angular/plugin" (pid: 856931) connected
[plugin-worker] "nx/js/dependencies-and-lockfile" (pid: 856932) listening on /tmp/plugin823708-141-4881743.861566.sock
[plugin-worker] "nx/core/package-json" (pid: 856938) listening on /tmp/plugin823708-142-4881754.032294.sock
Time taken for 'plugin worker 856932 code loading' 71.438137ms
Time taken for 'plugin worker 856938 code loading' 65.927782ms
[isolated-plugin] connected to worker for "nx/js/dependencies-and-lockfile" (pid: 856932)
[isolated-plugin] connected to worker for "nx/core/package-json" (pid: 856938)
[NX v22.7.2 Daemon Server] - 2026-08-09T20:59:10.984Z - Time taken for 'start-plugin-worker:nx/js/dependencies-and-lockfile' 112.90455999970436ms
[NX v22.7.2 Daemon Server] - 2026-08-09T20:59:10.984Z - Time taken for 'start-plugin-worker:nx/core/package-json' 102.9192599998787ms
[plugin-worker] "nx/core/package-json" (pid: 856938) connected
[plugin-worker] "nx/js/dependencies-and-lockfile" (pid: 856932) connected
[plugin-worker] "nx/core/project-json" (pid: 856944) listening on /tmp/plugin823708-143-4881761.765503.sock
Time taken for 'plugin worker 856944 code loading' 71.748429ms
[isolated-plugin] connected to worker for "nx/core/project-json" (pid: 856944)
[NX v22.7.2 Daemon Server] - 2026-08-09T20:59:11.006Z - Time taken for 'start-plugin-worker:nx/core/project-json' 116.99897400010377ms
[plugin-worker] "nx/core/project-json" (pid: 856944) connected
[plugin-worker] "nx/core/package-json" (pid: 856938) loaded successfully
[plugin-worker] "nx/js/dependencies-and-lockfile" (pid: 856932) loaded successfully
[isolated-plugin] shutting down worker for "nx/core/package-json" after createNodes
Time taken for 'nx/js/dependencies-and-lockfile:createNodes' 10.503914000000009ms
[plugin-worker] "nx/core/project-json" (pid: 856944) loaded successfully
[isolated-plugin] shutting down worker for "nx/core/project-json" after createNodes
[plugin-worker] "@nx/angular/plugin" (pid: 856931) loaded successfully
[isolated-plugin] shutting down worker for "@nx/angular/plugin" after createNodes
[NX v22.7.2 Daemon Server] - 2026-08-09T20:59:11.076Z - Time taken for 'build-project-configs' 212.20356099959463ms
[NX v22.7.2 Daemon Server] - 2026-08-09T20:59:11.076Z - Time taken for 'createNodes:merge' 1.1206620000302792ms
[NX v22.7.2 Daemon Server] - 2026-08-09T20:59:11.076Z - Time taken for 'get-all-workspace-files' 0.08205800037831068ms
Time taken for 'build typescript dependencies' 4.651838999999995ms
[isolated-plugin] shutting down worker for "nx/js/dependencies-and-lockfile" after createDependencies
[NX v22.7.2 Daemon Server] - 2026-08-09T20:59:11.097Z - [SYNC]: collect registered sync generators
[NX v22.7.2 Daemon Server] - 2026-08-09T20:59:11.097Z - [SYNC]: project graph hash is the same, not collecting task sync generators
[NX v22.7.2 Daemon Server] - 2026-08-09T20:59:11.097Z - [SYNC]: nx.json hash is the same, not collecting global sync generators
[NX v22.7.2 Daemon Server] - 2026-08-09T20:59:11.097Z - Time taken for 'total execution time for createProjectGraph()' 22.206894000060856ms
[NX v22.7.2 Daemon Server] - 2026-08-09T20:59:11.097Z - Time taken for 'createDependencies' 19.124254000373185ms
[NX v22.7.2 Daemon Server] - 2026-08-09T20:59:11.097Z - Time taken for 'nx/js/dependencies-and-lockfile:createDependencies' 19.011309999972582ms
[NX v22.7.2 Daemon Server] - 2026-08-09T20:59:11.097Z - Time taken for 'createMetadata' 0.00911100022494793ms
[NX v22.7.2 Daemon Server] - 2026-08-09T20:59:11.097Z - Time taken for 'serialize graph' 3.882667999714613ms
[NX v22.7.2 Daemon Server] - 2026-08-09T20:59:20.380Z - [WATCHER]: packages/portal/src/app/core/services/domain.ts was modified
[NX v22.7.2 Daemon Server] - 2026-08-09T20:59:20.380Z - [WATCHER]: File changes detected:
Created:
(none)
Updated:
  - packages/portal/src/app/core/services/domain.ts
Deleted:
(none)
[NX v22.7.2 Daemon Server] - 2026-08-09T20:59:20.380Z - [SYNC]: clearing sync generators cache due to file changes
[NX v22.7.2 Daemon Server] - 2026-08-09T20:59:20.380Z - [WATCHER]: Processing file changes in outputs
[NX v22.7.2 Daemon Server] - 2026-08-09T20:59:23.581Z - [REQUEST]: Updated workspace context based on watched changes, recomputing project graph...
[NX v22.7.2 Daemon Server] - 2026-08-09T20:59:23.581Z - [REQUEST]: packages/portal/src/app/core/services/domain.ts
[NX v22.7.2 Daemon Server] - 2026-08-09T20:59:23.581Z - [REQUEST]: 
[plugin-client] restarting worker for "@nx/angular/plugin"
[isolated-plugin] spawned worker for "@nx/angular/plugin" (pid: 857273, socket: /tmp/plugin823708-144-4894461.853221.sock)
[plugin-client] restarting worker for "nx/js/dependencies-and-lockfile"
[isolated-plugin] spawned worker for "nx/js/dependencies-and-lockfile" (pid: 857274, socket: /tmp/plugin823708-145-4894471.104669.sock)
[plugin-client] restarting worker for "nx/core/package-json"
[isolated-plugin] spawned worker for "nx/core/package-json" (pid: 857280, socket: /tmp/plugin823708-146-4894480.248114.sock)
[plugin-client] restarting worker for "nx/core/project-json"
[isolated-plugin] spawned worker for "nx/core/project-json" (pid: 857287, socket: /tmp/plugin823708-147-4894487.630396.sock)
[NX v22.7.2 Daemon Server] - 2026-08-09T20:59:23.621Z - Time taken for 'hash changed files from watcher' 0.4609539993107319ms
[plugin-worker] "@nx/angular/plugin" (pid: 857273) listening on /tmp/plugin823708-144-4894461.853221.sock
Time taken for 'plugin worker 857273 code loading' 66.96611ms
[isolated-plugin] connected to worker for "@nx/angular/plugin" (pid: 857273)
[NX v22.7.2 Daemon Server] - 2026-08-09T20:59:23.695Z - Time taken for 'start-plugin-worker:@nx/angular/plugin' 106.08672400005162ms
[plugin-worker] "@nx/angular/plugin" (pid: 857273) connected
[plugin-worker] "nx/js/dependencies-and-lockfile" (pid: 857274) listening on /tmp/plugin823708-145-4894471.104669.sock
Time taken for 'plugin worker 857274 code loading' 62.016672ms
[isolated-plugin] connected to worker for "nx/js/dependencies-and-lockfile" (pid: 857274)
[NX v22.7.2 Daemon Server] - 2026-08-09T20:59:23.706Z - Time taken for 'start-plugin-worker:nx/js/dependencies-and-lockfile' 107.2406000001356ms
[plugin-worker] "nx/core/package-json" (pid: 857280) listening on /tmp/plugin823708-146-4894480.248114.sock
[plugin-worker] "nx/js/dependencies-and-lockfile" (pid: 857274) connected
Time taken for 'plugin worker 857280 code loading' 61.684021ms
[isolated-plugin] connected to worker for "nx/core/package-json" (pid: 857280)
[NX v22.7.2 Daemon Server] - 2026-08-09T20:59:23.710Z - Time taken for 'start-plugin-worker:nx/core/package-json' 102.04948499985039ms
[plugin-worker] "nx/core/package-json" (pid: 857280) connected
[plugin-worker] "nx/core/project-json" (pid: 857287) listening on /tmp/plugin823708-147-4894487.630396.sock
Time taken for 'plugin worker 857287 code loading' 62.81860400000001ms
[isolated-plugin] connected to worker for "nx/core/project-json" (pid: 857287)
[NX v22.7.2 Daemon Server] - 2026-08-09T20:59:23.714Z - Time taken for 'start-plugin-worker:nx/core/project-json' 98.57985500060022ms
[plugin-worker] "nx/core/project-json" (pid: 857287) connected
[plugin-worker] "nx/js/dependencies-and-lockfile" (pid: 857274) loaded successfully
[plugin-worker] "nx/core/package-json" (pid: 857280) loaded successfully
[plugin-worker] "nx/core/project-json" (pid: 857287) loaded successfully
[isolated-plugin] shutting down worker for "nx/core/project-json" after createNodes
[isolated-plugin] shutting down worker for "nx/core/package-json" after createNodes
Time taken for 'nx/js/dependencies-and-lockfile:createNodes' 11.932876000000007ms
[plugin-worker] "@nx/angular/plugin" (pid: 857273) loaded successfully
[isolated-plugin] shutting down worker for "@nx/angular/plugin" after createNodes
[NX v22.7.2 Daemon Server] - 2026-08-09T20:59:23.778Z - Time taken for 'build-project-configs' 183.90683900006115ms
[NX v22.7.2 Daemon Server] - 2026-08-09T20:59:23.778Z - Time taken for 'createNodes:merge' 0.8548750001937151ms
[NX v22.7.2 Daemon Server] - 2026-08-09T20:59:23.778Z - Time taken for 'get-all-workspace-files' 0.05225700046867132ms
Time taken for 'build typescript dependencies' 0.15845200000001114ms
[isolated-plugin] shutting down worker for "nx/js/dependencies-and-lockfile" after createDependencies
[NX v22.7.2 Daemon Server] - 2026-08-09T20:59:23.793Z - [SYNC]: collect registered sync generators
[NX v22.7.2 Daemon Server] - 2026-08-09T20:59:23.794Z - [SYNC]: project graph hash is the same, not collecting task sync generators
[NX v22.7.2 Daemon Server] - 2026-08-09T20:59:23.794Z - [SYNC]: nx.json hash is the same, not collecting global sync generators
[NX v22.7.2 Daemon Server] - 2026-08-09T20:59:23.794Z - Time taken for 'total execution time for createProjectGraph()' 16.815689000301063ms
[NX v22.7.2 Daemon Server] - 2026-08-09T20:59:23.794Z - Time taken for 'createDependencies' 14.269473999738693ms
[NX v22.7.2 Daemon Server] - 2026-08-09T20:59:23.794Z - Time taken for 'nx/js/dependencies-and-lockfile:createDependencies' 14.163165000267327ms
[NX v22.7.2 Daemon Server] - 2026-08-09T20:59:23.794Z - Time taken for 'createMetadata' 0.007828000001609325ms
[NX v22.7.2 Daemon Server] - 2026-08-09T20:59:23.794Z - Time taken for 'serialize graph' 3.392115999944508ms
[NX v22.7.2 Daemon Server] - 2026-08-09T20:59:51.064Z - [WATCHER]: Processing file changes in outputs
[NX v22.7.2 Daemon Server] - 2026-08-09T20:59:51.064Z - [WATCHER]: packages/shared/package.json was modified
[NX v22.7.2 Daemon Server] - 2026-08-09T20:59:51.064Z - [WATCHER]: File changes detected:
Created:
(none)
Updated:
  - packages/shared/package.json
Deleted:
(none)
[NX v22.7.2 Daemon Server] - 2026-08-09T20:59:51.064Z - [SYNC]: clearing sync generators cache due to file changes
[NX v22.7.2 Daemon Server] - 2026-08-09T20:59:56.997Z - Established a connection. Number of open connections: 1
[NX v22.7.2 Daemon Server] - 2026-08-09T20:59:56.998Z - Closed a connection. Number of open connections: 0
[NX v22.7.2 Daemon Server] - 2026-08-09T20:59:56.999Z - Established a connection. Number of open connections: 1
[NX v22.7.2 Daemon Server] - 2026-08-09T20:59:57.001Z - Closed a connection. Number of open connections: 0
[NX v22.7.2 Daemon Server] - 2026-08-09T20:59:57.001Z - Established a connection. Number of open connections: 1
[NX v22.7.2 Daemon Client] - 2026-08-09T20:59:57.001Z - [Messenger] Setting up socket listeners
[NX v22.7.2 Daemon Client] - 2026-08-09T20:59:57.001Z - [Messenger] listen() complete
[NX v22.7.2 Daemon Client] - 2026-08-09T20:59:57.122Z - [Messenger] Sending message type: GET_NX_CONSOLE_STATUS
[NX v22.7.2 Daemon Client] - 2026-08-09T20:59:57.123Z - [Messenger] Message sent
[NX v22.7.2 Daemon Server] - 2026-08-09T20:59:57.128Z - Received raw message of length 5208
[NX v22.7.2 Daemon Server] - 2026-08-09T20:59:57.128Z - Received json message of type GET_NX_CONSOLE_STATUS
[NX v22.7.2 Daemon Server] - 2026-08-09T20:59:57.128Z - Refreshing env var ATUIN_HISTORY_ID from client connection.
[NX v22.7.2 Daemon Server] - 2026-08-09T20:59:57.128Z - Graph recompute necessary due to env variable refresh
[NX v22.7.2 Daemon Server] - 2026-08-09T20:59:57.128Z - Serializing response for GET_NX_CONSOLE_STATUS message in json mode
[NX v22.7.2 Daemon Server] - 2026-08-09T20:59:57.128Z - Responding to GET_NX_CONSOLE_STATUS message
[NX v22.7.2 Daemon Server] - 2026-08-09T20:59:57.128Z - [REQUEST]: Responding to the client. handleGetNxConsoleStatus
[NX v22.7.2 Daemon Server] - 2026-08-09T20:59:57.128Z - Done responding to the client handleGetNxConsoleStatus
[NX v22.7.2 Daemon Server] - 2026-08-09T20:59:57.128Z - Handled json message GET_NX_CONSOLE_STATUS. Handling time: 0. Response time: 0.
[NX v22.7.2 Daemon Client] - 2026-08-09T20:59:57.129Z - [Messenger] Received message, length: 22
[NX v22.7.2 Daemon Client] - 2026-08-09T20:59:57.169Z - [Messenger] Sending message type: REQUEST_PROJECT_GRAPH
[NX v22.7.2 Daemon Client] - 2026-08-09T20:59:57.169Z - [Messenger] Message sent
[NX v22.7.2 Daemon Server] - 2026-08-09T20:59:57.169Z - Received raw message of length 32
[NX v22.7.2 Daemon Server] - 2026-08-09T20:59:57.169Z - Received json message of type REQUEST_PROJECT_GRAPH
[NX v22.7.2 Daemon Server] - 2026-08-09T20:59:57.169Z - [REQUEST]: Client Request for Project Graph Received
[NX v22.7.2 Daemon Server] - 2026-08-09T20:59:57.170Z - Recomputing project graph because of 1 updated and 0 deleted files.
[NX v22.7.2 Daemon Server] - 2026-08-09T20:59:57.170Z - [REQUEST]: Updated workspace context based on watched changes, recomputing project graph...
[NX v22.7.2 Daemon Server] - 2026-08-09T20:59:57.170Z - [REQUEST]: packages/shared/package.json
[NX v22.7.2 Daemon Server] - 2026-08-09T20:59:57.170Z - [REQUEST]: 
[NX v22.7.2 Daemon Server] - 2026-08-09T20:59:57.179Z - Streaming message to client: progress update for topic graph-construction
[plugin-client] restarting worker for "@nx/angular/plugin"
[NX v22.7.2 Daemon Client] - 2026-08-09T20:59:57.180Z - [Messenger] Received message, length: 47
[isolated-plugin] spawned worker for "@nx/angular/plugin" (pid: 857789, socket: /tmp/plugin823708-148-4928054.214698.sock)
[plugin-client] restarting worker for "nx/js/dependencies-and-lockfile"
[isolated-plugin] spawned worker for "nx/js/dependencies-and-lockfile" (pid: 857790, socket: /tmp/plugin823708-149-4928060.994403.sock)
[plugin-client] restarting worker for "nx/core/package-json"
[isolated-plugin] spawned worker for "nx/core/package-json" (pid: 857796, socket: /tmp/plugin823708-150-4928066.92083.sock)
[plugin-client] restarting worker for "nx/core/project-json"
[isolated-plugin] spawned worker for "nx/core/project-json" (pid: 857802, socket: /tmp/plugin823708-151-4928073.197722.sock)
[NX v22.7.2 Daemon Server] - 2026-08-09T20:59:57.205Z - Time taken for 'hash changed files from watcher' 0.23896099999547005ms
[plugin-worker] "@nx/angular/plugin" (pid: 857789) listening on /tmp/plugin823708-148-4928054.214698.sock
Time taken for 'plugin worker 857789 code loading' 59.54380999999999ms
[plugin-worker] "nx/js/dependencies-and-lockfile" (pid: 857790) listening on /tmp/plugin823708-149-4928060.994403.sock
Time taken for 'plugin worker 857790 code loading' 60.432302ms
[isolated-plugin] connected to worker for "@nx/angular/plugin" (pid: 857789)
[isolated-plugin] connected to worker for "nx/js/dependencies-and-lockfile" (pid: 857790)
[NX v22.7.2 Daemon Server] - 2026-08-09T20:59:57.282Z - Time taken for 'start-plugin-worker:@nx/angular/plugin' 102.19042100012302ms
[NX v22.7.2 Daemon Server] - 2026-08-09T20:59:57.282Z - Time taken for 'start-plugin-worker:nx/js/dependencies-and-lockfile' 95.59765699971467ms
[plugin-worker] "@nx/angular/plugin" (pid: 857789) connected
[plugin-worker] "nx/js/dependencies-and-lockfile" (pid: 857790) connected
[plugin-worker] "nx/core/project-json" (pid: 857802) listening on /tmp/plugin823708-151-4928073.197722.sock
Time taken for 'plugin worker 857802 code loading' 56.025122999999994ms
[plugin-worker] "nx/core/package-json" (pid: 857796) listening on /tmp/plugin823708-150-4928066.92083.sock
Time taken for 'plugin worker 857796 code loading' 65.322449ms
[isolated-plugin] connected to worker for "nx/core/package-json" (pid: 857796)
[NX v22.7.2 Daemon Server] - 2026-08-09T20:59:57.293Z - Time taken for 'start-plugin-worker:nx/core/package-json' 100.29664800036699ms
[plugin-worker] "nx/core/package-json" (pid: 857796) connected
[isolated-plugin] connected to worker for "nx/core/project-json" (pid: 857802)
[NX v22.7.2 Daemon Server] - 2026-08-09T20:59:57.298Z - Time taken for 'start-plugin-worker:nx/core/project-json' 99.17841500043869ms
[plugin-worker] "nx/core/project-json" (pid: 857802) connected
[plugin-worker] "nx/js/dependencies-and-lockfile" (pid: 857790) loaded successfully
[plugin-worker] "nx/core/package-json" (pid: 857796) loaded successfully
Time taken for 'nx/js/dependencies-and-lockfile:createNodes' 12.200929000000002ms
[NX v22.7.2 Daemon Server] - 2026-08-09T20:59:57.324Z - Streaming message to client: progress update for topic graph-construction
[NX v22.7.2 Daemon Client] - 2026-08-09T20:59:57.325Z - [Messenger] Received message, length: 166
[plugin-worker] "nx/core/project-json" (pid: 857802) loaded successfully
[isolated-plugin] shutting down worker for "nx/core/package-json" after createNodes
[NX v22.7.2 Daemon Server] - 2026-08-09T20:59:57.326Z - Streaming message to client: progress update for topic graph-construction
[NX v22.7.2 Daemon Client] - 2026-08-09T20:59:57.327Z - [Messenger] Received message, length: 140
[isolated-plugin] shutting down worker for "nx/core/project-json" after createNodes
[NX v22.7.2 Daemon Server] - 2026-08-09T20:59:57.329Z - Streaming message to client: progress update for topic graph-construction
[NX v22.7.2 Daemon Client] - 2026-08-09T20:59:57.329Z - [Messenger] Received message, length: 99
[plugin-worker] "@nx/angular/plugin" (pid: 857789) loaded successfully
[isolated-plugin] shutting down worker for "@nx/angular/plugin" after createNodes
[NX v22.7.2 Daemon Server] - 2026-08-09T20:59:57.363Z - Streaming message to client: progress update for topic graph-construction
[NX v22.7.2 Daemon Client] - 2026-08-09T20:59:57.364Z - [Messenger] Received message, length: 47
[NX v22.7.2 Daemon Server] - 2026-08-09T20:59:57.368Z - Streaming message to client: progress update for topic graph-construction
[NX v22.7.2 Daemon Client] - 2026-08-09T20:59:57.368Z - [Messenger] Received message, length: 47
[NX v22.7.2 Daemon Server] - 2026-08-09T20:59:57.371Z - Time taken for 'build-project-configs' 185.5679360004142ms
[NX v22.7.2 Daemon Server] - 2026-08-09T20:59:57.371Z - Time taken for 'createNodes:merge' 0.9506600005552173ms
[NX v22.7.2 Daemon Server] - 2026-08-09T20:59:57.371Z - Time taken for 'get-all-workspace-files' 0.06445400044322014ms
Time taken for 'build typescript dependencies' 5.322904999999992ms
[isolated-plugin] shutting down worker for "nx/js/dependencies-and-lockfile" after createDependencies
[NX v22.7.2 Daemon Server] - 2026-08-09T20:59:57.388Z - Streaming message to client: progress update for topic graph-construction
[NX v22.7.2 Daemon Client] - 2026-08-09T20:59:57.388Z - [Messenger] Received message, length: 47
[NX v22.7.2 Daemon Server] - 2026-08-09T20:59:57.394Z - [SYNC]: collect registered sync generators
[NX v22.7.2 Daemon Server] - 2026-08-09T20:59:57.394Z - [SYNC]: project graph hash is the same, not collecting task sync generators
[NX v22.7.2 Daemon Server] - 2026-08-09T20:59:57.394Z - [SYNC]: nx.json hash is the same, not collecting global sync generators
[NX v22.7.2 Daemon Server] - 2026-08-09T20:59:57.402Z - Wrote project graph cache to /home/m/integrations/onboarded/.nx/workspace-data/project-graph.json
[NX v22.7.2 Daemon Server] - 2026-08-09T20:59:57.403Z - Serializing response for REQUEST_PROJECT_GRAPH message in json mode
[NX v22.7.2 Daemon Server] - 2026-08-09T20:59:57.403Z - Responding to REQUEST_PROJECT_GRAPH message
[NX v22.7.2 Daemon Server] - 2026-08-09T20:59:57.403Z - [REQUEST]: Responding to the client. project-graph
[NX v22.7.2 Daemon Server] - 2026-08-09T20:59:57.405Z - Time taken for 'total for creating and serializing project graph' 233.10736999940127ms
[NX v22.7.2 Daemon Server] - 2026-08-09T20:59:57.405Z - Time taken for 'total execution time for createProjectGraph()' 25.13291500043124ms
[NX v22.7.2 Daemon Server] - 2026-08-09T20:59:57.405Z - Time taken for 'createDependencies' 22.68408999964595ms
[NX v22.7.2 Daemon Server] - 2026-08-09T20:59:57.405Z - Time taken for 'nx/js/dependencies-and-lockfile:createDependencies' 22.34715500008315ms
[NX v22.7.2 Daemon Server] - 2026-08-09T20:59:57.405Z - Time taken for 'createMetadata' 0.0071470001712441444ms
[NX v22.7.2 Daemon Server] - 2026-08-09T20:59:57.405Z - Time taken for 'serialize graph' 3.0980340000241995ms
[NX v22.7.2 Daemon Server] - 2026-08-09T20:59:57.405Z - Time taken for 'write cache' 7.649730999954045ms
[NX v22.7.2 Daemon Server] - 2026-08-09T20:59:57.407Z - Done responding to the client project-graph
[NX v22.7.2 Daemon Server] - 2026-08-09T20:59:57.407Z - Handled json message REQUEST_PROJECT_GRAPH. Handling time: 234. Response time: 4.
[NX v22.7.2 Daemon Client] - 2026-08-09T20:59:57.408Z - [Messenger] Received message, length: 682184
[NX v22.7.2 Daemon Client] - 2026-08-09T20:59:57.413Z - [Messenger] Sending message type: PRE_TASKS_EXECUTION
[NX v22.7.2 Daemon Client] - 2026-08-09T20:59:57.414Z - [Messenger] Message sent
[NX v22.7.2 Daemon Server] - 2026-08-09T20:59:57.414Z - Received raw message of length 856
[NX v22.7.2 Daemon Server] - 2026-08-09T20:59:57.414Z - Received json message of type PRE_TASKS_EXECUTION
[NX v22.7.2 Daemon Server] - 2026-08-09T20:59:57.414Z - Serializing response for PRE_TASKS_EXECUTION message in json mode
[NX v22.7.2 Daemon Server] - 2026-08-09T20:59:57.414Z - Responding to PRE_TASKS_EXECUTION message
[NX v22.7.2 Daemon Server] - 2026-08-09T20:59:57.414Z - [REQUEST]: Responding to the client. handleRunPreTasksExecution
[NX v22.7.2 Daemon Server] - 2026-08-09T20:59:57.414Z - Done responding to the client handleRunPreTasksExecution
[NX v22.7.2 Daemon Server] - 2026-08-09T20:59:57.414Z - Handled json message PRE_TASKS_EXECUTION. Handling time: 0. Response time: 0.
[NX v22.7.2 Daemon Server] - 2026-08-09T20:59:57.414Z - Time taken for 'preTasksExecution' 0.22290900070220232ms
[NX v22.7.2 Daemon Client] - 2026-08-09T20:59:57.478Z - [Messenger] Received message, length: 2
[NX v22.7.2 Daemon Client] - 2026-08-09T20:59:57.489Z - [Messenger] Sending message type: HASH_TASKS
[NX v22.7.2 Daemon Client] - 2026-08-09T20:59:57.489Z - [Messenger] Message sent
[NX v22.7.2 Daemon Server] - 2026-08-09T20:59:57.489Z - Received raw message of length 6459
[NX v22.7.2 Daemon Server] - 2026-08-09T20:59:57.490Z - Received json message of type HASH_TASKS
[NX v22.7.2 Daemon Server] - 2026-08-09T20:59:57.490Z - Reusing in-memory cached project graph because no files changed.
DEBUG nx::native::tasks::hash_planner: get_plans_internal COMPLETED in 2.172725ms - processed 1 tasks (setup: 2.129678ms, parallel_planning: 36.919µs)
DEBUG nx::native::tasks::hashers::hash_workspace_files: Hashing workspace fileset with inputs: Adding "4361406078602606092" (".gitignore") to hash
DEBUG nx::native::tasks::hashers::hash_workspace_files: Hashing workspace fileset with inputs: Adding "11044632387527613089" ("nx.json") to hash
DEBUG nx::native::tasks::hashers::hash_workspace_files: Hashing workspace fileset with inputs: Hash Value: "7055248756632866157"
DEBUG nx::native::tasks::task_hasher: hash_plans COMPLETED in 1.363768ms - processed 1 plans (setup: 192.247µs, hashing: 1.170449ms, assembly: 22.968µs)
[NX v22.7.2 Daemon Server] - 2026-08-09T20:59:57.499Z - Serializing response for HASH_TASKS message in json mode
[NX v22.7.2 Daemon Server] - 2026-08-09T20:59:57.499Z - Responding to HASH_TASKS message
[NX v22.7.2 Daemon Server] - 2026-08-09T20:59:57.499Z - [REQUEST]: Responding to the client. handleHashTasks
[NX v22.7.2 Daemon Server] - 2026-08-09T20:59:57.499Z - Done responding to the client handleHashTasks
[NX v22.7.2 Daemon Server] - 2026-08-09T20:59:57.499Z - Handled json message HASH_TASKS. Handling time: 9. Response time: 0.
[NX v22.7.2 Daemon Client] - 2026-08-09T20:59:57.499Z - [Messenger] Received message, length: 593
[NX v22.7.2 Daemon Client] - 2026-08-09T20:59:57.519Z - [Messenger] Sending message type: GET_ESTIMATED_TASK_TIMINGS
[NX v22.7.2 Daemon Client] - 2026-08-09T20:59:57.519Z - [Messenger] Message sent
[NX v22.7.2 Daemon Server] - 2026-08-09T20:59:57.520Z - Received raw message of length 102
[NX v22.7.2 Daemon Server] - 2026-08-09T20:59:57.520Z - Received json message of type GET_ESTIMATED_TASK_TIMINGS
[NX v22.7.2 Daemon Server] - 2026-08-09T20:59:57.520Z - Serializing response for GET_ESTIMATED_TASK_TIMINGS message in json mode
[NX v22.7.2 Daemon Server] - 2026-08-09T20:59:57.520Z - Responding to GET_ESTIMATED_TASK_TIMINGS message
[NX v22.7.2 Daemon Server] - 2026-08-09T20:59:57.520Z - [REQUEST]: Responding to the client. handleGetEstimatedTaskTimings
[NX v22.7.2 Daemon Server] - 2026-08-09T20:59:57.520Z - Done responding to the client handleGetEstimatedTaskTimings
[NX v22.7.2 Daemon Server] - 2026-08-09T20:59:57.520Z - Handled json message GET_ESTIMATED_TASK_TIMINGS. Handling time: 0. Response time: 0.
[NX v22.7.2 Daemon Client] - 2026-08-09T20:59:57.521Z - [Messenger] Received message, length: 36
[NX v22.7.2 Daemon Client] - 2026-08-09T21:00:01.132Z - [Messenger] Sending message type: RECORD_TASK_RUNS
[NX v22.7.2 Daemon Client] - 2026-08-09T21:00:01.133Z - [Messenger] Message sent
[NX v22.7.2 Daemon Server] - 2026-08-09T21:00:01.133Z - Received raw message of length 221
[NX v22.7.2 Daemon Server] - 2026-08-09T21:00:01.133Z - Received json message of type RECORD_TASK_RUNS
[NX v22.7.2 Daemon Server] - 2026-08-09T21:00:01.136Z - Serializing response for RECORD_TASK_RUNS message in json mode
[NX v22.7.2 Daemon Server] - 2026-08-09T21:00:01.136Z - Responding to RECORD_TASK_RUNS message
[NX v22.7.2 Daemon Server] - 2026-08-09T21:00:01.136Z - [REQUEST]: Responding to the client. handleRecordTaskRuns
[NX v22.7.2 Daemon Server] - 2026-08-09T21:00:01.137Z - Done responding to the client handleRecordTaskRuns
[NX v22.7.2 Daemon Server] - 2026-08-09T21:00:01.137Z - Handled json message RECORD_TASK_RUNS. Handling time: 3. Response time: 1.
[NX v22.7.2 Daemon Client] - 2026-08-09T21:00:01.137Z - [Messenger] Received message, length: 4
[NX v22.7.2 Daemon Client] - 2026-08-09T21:00:01.137Z - [Messenger] Sending message type: GET_FLAKY_TASKS
[NX v22.7.2 Daemon Client] - 2026-08-09T21:00:01.138Z - [Messenger] Message sent
[NX v22.7.2 Daemon Server] - 2026-08-09T21:00:01.138Z - Received raw message of length 60
[NX v22.7.2 Daemon Server] - 2026-08-09T21:00:01.138Z - Received json message of type GET_FLAKY_TASKS
[NX v22.7.2 Daemon Server] - 2026-08-09T21:00:01.138Z - Serializing response for GET_FLAKY_TASKS message in json mode
[NX v22.7.2 Daemon Server] - 2026-08-09T21:00:01.138Z - Responding to GET_FLAKY_TASKS message
[NX v22.7.2 Daemon Server] - 2026-08-09T21:00:01.138Z - [REQUEST]: Responding to the client. handleGetFlakyTasks
[NX v22.7.2 Daemon Server] - 2026-08-09T21:00:01.138Z - Done responding to the client handleGetFlakyTasks
[NX v22.7.2 Daemon Server] - 2026-08-09T21:00:01.138Z - Handled json message GET_FLAKY_TASKS. Handling time: 0. Response time: 0.
[NX v22.7.2 Daemon Client] - 2026-08-09T21:00:01.138Z - [Messenger] Received message, length: 2
[NX v22.7.2 Daemon Server] - 2026-08-09T21:00:01.139Z - Established a connection. Number of open connections: 2
[NX v22.7.2 Daemon Client] - 2026-08-09T21:00:01.139Z - [Messenger] Sending message type: GET_CONFIGURE_AI_AGENTS_STATUS
[NX v22.7.2 Daemon Client] - 2026-08-09T21:00:01.139Z - [Messenger] Message sent
[NX v22.7.2 Daemon Server] - 2026-08-09T21:00:01.139Z - Closed a connection. Number of open connections: 1
[NX v22.7.2 Daemon Server] - 2026-08-09T21:00:01.139Z - Received raw message of length 41
[NX v22.7.2 Daemon Server] - 2026-08-09T21:00:01.139Z - Received json message of type GET_CONFIGURE_AI_AGENTS_STATUS
[NX v22.7.2 Daemon Server] - 2026-08-09T21:00:01.139Z - [AI-AGENTS]: Returning cached agent configuration status
[NX v22.7.2 Daemon Server] - 2026-08-09T21:00:01.139Z - Serializing response for GET_CONFIGURE_AI_AGENTS_STATUS message in json mode
[NX v22.7.2 Daemon Server] - 2026-08-09T21:00:01.139Z - Responding to GET_CONFIGURE_AI_AGENTS_STATUS message
[NX v22.7.2 Daemon Server] - 2026-08-09T21:00:01.139Z - [REQUEST]: Responding to the client. handleGetConfigureAiAgentsStatus
[NX v22.7.2 Daemon Server] - 2026-08-09T21:00:01.139Z - Done responding to the client handleGetConfigureAiAgentsStatus
[NX v22.7.2 Daemon Server] - 2026-08-09T21:00:01.139Z - Handled json message GET_CONFIGURE_AI_AGENTS_STATUS. Handling time: 0. Response time: 0.
[NX v22.7.2 Daemon Client] - 2026-08-09T21:00:01.140Z - [Messenger] Received message, length: 104
[NX v22.7.2 Daemon Client] - 2026-08-09T21:00:01.140Z - [Messenger] Sending message type: POST_TASKS_EXECUTION
[NX v22.7.2 Daemon Client] - 2026-08-09T21:00:01.140Z - [Messenger] Message sent
[NX v22.7.2 Daemon Server] - 2026-08-09T21:00:01.140Z - Received raw message of length 1861
[NX v22.7.2 Daemon Server] - 2026-08-09T21:00:01.140Z - Received json message of type POST_TASKS_EXECUTION
[NX v22.7.2 Daemon Server] - 2026-08-09T21:00:01.141Z - Serializing response for POST_TASKS_EXECUTION message in json mode
[NX v22.7.2 Daemon Server] - 2026-08-09T21:00:01.141Z - Responding to POST_TASKS_EXECUTION message
[NX v22.7.2 Daemon Server] - 2026-08-09T21:00:01.141Z - [REQUEST]: Responding to the client. handleRunPostTasksExecution
[NX v22.7.2 Daemon Server] - 2026-08-09T21:00:01.141Z - Done responding to the client handleRunPostTasksExecution
[NX v22.7.2 Daemon Server] - 2026-08-09T21:00:01.141Z - Handled json message POST_TASKS_EXECUTION. Handling time: 0. Response time: 0.
[NX v22.7.2 Daemon Server] - 2026-08-09T21:00:01.141Z - Time taken for 'postTasksExecution' 0.17756900005042553ms
[NX v22.7.2 Daemon Client] - 2026-08-09T21:00:01.141Z - [Messenger] Received message, length: 4
[NX v22.7.2 Daemon Server] - 2026-08-09T21:00:01.183Z - Closed a connection. Number of open connections: 0
[NX v22.7.2 Daemon Server] - 2026-08-09T21:00:14.159Z - Established a connection. Number of open connections: 1
[NX v22.7.2 Daemon Server] - 2026-08-09T21:00:14.160Z - Closed a connection. Number of open connections: 0
[NX v22.7.2 Daemon Server] - 2026-08-09T21:00:14.161Z - Established a connection. Number of open connections: 1
[NX v22.7.2 Daemon Server] - 2026-08-09T21:00:14.162Z - Closed a connection. Number of open connections: 0
[NX v22.7.2 Daemon Server] - 2026-08-09T21:00:14.162Z - Established a connection. Number of open connections: 1
[NX v22.7.2 Daemon Client] - 2026-08-09T21:00:14.162Z - [Messenger] Setting up socket listeners
[NX v22.7.2 Daemon Client] - 2026-08-09T21:00:14.163Z - [Messenger] listen() complete
[NX v22.7.2 Daemon Client] - 2026-08-09T21:00:14.259Z - [Messenger] Sending message type: GET_NX_CONSOLE_STATUS
[NX v22.7.2 Daemon Client] - 2026-08-09T21:00:14.260Z - [Messenger] Message sent
[NX v22.7.2 Daemon Server] - 2026-08-09T21:00:14.261Z - Received raw message of length 5208
[NX v22.7.2 Daemon Server] - 2026-08-09T21:00:14.261Z - Received json message of type GET_NX_CONSOLE_STATUS
[NX v22.7.2 Daemon Server] - 2026-08-09T21:00:14.261Z - Refreshing env var ATUIN_HISTORY_ID from client connection.
[NX v22.7.2 Daemon Server] - 2026-08-09T21:00:14.261Z - Graph recompute necessary due to env variable refresh
[NX v22.7.2 Daemon Server] - 2026-08-09T21:00:14.262Z - Serializing response for GET_NX_CONSOLE_STATUS message in json mode
[NX v22.7.2 Daemon Server] - 2026-08-09T21:00:14.262Z - Responding to GET_NX_CONSOLE_STATUS message
[NX v22.7.2 Daemon Server] - 2026-08-09T21:00:14.262Z - [REQUEST]: Responding to the client. handleGetNxConsoleStatus
[NX v22.7.2 Daemon Server] - 2026-08-09T21:00:14.262Z - Done responding to the client handleGetNxConsoleStatus
[NX v22.7.2 Daemon Server] - 2026-08-09T21:00:14.262Z - Handled json message GET_NX_CONSOLE_STATUS. Handling time: 0. Response time: 0.
[NX v22.7.2 Daemon Client] - 2026-08-09T21:00:14.265Z - [Messenger] Received message, length: 22
[NX v22.7.2 Daemon Client] - 2026-08-09T21:00:14.301Z - [Messenger] Sending message type: REQUEST_PROJECT_GRAPH
[NX v22.7.2 Daemon Client] - 2026-08-09T21:00:14.301Z - [Messenger] Message sent
[NX v22.7.2 Daemon Server] - 2026-08-09T21:00:14.301Z - Received raw message of length 32
[NX v22.7.2 Daemon Server] - 2026-08-09T21:00:14.301Z - Received json message of type REQUEST_PROJECT_GRAPH
[NX v22.7.2 Daemon Server] - 2026-08-09T21:00:14.301Z - [REQUEST]: Client Request for Project Graph Received
[NX v22.7.2 Daemon Server] - 2026-08-09T21:00:14.302Z - [REQUEST]: Updated workspace context based on watched changes, recomputing project graph...
[NX v22.7.2 Daemon Server] - 2026-08-09T21:00:14.302Z - [REQUEST]: 
[NX v22.7.2 Daemon Server] - 2026-08-09T21:00:14.302Z - [REQUEST]: 
[NX v22.7.2 Daemon Server] - 2026-08-09T21:00:14.309Z - No files changed, but no in-memory cached project graph found. Recomputing it...
[NX v22.7.2 Daemon Server] - 2026-08-09T21:00:14.309Z - Streaming message to client: progress update for topic graph-construction
[plugin-client] restarting worker for "@nx/angular/plugin"
[NX v22.7.2 Daemon Client] - 2026-08-09T21:00:14.310Z - [Messenger] Received message, length: 47
[isolated-plugin] spawned worker for "@nx/angular/plugin" (pid: 858061, socket: /tmp/plugin823708-152-4945186.910144.sock)
[plugin-client] restarting worker for "nx/js/dependencies-and-lockfile"
[isolated-plugin] spawned worker for "nx/js/dependencies-and-lockfile" (pid: 858062, socket: /tmp/plugin823708-153-4945196.889801.sock)
[plugin-client] restarting worker for "nx/core/package-json"
[isolated-plugin] spawned worker for "nx/core/package-json" (pid: 858068, socket: /tmp/plugin823708-154-4945205.645262.sock)
[plugin-client] restarting worker for "nx/core/project-json"
[isolated-plugin] spawned worker for "nx/core/project-json" (pid: 858074, socket: /tmp/plugin823708-155-4945212.001861.sock)
[NX v22.7.2 Daemon Server] - 2026-08-09T21:00:14.341Z - Time taken for 'hash changed files from watcher' 0.27265699952840805ms
[plugin-worker] "@nx/angular/plugin" (pid: 858061) listening on /tmp/plugin823708-152-4945186.910144.sock
Time taken for 'plugin worker 858061 code loading' 60.416045ms
[isolated-plugin] connected to worker for "@nx/angular/plugin" (pid: 858061)
[NX v22.7.2 Daemon Server] - 2026-08-09T21:00:14.417Z - Time taken for 'start-plugin-worker:@nx/angular/plugin' 106.90587500017136ms
[plugin-worker] "@nx/angular/plugin" (pid: 858061) connected
[plugin-worker] "nx/js/dependencies-and-lockfile" (pid: 858062) listening on /tmp/plugin823708-153-4945196.889801.sock
Time taken for 'plugin worker 858062 code loading' 64.59597299999999ms
[isolated-plugin] connected to worker for "nx/js/dependencies-and-lockfile" (pid: 858062)
[isolated-plugin] connected to worker for "nx/core/package-json" (pid: 858068)
[NX v22.7.2 Daemon Server] - 2026-08-09T21:00:14.427Z - Time taken for 'start-plugin-worker:nx/js/dependencies-and-lockfile' 106.76140100043267ms
[NX v22.7.2 Daemon Server] - 2026-08-09T21:00:14.427Z - Time taken for 'start-plugin-worker:nx/core/package-json' 98.07752500008792ms
[plugin-worker] "nx/core/package-json" (pid: 858068) listening on /tmp/plugin823708-154-4945205.645262.sock
[plugin-worker] "nx/js/dependencies-and-lockfile" (pid: 858062) connected
[plugin-worker] "nx/core/package-json" (pid: 858068) connected
Time taken for 'plugin worker 858068 code loading' 65.024502ms
[plugin-worker] "nx/core/project-json" (pid: 858074) listening on /tmp/plugin823708-155-4945212.001861.sock
Time taken for 'plugin worker 858074 code loading' 63.325996ms
[isolated-plugin] connected to worker for "nx/core/project-json" (pid: 858074)
[NX v22.7.2 Daemon Server] - 2026-08-09T21:00:14.435Z - Time taken for 'start-plugin-worker:nx/core/project-json' 99.5942230001092ms
[plugin-worker] "nx/core/project-json" (pid: 858074) connected
[plugin-worker] "nx/core/package-json" (pid: 858068) loaded successfully
[plugin-worker] "nx/js/dependencies-and-lockfile" (pid: 858062) loaded successfully
[isolated-plugin] shutting down worker for "nx/core/package-json" after createNodes
[NX v22.7.2 Daemon Server] - 2026-08-09T21:00:14.462Z - Streaming message to client: progress update for topic graph-construction
[plugin-worker] "nx/core/project-json" (pid: 858074) loaded successfully
[NX v22.7.2 Daemon Client] - 2026-08-09T21:00:14.462Z - [Messenger] Received message, length: 177
[isolated-plugin] shutting down worker for "nx/core/project-json" after createNodes
[NX v22.7.2 Daemon Server] - 2026-08-09T21:00:14.466Z - Streaming message to client: progress update for topic graph-construction
[NX v22.7.2 Daemon Client] - 2026-08-09T21:00:14.466Z - [Messenger] Received message, length: 151
Time taken for 'nx/js/dependencies-and-lockfile:createNodes' 12.615426999999983ms
[NX v22.7.2 Daemon Server] - 2026-08-09T21:00:14.474Z - Streaming message to client: progress update for topic graph-construction
[NX v22.7.2 Daemon Client] - 2026-08-09T21:00:14.475Z - [Messenger] Received message, length: 99
[plugin-worker] "@nx/angular/plugin" (pid: 858061) loaded successfully
[isolated-plugin] shutting down worker for "@nx/angular/plugin" after createNodes
[NX v22.7.2 Daemon Server] - 2026-08-09T21:00:14.500Z - Streaming message to client: progress update for topic graph-construction
[NX v22.7.2 Daemon Client] - 2026-08-09T21:00:14.500Z - [Messenger] Received message, length: 47
[NX v22.7.2 Daemon Server] - 2026-08-09T21:00:14.504Z - Streaming message to client: progress update for topic graph-construction
[NX v22.7.2 Daemon Client] - 2026-08-09T21:00:14.504Z - [Messenger] Received message, length: 47
[NX v22.7.2 Daemon Server] - 2026-08-09T21:00:14.506Z - Time taken for 'build-project-configs' 191.65811100043356ms
[NX v22.7.2 Daemon Server] - 2026-08-09T21:00:14.506Z - Time taken for 'createNodes:merge' 0.9686000002548099ms
[NX v22.7.2 Daemon Server] - 2026-08-09T21:00:14.506Z - Time taken for 'get-all-workspace-files' 0.05308400001376867ms
Time taken for 'build typescript dependencies' 0.1583699999999908ms
[isolated-plugin] shutting down worker for "nx/js/dependencies-and-lockfile" after createDependencies
[NX v22.7.2 Daemon Server] - 2026-08-09T21:00:14.517Z - Streaming message to client: progress update for topic graph-construction
[NX v22.7.2 Daemon Client] - 2026-08-09T21:00:14.517Z - [Messenger] Received message, length: 47
[NX v22.7.2 Daemon Server] - 2026-08-09T21:00:14.527Z - Wrote project graph cache to /home/m/integrations/onboarded/.nx/workspace-data/project-graph.json
[NX v22.7.2 Daemon Server] - 2026-08-09T21:00:14.527Z - Serializing response for REQUEST_PROJECT_GRAPH message in json mode
[NX v22.7.2 Daemon Server] - 2026-08-09T21:00:14.527Z - Responding to REQUEST_PROJECT_GRAPH message
[NX v22.7.2 Daemon Server] - 2026-08-09T21:00:14.527Z - [REQUEST]: Responding to the client. project-graph
[NX v22.7.2 Daemon Server] - 2026-08-09T21:00:14.530Z - Time taken for 'total for creating and serializing project graph' 226.06334799993783ms
[NX v22.7.2 Daemon Server] - 2026-08-09T21:00:14.530Z - Time taken for 'total execution time for createProjectGraph()' 17.261359000578523ms
[NX v22.7.2 Daemon Server] - 2026-08-09T21:00:14.530Z - Time taken for 'createDependencies' 14.931130000390112ms
[NX v22.7.2 Daemon Server] - 2026-08-09T21:00:14.530Z - Time taken for 'nx/js/dependencies-and-lockfile:createDependencies' 14.696275999769568ms
[NX v22.7.2 Daemon Server] - 2026-08-09T21:00:14.530Z - Time taken for 'createMetadata' 0.009294000454246998ms
[NX v22.7.2 Daemon Server] - 2026-08-09T21:00:14.530Z - Time taken for 'serialize graph' 2.9463210003450513ms
[NX v22.7.2 Daemon Server] - 2026-08-09T21:00:14.530Z - Time taken for 'write cache' 5.516258999705315ms
[NX v22.7.2 Daemon Server] - 2026-08-09T21:00:14.532Z - Done responding to the client project-graph
[NX v22.7.2 Daemon Server] - 2026-08-09T21:00:14.532Z - Handled json message REQUEST_PROJECT_GRAPH. Handling time: 226. Response time: 5.
[NX v22.7.2 Daemon Client] - 2026-08-09T21:00:14.533Z - [Messenger] Received message, length: 682184
[NX v22.7.2 Daemon Client] - 2026-08-09T21:00:14.538Z - [Messenger] Sending message type: PRE_TASKS_EXECUTION
[NX v22.7.2 Daemon Client] - 2026-08-09T21:00:14.538Z - [Messenger] Message sent
[NX v22.7.2 Daemon Server] - 2026-08-09T21:00:14.538Z - Received raw message of length 851
[NX v22.7.2 Daemon Server] - 2026-08-09T21:00:14.538Z - Received json message of type PRE_TASKS_EXECUTION
[NX v22.7.2 Daemon Server] - 2026-08-09T21:00:14.539Z - Serializing response for PRE_TASKS_EXECUTION message in json mode
[NX v22.7.2 Daemon Server] - 2026-08-09T21:00:14.539Z - Responding to PRE_TASKS_EXECUTION message
[NX v22.7.2 Daemon Server] - 2026-08-09T21:00:14.539Z - [REQUEST]: Responding to the client. handleRunPreTasksExecution
[NX v22.7.2 Daemon Server] - 2026-08-09T21:00:14.539Z - Done responding to the client handleRunPreTasksExecution
[NX v22.7.2 Daemon Server] - 2026-08-09T21:00:14.539Z - Handled json message PRE_TASKS_EXECUTION. Handling time: 1. Response time: 0.
[NX v22.7.2 Daemon Server] - 2026-08-09T21:00:14.539Z - Time taken for 'preTasksExecution' 0.15172199998050928ms
[NX v22.7.2 Daemon Client] - 2026-08-09T21:00:14.589Z - [Messenger] Received message, length: 2
[NX v22.7.2 Daemon Server] - 2026-08-09T21:00:14.592Z - Closed a connection. Number of open connections: 0
[NX v22.7.2 Daemon Server] - 2026-08-09T21:00:55.335Z - [WATCHER]: packages/shared/package.json was modified
[NX v22.7.2 Daemon Server] - 2026-08-09T21:00:55.335Z - [WATCHER]: File changes detected:
Created:
(none)
Updated:
  - packages/shared/package.json
Deleted:
(none)
[NX v22.7.2 Daemon Server] - 2026-08-09T21:00:55.335Z - [SYNC]: clearing sync generators cache due to file changes
[NX v22.7.2 Daemon Server] - 2026-08-09T21:00:55.335Z - [WATCHER]: Processing file changes in outputs
[NX v22.7.2 Daemon Server] - 2026-08-09T21:00:55.438Z - [REQUEST]: Updated workspace context based on watched changes, recomputing project graph...
[NX v22.7.2 Daemon Server] - 2026-08-09T21:00:55.439Z - [REQUEST]: packages/shared/package.json
[NX v22.7.2 Daemon Server] - 2026-08-09T21:00:55.439Z - [REQUEST]: 
[plugin-client] restarting worker for "@nx/angular/plugin"
[isolated-plugin] spawned worker for "@nx/angular/plugin" (pid: 858769, socket: /tmp/plugin823708-156-4986329.764127.sock)
[plugin-client] restarting worker for "nx/js/dependencies-and-lockfile"
[isolated-plugin] spawned worker for "nx/js/dependencies-and-lockfile" (pid: 858773, socket: /tmp/plugin823708-157-4986337.760087.sock)
[plugin-client] restarting worker for "nx/core/package-json"
[isolated-plugin] spawned worker for "nx/core/package-json" (pid: 858779, socket: /tmp/plugin823708-158-4986345.572969.sock)
[plugin-client] restarting worker for "nx/core/project-json"
[isolated-plugin] spawned worker for "nx/core/project-json" (pid: 858787, socket: /tmp/plugin823708-159-4986352.307159.sock)
[NX v22.7.2 Daemon Server] - 2026-08-09T21:00:55.484Z - Time taken for 'hash changed files from watcher' 0.2842669999226928ms
[plugin-worker] "nx/js/dependencies-and-lockfile" (pid: 858773) listening on /tmp/plugin823708-157-4986337.760087.sock
[plugin-worker] "@nx/angular/plugin" (pid: 858769) listening on /tmp/plugin823708-156-4986329.764127.sock
Time taken for 'plugin worker 858769 code loading' 72.910127ms
Time taken for 'plugin worker 858773 code loading' 70.692365ms
[isolated-plugin] connected to worker for "@nx/angular/plugin" (pid: 858769)
[isolated-plugin] connected to worker for "nx/js/dependencies-and-lockfile" (pid: 858773)
[NX v22.7.2 Daemon Server] - 2026-08-09T21:00:55.574Z - Time taken for 'start-plugin-worker:@nx/angular/plugin' 123.23511600028723ms
[NX v22.7.2 Daemon Server] - 2026-08-09T21:00:55.574Z - Time taken for 'start-plugin-worker:nx/js/dependencies-and-lockfile' 115.39328899979591ms
[plugin-worker] "@nx/angular/plugin" (pid: 858769) connected
[plugin-worker] "nx/js/dependencies-and-lockfile" (pid: 858773) connected
[plugin-worker] "nx/core/package-json" (pid: 858779) listening on /tmp/plugin823708-158-4986345.572969.sock
[plugin-worker] "nx/core/project-json" (pid: 858787) listening on /tmp/plugin823708-159-4986352.307159.sock
Time taken for 'plugin worker 858779 code loading' 70.06766599999999ms
Time taken for 'plugin worker 858787 code loading' 70.096529ms
[isolated-plugin] connected to worker for "nx/core/package-json" (pid: 858779)
[isolated-plugin] connected to worker for "nx/core/project-json" (pid: 858787)
[NX v22.7.2 Daemon Server] - 2026-08-09T21:00:55.584Z - Time taken for 'start-plugin-worker:nx/core/package-json' 117.29915000032634ms
[NX v22.7.2 Daemon Server] - 2026-08-09T21:00:55.584Z - Time taken for 'start-plugin-worker:nx/core/project-json' 110.80644300021231ms
[plugin-worker] "nx/core/package-json" (pid: 858779) connected
[plugin-worker] "nx/core/project-json" (pid: 858787) connected
[plugin-worker] "nx/js/dependencies-and-lockfile" (pid: 858773) loaded successfully
[plugin-worker] "nx/core/package-json" (pid: 858779) loaded successfully
[plugin-worker] "nx/core/project-json" (pid: 858787) loaded successfully
[isolated-plugin] shutting down worker for "nx/core/project-json" after createNodes
[isolated-plugin] shutting down worker for "nx/core/package-json" after createNodes
Time taken for 'nx/js/dependencies-and-lockfile:createNodes' 12.79929100000001ms
[plugin-worker] "@nx/angular/plugin" (pid: 858769) loaded successfully
[isolated-plugin] shutting down worker for "@nx/angular/plugin" after createNodes
[NX v22.7.2 Daemon Server] - 2026-08-09T21:00:55.665Z - Time taken for 'build-project-configs' 207.71062500029802ms
[NX v22.7.2 Daemon Server] - 2026-08-09T21:00:55.665Z - Time taken for 'createNodes:merge' 0.8837999999523163ms
[NX v22.7.2 Daemon Server] - 2026-08-09T21:00:55.665Z - Time taken for 'native-file-deps' 0.0020709997043013573ms
[NX v22.7.2 Daemon Server] - 2026-08-09T21:00:55.665Z - Time taken for 'get-workspace-files' 1.8310290006920695ms
[NX v22.7.2 Daemon Server] - 2026-08-09T21:00:55.665Z - Time taken for 'get-all-workspace-files' 0.09241299983114004ms
[isolated-plugin] shutting down worker for "nx/js/dependencies-and-lockfile" after createDependencies
[NX v22.7.2 Daemon Server] - 2026-08-09T21:00:55.687Z - [SYNC]: collect registered sync generators
[NX v22.7.2 Daemon Server] - 2026-08-09T21:00:55.688Z - [SYNC]: nx.json hash is the same, not collecting global sync generators
[NX v22.7.2 Daemon Server] - 2026-08-09T21:00:55.688Z - Time taken for 'total execution time for createProjectGraph()' 24.691021000035107ms
[NX v22.7.2 Daemon Server] - 2026-08-09T21:00:55.688Z - Time taken for 'createDependencies' 21.614857000298798ms
[NX v22.7.2 Daemon Server] - 2026-08-09T21:00:55.688Z - Time taken for 'nx/js/dependencies-and-lockfile:createDependencies' 21.438804999925196ms
[NX v22.7.2 Daemon Server] - 2026-08-09T21:00:55.688Z - Time taken for 'createMetadata' 0.010683000087738037ms
[NX v22.7.2 Daemon Server] - 2026-08-09T21:00:55.688Z - Time taken for 'serialize graph' 3.0416099997237325ms
[NX v22.7.2 Daemon Server] - 2026-08-09T21:01:09.947Z - [WATCHER]: Processing file changes in outputs
[NX v22.7.2 Daemon Server] - 2026-08-09T21:01:09.949Z - [WATCHER]: packages/shared/package.json was modified
[NX v22.7.2 Daemon Server] - 2026-08-09T21:01:09.949Z - [WATCHER]: File changes detected:
Created:
(none)
Updated:
  - packages/shared/package.json
Deleted:
(none)
[NX v22.7.2 Daemon Server] - 2026-08-09T21:01:09.949Z - [SYNC]: clearing sync generators cache due to file changes
[NX v22.7.2 Daemon Server] - 2026-08-09T21:01:10.150Z - [REQUEST]: Updated workspace context based on watched changes, recomputing project graph...
[NX v22.7.2 Daemon Server] - 2026-08-09T21:01:10.150Z - [REQUEST]: packages/shared/package.json
[NX v22.7.2 Daemon Server] - 2026-08-09T21:01:10.150Z - [REQUEST]: 
[plugin-client] restarting worker for "@nx/angular/plugin"
[isolated-plugin] spawned worker for "@nx/angular/plugin" (pid: 859206, socket: /tmp/plugin823708-160-5001036.186739.sock)
[plugin-client] restarting worker for "nx/js/dependencies-and-lockfile"
[isolated-plugin] spawned worker for "nx/js/dependencies-and-lockfile" (pid: 859207, socket: /tmp/plugin823708-161-5001043.588259.sock)
[plugin-client] restarting worker for "nx/core/package-json"
[isolated-plugin] spawned worker for "nx/core/package-json" (pid: 859218, socket: /tmp/plugin823708-162-5001050.897324.sock)
[plugin-client] restarting worker for "nx/core/project-json"
[isolated-plugin] spawned worker for "nx/core/project-json" (pid: 859219, socket: /tmp/plugin823708-163-5001058.296972.sock)
[NX v22.7.2 Daemon Server] - 2026-08-09T21:01:10.187Z - Time taken for 'hash changed files from watcher' 0.42929700016975403ms
[plugin-worker] "@nx/angular/plugin" (pid: 859206) listening on /tmp/plugin823708-160-5001036.186739.sock
Time taken for 'plugin worker 859206 code loading' 57.767516ms
[isolated-plugin] connected to worker for "@nx/angular/plugin" (pid: 859206)
[NX v22.7.2 Daemon Server] - 2026-08-09T21:01:10.254Z - Time taken for 'start-plugin-worker:@nx/angular/plugin' 97.40541999973357ms
[plugin-worker] "@nx/angular/plugin" (pid: 859206) connected
[plugin-worker] "nx/js/dependencies-and-lockfile" (pid: 859207) listening on /tmp/plugin823708-161-5001043.588259.sock
Time taken for 'plugin worker 859207 code loading' 59.876024ms
[plugin-worker] "nx/core/package-json" (pid: 859218) listening on /tmp/plugin823708-162-5001050.897324.sock
Time taken for 'plugin worker 859218 code loading' 57.223349999999996ms
[isolated-plugin] connected to worker for "nx/js/dependencies-and-lockfile" (pid: 859207)
[isolated-plugin] connected to worker for "nx/core/package-json" (pid: 859218)
[NX v22.7.2 Daemon Server] - 2026-08-09T21:01:10.265Z - Time taken for 'start-plugin-worker:nx/js/dependencies-and-lockfile' 100.76609299983829ms
[NX v22.7.2 Daemon Server] - 2026-08-09T21:01:10.265Z - Time taken for 'start-plugin-worker:nx/core/package-json' 93.73986099939793ms
[plugin-worker] "nx/js/dependencies-and-lockfile" (pid: 859207) connected
[plugin-worker] "nx/core/package-json" (pid: 859218) connected
[plugin-worker] "nx/core/project-json" (pid: 859219) listening on /tmp/plugin823708-163-5001058.296972.sock
Time taken for 'plugin worker 859219 code loading' 59.686662ms
[isolated-plugin] connected to worker for "nx/core/project-json" (pid: 859219)
[NX v22.7.2 Daemon Server] - 2026-08-09T21:01:10.280Z - Time taken for 'start-plugin-worker:nx/core/project-json' 100.99812200013548ms
[plugin-worker] "nx/core/project-json" (pid: 859219) connected
[plugin-worker] "nx/core/package-json" (pid: 859218) loaded successfully
[plugin-worker] "nx/js/dependencies-and-lockfile" (pid: 859207) loaded successfully
[isolated-plugin] shutting down worker for "nx/core/package-json" after createNodes
[plugin-worker] "nx/core/project-json" (pid: 859219) loaded successfully
Time taken for 'nx/js/dependencies-and-lockfile:createNodes' 10.163221000000007ms
[isolated-plugin] shutting down worker for "nx/core/project-json" after createNodes
[plugin-worker] "@nx/angular/plugin" (pid: 859206) loaded successfully
[isolated-plugin] shutting down worker for "@nx/angular/plugin" after createNodes
[NX v22.7.2 Daemon Server] - 2026-08-09T21:01:10.332Z - Time taken for 'build-project-configs' 170.59313399996608ms
[NX v22.7.2 Daemon Server] - 2026-08-09T21:01:10.332Z - Time taken for 'createNodes:merge' 0.9633259996771812ms
[NX v22.7.2 Daemon Server] - 2026-08-09T21:01:10.332Z - Time taken for 'get-all-workspace-files' 0.06443700008094311ms
Time taken for 'build typescript dependencies' 0.1359899999999925ms
[isolated-plugin] shutting down worker for "nx/js/dependencies-and-lockfile" after createDependencies
[NX v22.7.2 Daemon Server] - 2026-08-09T21:01:10.348Z - [SYNC]: collect registered sync generators
[NX v22.7.2 Daemon Server] - 2026-08-09T21:01:10.349Z - [SYNC]: project graph hash is the same, not collecting task sync generators
[NX v22.7.2 Daemon Server] - 2026-08-09T21:01:10.349Z - [SYNC]: nx.json hash is the same, not collecting global sync generators
[NX v22.7.2 Daemon Server] - 2026-08-09T21:01:10.349Z - Time taken for 'total execution time for createProjectGraph()' 17.859869999811053ms
[NX v22.7.2 Daemon Server] - 2026-08-09T21:01:10.349Z - Time taken for 'createDependencies' 15.226205999962986ms
[NX v22.7.2 Daemon Server] - 2026-08-09T21:01:10.349Z - Time taken for 'nx/js/dependencies-and-lockfile:createDependencies' 15.126505999825895ms
[NX v22.7.2 Daemon Server] - 2026-08-09T21:01:10.349Z - Time taken for 'createMetadata' 0.007717999629676342ms
[NX v22.7.2 Daemon Server] - 2026-08-09T21:01:10.349Z - Time taken for 'serialize graph' 2.9368039993569255ms
[NX v22.7.2 Daemon Server] - 2026-08-09T21:01:15.965Z - [WATCHER]: packages/shared/package.json was modified
[NX v22.7.2 Daemon Server] - 2026-08-09T21:01:15.965Z - [WATCHER]: File changes detected:
Created:
(none)
Updated:
  - packages/shared/package.json
Deleted:
(none)
[NX v22.7.2 Daemon Server] - 2026-08-09T21:01:15.965Z - [SYNC]: clearing sync generators cache due to file changes
[NX v22.7.2 Daemon Server] - 2026-08-09T21:01:15.965Z - [WATCHER]: Processing file changes in outputs
[NX v22.7.2 Daemon Server] - 2026-08-09T21:01:16.366Z - [REQUEST]: Updated workspace context based on watched changes, recomputing project graph...
[NX v22.7.2 Daemon Server] - 2026-08-09T21:01:16.366Z - [REQUEST]: packages/shared/package.json
[NX v22.7.2 Daemon Server] - 2026-08-09T21:01:16.366Z - [REQUEST]: 
[plugin-client] restarting worker for "@nx/angular/plugin"
[isolated-plugin] spawned worker for "@nx/angular/plugin" (pid: 859513, socket: /tmp/plugin823708-164-5007254.254504.sock)
[plugin-client] restarting worker for "nx/js/dependencies-and-lockfile"
[isolated-plugin] spawned worker for "nx/js/dependencies-and-lockfile" (pid: 859514, socket: /tmp/plugin823708-165-5007261.278712.sock)
[plugin-client] restarting worker for "nx/core/package-json"
[isolated-plugin] spawned worker for "nx/core/package-json" (pid: 859520, socket: /tmp/plugin823708-166-5007268.776564.sock)
[plugin-client] restarting worker for "nx/core/project-json"
[isolated-plugin] spawned worker for "nx/core/project-json" (pid: 859526, socket: /tmp/plugin823708-167-5007274.953769.sock)
[NX v22.7.2 Daemon Server] - 2026-08-09T21:01:16.399Z - Time taken for 'hash changed files from watcher' 0.22603499982506037ms
[plugin-worker] "@nx/angular/plugin" (pid: 859513) listening on /tmp/plugin823708-164-5007254.254504.sock
[isolated-plugin] connected to worker for "@nx/angular/plugin" (pid: 859513)
[NX v22.7.2 Daemon Server] - 2026-08-09T21:01:16.485Z - Time taken for 'start-plugin-worker:@nx/angular/plugin' 111.93486499972641ms
[plugin-worker] "@nx/angular/plugin" (pid: 859513) connected
Time taken for 'plugin worker 859513 code loading' 72.994708ms
[plugin-worker] "nx/js/dependencies-and-lockfile" (pid: 859514) listening on /tmp/plugin823708-165-5007261.278712.sock
Time taken for 'plugin worker 859514 code loading' 71.751875ms
[plugin-worker] "nx/core/package-json" (pid: 859520) listening on /tmp/plugin823708-166-5007268.776564.sock
Time taken for 'plugin worker 859520 code loading' 70.90316200000001ms
[isolated-plugin] connected to worker for "nx/js/dependencies-and-lockfile" (pid: 859514)
[NX v22.7.2 Daemon Server] - 2026-08-09T21:01:16.495Z - Time taken for 'start-plugin-worker:nx/js/dependencies-and-lockfile' 114.52008100040257ms
[plugin-worker] "nx/js/dependencies-and-lockfile" (pid: 859514) connected
[isolated-plugin] connected to worker for "nx/core/package-json" (pid: 859520)
[NX v22.7.2 Daemon Server] - 2026-08-09T21:01:16.495Z - Time taken for 'start-plugin-worker:nx/core/package-json' 107.754902000539ms
[plugin-worker] "nx/core/package-json" (pid: 859520) connected
[plugin-worker] "nx/core/project-json" (pid: 859526) listening on /tmp/plugin823708-167-5007274.953769.sock
[isolated-plugin] connected to worker for "nx/core/project-json" (pid: 859526)
[NX v22.7.2 Daemon Server] - 2026-08-09T21:01:16.502Z - Time taken for 'start-plugin-worker:nx/core/project-json' 108.43360399920493ms
[plugin-worker] "nx/core/project-json" (pid: 859526) connected
Time taken for 'plugin worker 859526 code loading' 78.75040999999999ms
[plugin-worker] "nx/core/package-json" (pid: 859520) loaded successfully
[plugin-worker] "nx/js/dependencies-and-lockfile" (pid: 859514) loaded successfully
[plugin-worker] "nx/core/project-json" (pid: 859526) loaded successfully
[isolated-plugin] shutting down worker for "nx/core/project-json" after createNodes
[isolated-plugin] shutting down worker for "nx/core/package-json" after createNodes
Time taken for 'nx/js/dependencies-and-lockfile:createNodes' 14.128016000000002ms
[plugin-worker] "@nx/angular/plugin" (pid: 859513) loaded successfully
[isolated-plugin] shutting down worker for "@nx/angular/plugin" after createNodes
[NX v22.7.2 Daemon Server] - 2026-08-09T21:01:16.593Z - Time taken for 'build-project-configs' 212.8675130000338ms
[NX v22.7.2 Daemon Server] - 2026-08-09T21:01:16.593Z - Time taken for 'createNodes:merge' 0.804382000118494ms
[NX v22.7.2 Daemon Server] - 2026-08-09T21:01:16.593Z - Time taken for 'native-file-deps' 0.002898000180721283ms
[NX v22.7.2 Daemon Server] - 2026-08-09T21:01:16.593Z - Time taken for 'get-workspace-files' 1.7376020001247525ms
[NX v22.7.2 Daemon Server] - 2026-08-09T21:01:16.593Z - Time taken for 'get-all-workspace-files' 0.11428699921816587ms
Time taken for 'build typescript dependencies' 11.60111599999999ms
[isolated-plugin] shutting down worker for "nx/js/dependencies-and-lockfile" after createDependencies
[NX v22.7.2 Daemon Server] - 2026-08-09T21:01:16.625Z - [SYNC]: collect registered sync generators
[NX v22.7.2 Daemon Server] - 2026-08-09T21:01:16.625Z - [SYNC]: nx.json hash is the same, not collecting global sync generators
[NX v22.7.2 Daemon Server] - 2026-08-09T21:01:16.625Z - Time taken for 'total execution time for createProjectGraph()' 34.247999999672174ms
[NX v22.7.2 Daemon Server] - 2026-08-09T21:01:16.625Z - Time taken for 'createDependencies' 31.21800500061363ms
[NX v22.7.2 Daemon Server] - 2026-08-09T21:01:16.626Z - Time taken for 'nx/js/dependencies-and-lockfile:createDependencies' 31.054023999720812ms
[NX v22.7.2 Daemon Server] - 2026-08-09T21:01:16.626Z - Time taken for 'createMetadata' 0.016309999860823154ms
[NX v22.7.2 Daemon Server] - 2026-08-09T21:01:16.626Z - Time taken for 'serialize graph' 3.184031999669969ms
[NX v22.7.2 Daemon Server] - 2026-08-09T21:01:17.777Z - [WATCHER]: packages/shared/package.json was modified
[NX v22.7.2 Daemon Server] - 2026-08-09T21:01:17.778Z - [WATCHER]: File changes detected:
Created:
(none)
Updated:
  - packages/shared/package.json
Deleted:
(none)
[NX v22.7.2 Daemon Server] - 2026-08-09T21:01:17.778Z - [SYNC]: clearing sync generators cache due to file changes
[NX v22.7.2 Daemon Server] - 2026-08-09T21:01:17.778Z - [WATCHER]: Processing file changes in outputs
[NX v22.7.2 Daemon Server] - 2026-08-09T21:01:18.579Z - [REQUEST]: Updated workspace context based on watched changes, recomputing project graph...
[NX v22.7.2 Daemon Server] - 2026-08-09T21:01:18.580Z - [REQUEST]: packages/shared/package.json
[NX v22.7.2 Daemon Server] - 2026-08-09T21:01:18.580Z - [REQUEST]: 
[plugin-client] restarting worker for "@nx/angular/plugin"
[isolated-plugin] spawned worker for "@nx/angular/plugin" (pid: 859798, socket: /tmp/plugin823708-168-5009471.742413.sock)
[plugin-client] restarting worker for "nx/js/dependencies-and-lockfile"
[isolated-plugin] spawned worker for "nx/js/dependencies-and-lockfile" (pid: 859799, socket: /tmp/plugin823708-169-5009480.247399.sock)
[plugin-client] restarting worker for "nx/core/package-json"
[isolated-plugin] spawned worker for "nx/core/package-json" (pid: 859810, socket: /tmp/plugin823708-170-5009488.469975.sock)
[plugin-client] restarting worker for "nx/core/project-json"
[isolated-plugin] spawned worker for "nx/core/project-json" (pid: 859812, socket: /tmp/plugin823708-171-5009497.494164.sock)
[NX v22.7.2 Daemon Server] - 2026-08-09T21:01:18.625Z - Time taken for 'hash changed files from watcher' 0.5370020000264049ms
[plugin-worker] "nx/js/dependencies-and-lockfile" (pid: 859799) listening on /tmp/plugin823708-169-5009480.247399.sock
Time taken for 'plugin worker 859799 code loading' 64.014532ms
[isolated-plugin] connected to worker for "nx/js/dependencies-and-lockfile" (pid: 859799)
[NX v22.7.2 Daemon Server] - 2026-08-09T21:01:18.698Z - Time taken for 'start-plugin-worker:nx/js/dependencies-and-lockfile' 99.1535409996286ms
[plugin-worker] "nx/js/dependencies-and-lockfile" (pid: 859799) connected
[plugin-worker] "@nx/angular/plugin" (pid: 859798) listening on /tmp/plugin823708-168-5009471.742413.sock
Time taken for 'plugin worker 859798 code loading' 69.08528799999999ms
[isolated-plugin] connected to worker for "@nx/angular/plugin" (pid: 859798)
[NX v22.7.2 Daemon Server] - 2026-08-09T21:01:18.708Z - Time taken for 'start-plugin-worker:@nx/angular/plugin' 117.27718800026923ms
[plugin-worker] "@nx/angular/plugin" (pid: 859798) connected
[plugin-worker] "nx/core/package-json" (pid: 859810) listening on /tmp/plugin823708-170-5009488.469975.sock
Time taken for 'plugin worker 859810 code loading' 68.805564ms
[isolated-plugin] connected to worker for "nx/core/package-json" (pid: 859810)
[NX v22.7.2 Daemon Server] - 2026-08-09T21:01:18.719Z - Time taken for 'start-plugin-worker:nx/core/package-json' 112.1637620003894ms
[plugin-worker] "nx/core/project-json" (pid: 859812) listening on /tmp/plugin823708-171-5009497.494164.sock
[plugin-worker] "nx/core/package-json" (pid: 859810) connected
Time taken for 'plugin worker 859812 code loading' 67.43604199999999ms
[plugin-worker] "nx/js/dependencies-and-lockfile" (pid: 859799) loaded successfully
[isolated-plugin] connected to worker for "nx/core/project-json" (pid: 859812)
[NX v22.7.2 Daemon Server] - 2026-08-09T21:01:18.728Z - Time taken for 'start-plugin-worker:nx/core/project-json' 112.28894400037825ms
[plugin-worker] "nx/core/project-json" (pid: 859812) connected
Time taken for 'nx/js/dependencies-and-lockfile:createNodes' 9.718118999999987ms
[plugin-worker] "nx/core/package-json" (pid: 859810) loaded successfully
[isolated-plugin] shutting down worker for "nx/core/package-json" after createNodes
[plugin-worker] "nx/core/project-json" (pid: 859812) loaded successfully
[isolated-plugin] shutting down worker for "nx/core/project-json" after createNodes
[plugin-worker] "@nx/angular/plugin" (pid: 859798) loaded successfully
[isolated-plugin] shutting down worker for "@nx/angular/plugin" after createNodes
[NX v22.7.2 Daemon Server] - 2026-08-09T21:01:18.789Z - Time taken for 'build-project-configs' 193.80824099946767ms
[NX v22.7.2 Daemon Server] - 2026-08-09T21:01:18.789Z - Time taken for 'createNodes:merge' 0.7407039999961853ms
[NX v22.7.2 Daemon Server] - 2026-08-09T21:01:18.789Z - Time taken for 'get-all-workspace-files' 0.11426200065761805ms
Time taken for 'build typescript dependencies' 4.647550999999993ms
[isolated-plugin] shutting down worker for "nx/js/dependencies-and-lockfile" after createDependencies
[NX v22.7.2 Daemon Server] - 2026-08-09T21:01:18.808Z - [SYNC]: collect registered sync generators
[NX v22.7.2 Daemon Server] - 2026-08-09T21:01:18.808Z - [SYNC]: project graph hash is the same, not collecting task sync generators
[NX v22.7.2 Daemon Server] - 2026-08-09T21:01:18.808Z - [SYNC]: nx.json hash is the same, not collecting global sync generators
[NX v22.7.2 Daemon Server] - 2026-08-09T21:01:18.809Z - Time taken for 'total execution time for createProjectGraph()' 20.755803000181913ms
[NX v22.7.2 Daemon Server] - 2026-08-09T21:01:18.809Z - Time taken for 'createDependencies' 18.33275800012052ms
[NX v22.7.2 Daemon Server] - 2026-08-09T21:01:18.809Z - Time taken for 'nx/js/dependencies-and-lockfile:createDependencies' 18.22887400072068ms
[NX v22.7.2 Daemon Server] - 2026-08-09T21:01:18.809Z - Time taken for 'createMetadata' 0.008344000205397606ms
[NX v22.7.2 Daemon Server] - 2026-08-09T21:01:18.809Z - Time taken for 'serialize graph' 2.869895000010729ms
[NX v22.7.2 Daemon Server] - 2026-08-09T21:02:20.983Z - [WATCHER]: packages/shared/src/index.ts was modified
[NX v22.7.2 Daemon Server] - 2026-08-09T21:02:20.983Z - [WATCHER]: File changes detected:
Created:
(none)
Updated:
  - packages/shared/src/index.ts
Deleted:
(none)
[NX v22.7.2 Daemon Server] - 2026-08-09T21:02:20.983Z - [SYNC]: clearing sync generators cache due to file changes
[NX v22.7.2 Daemon Server] - 2026-08-09T21:02:20.983Z - [WATCHER]: Processing file changes in outputs
[NX v22.7.2 Daemon Server] - 2026-08-09T21:02:22.585Z - [REQUEST]: Updated workspace context based on watched changes, recomputing project graph...
[NX v22.7.2 Daemon Server] - 2026-08-09T21:02:22.585Z - [REQUEST]: packages/shared/src/index.ts
[NX v22.7.2 Daemon Server] - 2026-08-09T21:02:22.585Z - [REQUEST]: 
[plugin-client] restarting worker for "@nx/angular/plugin"
[isolated-plugin] spawned worker for "@nx/angular/plugin" (pid: 860471, socket: /tmp/plugin823708-172-5073478.491182.sock)
[plugin-client] restarting worker for "nx/js/dependencies-and-lockfile"
[isolated-plugin] spawned worker for "nx/js/dependencies-and-lockfile" (pid: 860472, socket: /tmp/plugin823708-173-5073486.420021.sock)
[plugin-client] restarting worker for "nx/core/package-json"
[isolated-plugin] spawned worker for "nx/core/package-json" (pid: 860478, socket: /tmp/plugin823708-174-5073493.471249.sock)
[plugin-client] restarting worker for "nx/core/project-json"
[isolated-plugin] spawned worker for "nx/core/project-json" (pid: 860484, socket: /tmp/plugin823708-175-5073499.92455.sock)
[NX v22.7.2 Daemon Server] - 2026-08-09T21:02:22.620Z - Time taken for 'hash changed files from watcher' 0.4294680003076792ms
[plugin-worker] "@nx/angular/plugin" (pid: 860471) listening on /tmp/plugin823708-172-5073478.491182.sock
Time taken for 'plugin worker 860471 code loading' 64.709086ms
[isolated-plugin] connected to worker for "@nx/angular/plugin" (pid: 860471)
[NX v22.7.2 Daemon Server] - 2026-08-09T21:02:22.694Z - Time taken for 'start-plugin-worker:@nx/angular/plugin' 101.86363499984145ms
[plugin-worker] "@nx/angular/plugin" (pid: 860471) connected
[plugin-worker] "nx/js/dependencies-and-lockfile" (pid: 860472) listening on /tmp/plugin823708-173-5073486.420021.sock
Time taken for 'plugin worker 860472 code loading' 68.48041500000001ms
[plugin-worker] "nx/core/package-json" (pid: 860478) listening on /tmp/plugin823708-174-5073493.471249.sock
Time taken for 'plugin worker 860478 code loading' 71.23299ms
[plugin-worker] "nx/core/project-json" (pid: 860484) listening on /tmp/plugin823708-175-5073499.92455.sock
Time taken for 'plugin worker 860484 code loading' 66.227811ms
[isolated-plugin] connected to worker for "nx/core/project-json" (pid: 860484)
[isolated-plugin] connected to worker for "nx/js/dependencies-and-lockfile" (pid: 860472)
[NX v22.7.2 Daemon Server] - 2026-08-09T21:02:22.714Z - Time taken for 'start-plugin-worker:nx/js/dependencies-and-lockfile' 113.72248199954629ms
[NX v22.7.2 Daemon Server] - 2026-08-09T21:02:22.714Z - Time taken for 'start-plugin-worker:nx/core/project-json' 100.01934600062668ms
[plugin-worker] "nx/core/project-json" (pid: 860484) connected
[plugin-worker] "nx/js/dependencies-and-lockfile" (pid: 860472) connected
[isolated-plugin] connected to worker for "nx/core/package-json" (pid: 860478)
[NX v22.7.2 Daemon Server] - 2026-08-09T21:02:22.717Z - Time taken for 'start-plugin-worker:nx/core/package-json' 110.19266099948436ms
[plugin-worker] "nx/core/package-json" (pid: 860478) connected
[plugin-worker] "nx/core/project-json" (pid: 860484) loaded successfully
[plugin-worker] "nx/js/dependencies-and-lockfile" (pid: 860472) loaded successfully
[isolated-plugin] shutting down worker for "nx/core/project-json" after createNodes
[plugin-worker] "nx/core/package-json" (pid: 860478) loaded successfully
Time taken for 'nx/js/dependencies-and-lockfile:createNodes' 10.260906000000006ms
[isolated-plugin] shutting down worker for "nx/core/package-json" after createNodes
[plugin-worker] "@nx/angular/plugin" (pid: 860471) loaded successfully
[isolated-plugin] shutting down worker for "@nx/angular/plugin" after createNodes
[NX v22.7.2 Daemon Server] - 2026-08-09T21:02:22.790Z - Time taken for 'build-project-configs' 192.18428099993616ms
[NX v22.7.2 Daemon Server] - 2026-08-09T21:02:22.790Z - Time taken for 'createNodes:merge' 1.0161459995433688ms
[NX v22.7.2 Daemon Server] - 2026-08-09T21:02:22.790Z - Time taken for 'get-all-workspace-files' 0.05891000013798475ms
Time taken for 'build typescript dependencies' 6.061580000000021ms
[isolated-plugin] shutting down worker for "nx/js/dependencies-and-lockfile" after createDependencies
[NX v22.7.2 Daemon Server] - 2026-08-09T21:02:22.819Z - [SYNC]: collect registered sync generators
[NX v22.7.2 Daemon Server] - 2026-08-09T21:02:22.820Z - [SYNC]: project graph hash is the same, not collecting task sync generators
[NX v22.7.2 Daemon Server] - 2026-08-09T21:02:22.820Z - [SYNC]: nx.json hash is the same, not collecting global sync generators
[NX v22.7.2 Daemon Server] - 2026-08-09T21:02:22.820Z - Time taken for 'total execution time for createProjectGraph()' 31.83373099938035ms
[NX v22.7.2 Daemon Server] - 2026-08-09T21:02:22.820Z - Time taken for 'createDependencies' 29.07391699962318ms
[NX v22.7.2 Daemon Server] - 2026-08-09T21:02:22.820Z - Time taken for 'nx/js/dependencies-and-lockfile:createDependencies' 28.94598300009966ms
[NX v22.7.2 Daemon Server] - 2026-08-09T21:02:22.820Z - Time taken for 'createMetadata' 0.009957999922335148ms
[NX v22.7.2 Daemon Server] - 2026-08-09T21:02:22.820Z - Time taken for 'serialize graph' 2.9667549999430776ms
[NX v22.7.2 Daemon Server] - 2026-08-09T21:03:08.965Z - [WATCHER]: Processing file changes in outputs
[NX v22.7.2 Daemon Server] - 2026-08-09T21:03:08.965Z - [WATCHER]: packages/shared/src/index.ts was modified
[NX v22.7.2 Daemon Server] - 2026-08-09T21:03:08.965Z - [WATCHER]: File changes detected:
Created:
(none)
Updated:
  - packages/shared/src/index.ts
Deleted:
(none)
[NX v22.7.2 Daemon Server] - 2026-08-09T21:03:08.965Z - [SYNC]: clearing sync generators cache due to file changes
[NX v22.7.2 Daemon Server] - 2026-08-09T21:03:12.163Z - [REQUEST]: Updated workspace context based on watched changes, recomputing project graph...
[NX v22.7.2 Daemon Server] - 2026-08-09T21:03:12.163Z - [REQUEST]: packages/shared/src/index.ts
[NX v22.7.2 Daemon Server] - 2026-08-09T21:03:12.163Z - [REQUEST]: 
[plugin-client] restarting worker for "@nx/angular/plugin"
[isolated-plugin] spawned worker for "@nx/angular/plugin" (pid: 861017, socket: /tmp/plugin823708-176-5123059.887649.sock)
[plugin-client] restarting worker for "nx/js/dependencies-and-lockfile"
[isolated-plugin] spawned worker for "nx/js/dependencies-and-lockfile" (pid: 861018, socket: /tmp/plugin823708-177-5123068.239167.sock)
[plugin-client] restarting worker for "nx/core/package-json"
[isolated-plugin] spawned worker for "nx/core/package-json" (pid: 861029, socket: /tmp/plugin823708-178-5123075.296767.sock)
[plugin-client] restarting worker for "nx/core/project-json"
[isolated-plugin] spawned worker for "nx/core/project-json" (pid: 861031, socket: /tmp/plugin823708-179-5123087.322576.sock)
[NX v22.7.2 Daemon Server] - 2026-08-09T21:03:12.205Z - Time taken for 'hash changed files from watcher' 0.2974319998174906ms
[plugin-worker] "@nx/angular/plugin" (pid: 861017) listening on /tmp/plugin823708-176-5123059.887649.sock
Time taken for 'plugin worker 861017 code loading' 99.885193ms
[plugin-worker] "nx/js/dependencies-and-lockfile" (pid: 861018) listening on /tmp/plugin823708-177-5123068.239167.sock
[isolated-plugin] connected to worker for "@nx/angular/plugin" (pid: 861017)
[isolated-plugin] connected to worker for "nx/js/dependencies-and-lockfile" (pid: 861018)
[NX v22.7.2 Daemon Server] - 2026-08-09T21:03:12.325Z - Time taken for 'start-plugin-worker:@nx/angular/plugin' 156.17227300070226ms
[NX v22.7.2 Daemon Server] - 2026-08-09T21:03:12.325Z - Time taken for 'start-plugin-worker:nx/js/dependencies-and-lockfile' 148.11957499943674ms
[plugin-worker] "@nx/angular/plugin" (pid: 861017) connected
[plugin-worker] "nx/js/dependencies-and-lockfile" (pid: 861018) connected
Time taken for 'plugin worker 861018 code loading' 100.948719ms
[plugin-worker] "nx/core/package-json" (pid: 861029) listening on /tmp/plugin823708-178-5123075.296767.sock
[isolated-plugin] connected to worker for "nx/core/package-json" (pid: 861029)
[NX v22.7.2 Daemon Server] - 2026-08-09T21:03:12.336Z - Time taken for 'start-plugin-worker:nx/core/package-json' 151.20545199979097ms
Time taken for 'plugin worker 861029 code loading' 104.96870900000002ms
[plugin-worker] "nx/core/package-json" (pid: 861029) connected
[plugin-worker] "nx/js/dependencies-and-lockfile" (pid: 861018) loaded successfully
[isolated-plugin] connected to worker for "nx/core/project-json" (pid: 861031)
[NX v22.7.2 Daemon Server] - 2026-08-09T21:03:12.368Z - Time taken for 'start-plugin-worker:nx/core/project-json' 166.59045199956745ms
[plugin-worker] "nx/core/project-json" (pid: 861031) listening on /tmp/plugin823708-179-5123087.322576.sock
[plugin-worker] "nx/core/project-json" (pid: 861031) connected
Time taken for 'plugin worker 861031 code loading' 116.65589299999999ms
[plugin-worker] "nx/core/package-json" (pid: 861029) loaded successfully
Time taken for 'nx/js/dependencies-and-lockfile:createNodes' 11.524035999999995ms
[isolated-plugin] shutting down worker for "nx/core/package-json" after createNodes
[plugin-worker] "nx/core/project-json" (pid: 861031) loaded successfully
[isolated-plugin] shutting down worker for "nx/core/project-json" after createNodes
[plugin-worker] "@nx/angular/plugin" (pid: 861017) loaded successfully
[isolated-plugin] shutting down worker for "@nx/angular/plugin" after createNodes
[NX v22.7.2 Daemon Server] - 2026-08-09T21:03:12.444Z - Time taken for 'build-project-configs' 270.67831000033766ms
[NX v22.7.2 Daemon Server] - 2026-08-09T21:03:12.444Z - Time taken for 'createNodes:merge' 1.390362000092864ms
[NX v22.7.2 Daemon Server] - 2026-08-09T21:03:12.444Z - Time taken for 'get-all-workspace-files' 0.0571650005877018ms
Time taken for 'build typescript dependencies' 5.560820999999976ms
[isolated-plugin] shutting down worker for "nx/js/dependencies-and-lockfile" after createDependencies
[NX v22.7.2 Daemon Server] - 2026-08-09T21:03:12.464Z - [SYNC]: collect registered sync generators
[NX v22.7.2 Daemon Server] - 2026-08-09T21:03:12.465Z - [SYNC]: project graph hash is the same, not collecting task sync generators
[NX v22.7.2 Daemon Server] - 2026-08-09T21:03:12.465Z - [SYNC]: nx.json hash is the same, not collecting global sync generators
[NX v22.7.2 Daemon Server] - 2026-08-09T21:03:12.465Z - Time taken for 'total execution time for createProjectGraph()' 21.343741999939084ms
[NX v22.7.2 Daemon Server] - 2026-08-09T21:03:12.465Z - Time taken for 'createDependencies' 18.917647000402212ms
[NX v22.7.2 Daemon Server] - 2026-08-09T21:03:12.465Z - Time taken for 'nx/js/dependencies-and-lockfile:createDependencies' 18.81299800053239ms
[NX v22.7.2 Daemon Server] - 2026-08-09T21:03:12.465Z - Time taken for 'createMetadata' 0.008377999998629093ms
[NX v22.7.2 Daemon Server] - 2026-08-09T21:03:12.465Z - Time taken for 'serialize graph' 3.154539999552071ms
[NX v22.7.2 Daemon Server] - 2026-08-09T21:03:14.798Z - [WATCHER]: Processing file changes in outputs
[NX v22.7.2 Daemon Server] - 2026-08-09T21:03:14.798Z - [WATCHER]: packages/shared/tsconfig.json was modified
[NX v22.7.2 Daemon Server] - 2026-08-09T21:03:14.799Z - [WATCHER]: File changes detected:
Created:
(none)
Updated:
  - packages/shared/tsconfig.json
Deleted:
(none)
[NX v22.7.2 Daemon Server] - 2026-08-09T21:03:14.799Z - [SYNC]: clearing sync generators cache due to file changes
[NX v22.7.2 Daemon Server] - 2026-08-09T21:03:21.200Z - [REQUEST]: Updated workspace context based on watched changes, recomputing project graph...
[NX v22.7.2 Daemon Server] - 2026-08-09T21:03:21.200Z - [REQUEST]: packages/shared/tsconfig.json
[NX v22.7.2 Daemon Server] - 2026-08-09T21:03:21.200Z - [REQUEST]: 
[plugin-client] restarting worker for "@nx/angular/plugin"
[isolated-plugin] spawned worker for "@nx/angular/plugin" (pid: 861351, socket: /tmp/plugin823708-180-5132099.614381.sock)
[plugin-client] restarting worker for "nx/js/dependencies-and-lockfile"
[isolated-plugin] spawned worker for "nx/js/dependencies-and-lockfile" (pid: 861352, socket: /tmp/plugin823708-181-5132109.10565.sock)
[plugin-client] restarting worker for "nx/core/package-json"
[isolated-plugin] spawned worker for "nx/core/package-json" (pid: 861358, socket: /tmp/plugin823708-182-5132117.279085.sock)
[plugin-client] restarting worker for "nx/core/project-json"
[isolated-plugin] spawned worker for "nx/core/project-json" (pid: 861364, socket: /tmp/plugin823708-183-5132124.337606.sock)
[NX v22.7.2 Daemon Server] - 2026-08-09T21:03:21.241Z - Time taken for 'hash changed files from watcher' 0.5010909996926785ms
[plugin-worker] "@nx/angular/plugin" (pid: 861351) listening on /tmp/plugin823708-180-5132099.614381.sock
Time taken for 'plugin worker 861351 code loading' 63.22541600000001ms
[isolated-plugin] connected to worker for "@nx/angular/plugin" (pid: 861351)
[NX v22.7.2 Daemon Server] - 2026-08-09T21:03:21.315Z - Time taken for 'start-plugin-worker:@nx/angular/plugin' 106.63835499994457ms
[plugin-worker] "@nx/angular/plugin" (pid: 861351) connected
[plugin-worker] "nx/js/dependencies-and-lockfile" (pid: 861352) listening on /tmp/plugin823708-181-5132109.10565.sock
Time taken for 'plugin worker 861352 code loading' 59.246738ms
[isolated-plugin] connected to worker for "nx/js/dependencies-and-lockfile" (pid: 861352)
[NX v22.7.2 Daemon Server] - 2026-08-09T21:03:21.324Z - Time taken for 'start-plugin-worker:nx/js/dependencies-and-lockfile' 106.25997800007463ms
[plugin-worker] "nx/js/dependencies-and-lockfile" (pid: 861352) connected
[plugin-worker] "nx/core/project-json" (pid: 861364) listening on /tmp/plugin823708-183-5132124.337606.sock
Time taken for 'plugin worker 861364 code loading' 61.063909ms
[plugin-worker] "nx/core/package-json" (pid: 861358) listening on /tmp/plugin823708-182-5132117.279085.sock
Time taken for 'plugin worker 861358 code loading' 65.154276ms
[isolated-plugin] connected to worker for "nx/core/project-json" (pid: 861364)
[isolated-plugin] connected to worker for "nx/core/package-json" (pid: 861358)
[NX v22.7.2 Daemon Server] - 2026-08-09T21:03:21.335Z - Time taken for 'start-plugin-worker:nx/core/package-json' 109.0012690005824ms
[NX v22.7.2 Daemon Server] - 2026-08-09T21:03:21.335Z - Time taken for 'start-plugin-worker:nx/core/project-json' 101.72515599988401ms
[plugin-worker] "nx/core/package-json" (pid: 861358) connected
[plugin-worker] "nx/core/project-json" (pid: 861364) connected
[plugin-worker] "nx/js/dependencies-and-lockfile" (pid: 861352) loaded successfully
[plugin-worker] "nx/core/project-json" (pid: 861364) loaded successfully
[isolated-plugin] shutting down worker for "nx/core/project-json" after createNodes
Time taken for 'nx/js/dependencies-and-lockfile:createNodes' 10.725507000000022ms
[plugin-worker] "nx/core/package-json" (pid: 861358) loaded successfully
[isolated-plugin] shutting down worker for "nx/core/package-json" after createNodes
[plugin-worker] "@nx/angular/plugin" (pid: 861351) loaded successfully
[isolated-plugin] shutting down worker for "@nx/angular/plugin" after createNodes
[NX v22.7.2 Daemon Server] - 2026-08-09T21:03:21.407Z - Time taken for 'build-project-configs' 192.75101399980485ms
[NX v22.7.2 Daemon Server] - 2026-08-09T21:03:21.407Z - Time taken for 'createNodes:merge' 1.2604550002142787ms
[NX v22.7.2 Daemon Server] - 2026-08-09T21:03:21.407Z - Time taken for 'get-all-workspace-files' 0.15617500059306622ms
Time taken for 'build typescript dependencies' 0.12958100000000172ms
[isolated-plugin] shutting down worker for "nx/js/dependencies-and-lockfile" after createDependencies
[NX v22.7.2 Daemon Server] - 2026-08-09T21:03:21.421Z - [SYNC]: collect registered sync generators
[NX v22.7.2 Daemon Server] - 2026-08-09T21:03:21.421Z - [SYNC]: project graph hash is the same, not collecting task sync generators
[NX v22.7.2 Daemon Server] - 2026-08-09T21:03:21.421Z - [SYNC]: nx.json hash is the same, not collecting global sync generators
[NX v22.7.2 Daemon Server] - 2026-08-09T21:03:21.421Z - Time taken for 'total execution time for createProjectGraph()' 16.185994000174105ms
[NX v22.7.2 Daemon Server] - 2026-08-09T21:03:21.421Z - Time taken for 'createDependencies' 13.600582000799477ms
[NX v22.7.2 Daemon Server] - 2026-08-09T21:03:21.421Z - Time taken for 'nx/js/dependencies-and-lockfile:createDependencies' 13.510096999816597ms
[NX v22.7.2 Daemon Server] - 2026-08-09T21:03:21.421Z - Time taken for 'createMetadata' 0.007327999919652939ms
[NX v22.7.2 Daemon Server] - 2026-08-09T21:03:21.421Z - Time taken for 'serialize graph' 2.8504149997606874ms
[NX v22.7.2 Daemon Server] - 2026-08-09T21:03:30.855Z - [WATCHER]: packages/portal/tsconfig.json was modified
[NX v22.7.2 Daemon Server] - 2026-08-09T21:03:30.855Z - [WATCHER]: File changes detected:
Created:
(none)
Updated:
  - packages/portal/tsconfig.json
Deleted:
(none)
[NX v22.7.2 Daemon Server] - 2026-08-09T21:03:30.855Z - [SYNC]: clearing sync generators cache due to file changes
[NX v22.7.2 Daemon Server] - 2026-08-09T21:03:30.855Z - [WATCHER]: Processing file changes in outputs
[NX v22.7.2 Daemon Server] - 2026-08-09T21:03:31.800Z - [WATCHER]: packages/portal/tsconfig.json was modified
[NX v22.7.2 Daemon Server] - 2026-08-09T21:03:31.801Z - [WATCHER]: File changes detected:
Created:
(none)
Updated:
  - packages/portal/tsconfig.json
Deleted:
(none)
[NX v22.7.2 Daemon Server] - 2026-08-09T21:03:31.801Z - [SYNC]: clearing sync generators cache due to file changes
[NX v22.7.2 Daemon Server] - 2026-08-09T21:03:31.801Z - [WATCHER]: Processing file changes in outputs
[NX v22.7.2 Daemon Server] - 2026-08-09T21:03:35.104Z - [WATCHER]: Processing file changes in outputs
[NX v22.7.2 Daemon Server] - 2026-08-09T21:03:35.104Z - [WATCHER]: packages/shared/tsconfig.json was modified
[NX v22.7.2 Daemon Server] - 2026-08-09T21:03:35.104Z - [WATCHER]: File changes detected:
Created:
(none)
Updated:
  - packages/shared/tsconfig.json
Deleted:
(none)
[NX v22.7.2 Daemon Server] - 2026-08-09T21:03:35.104Z - [SYNC]: clearing sync generators cache due to file changes
[NX v22.7.2 Daemon Server] - 2026-08-09T21:03:37.256Z - [REQUEST]: Updated workspace context based on watched changes, recomputing project graph...
[NX v22.7.2 Daemon Server] - 2026-08-09T21:03:37.256Z - [REQUEST]: packages/portal/tsconfig.json,packages/shared/tsconfig.json
[NX v22.7.2 Daemon Server] - 2026-08-09T21:03:37.256Z - [REQUEST]: 
[plugin-client] restarting worker for "@nx/angular/plugin"
[isolated-plugin] spawned worker for "@nx/angular/plugin" (pid: 862011, socket: /tmp/plugin823708-184-5148153.87547.sock)
[plugin-client] restarting worker for "nx/js/dependencies-and-lockfile"
[isolated-plugin] spawned worker for "nx/js/dependencies-and-lockfile" (pid: 862012, socket: /tmp/plugin823708-185-5148161.54306.sock)
[plugin-client] restarting worker for "nx/core/package-json"
[isolated-plugin] spawned worker for "nx/core/package-json" (pid: 862024, socket: /tmp/plugin823708-186-5148167.86963.sock)
[plugin-client] restarting worker for "nx/core/project-json"
[isolated-plugin] spawned worker for "nx/core/project-json" (pid: 862027, socket: /tmp/plugin823708-187-5148175.019739.sock)
[NX v22.7.2 Daemon Server] - 2026-08-09T21:03:37.291Z - Time taken for 'hash changed files from watcher' 0.47250100038945675ms
[plugin-worker] "nx/js/dependencies-and-lockfile" (pid: 862012) listening on /tmp/plugin823708-185-5148161.54306.sock
[plugin-worker] "@nx/angular/plugin" (pid: 862011) listening on /tmp/plugin823708-184-5148153.87547.sock
[isolated-plugin] connected to worker for "@nx/angular/plugin" (pid: 862011)
[isolated-plugin] connected to worker for "nx/js/dependencies-and-lockfile" (pid: 862012)
[NX v22.7.2 Daemon Server] - 2026-08-09T21:03:37.366Z - Time taken for 'start-plugin-worker:@nx/angular/plugin' 102.51356899924576ms
[NX v22.7.2 Daemon Server] - 2026-08-09T21:03:37.366Z - Time taken for 'start-plugin-worker:nx/js/dependencies-and-lockfile' 94.97151999920607ms
[plugin-worker] "@nx/angular/plugin" (pid: 862011) connected
[plugin-worker] "nx/js/dependencies-and-lockfile" (pid: 862012) connected
Time taken for 'plugin worker 862011 code loading' 65.769769ms
Time taken for 'plugin worker 862012 code loading' 62.169681999999995ms
[plugin-worker] "nx/core/package-json" (pid: 862024) listening on /tmp/plugin823708-186-5148167.86963.sock
Time taken for 'plugin worker 862024 code loading' 61.155094999999996ms
[plugin-worker] "nx/core/project-json" (pid: 862027) listening on /tmp/plugin823708-187-5148175.019739.sock
Time taken for 'plugin worker 862027 code loading' 57.747144000000006ms
[isolated-plugin] connected to worker for "nx/core/project-json" (pid: 862027)
[isolated-plugin] connected to worker for "nx/core/package-json" (pid: 862024)
[NX v22.7.2 Daemon Server] - 2026-08-09T21:03:37.376Z - Time taken for 'start-plugin-worker:nx/core/package-json' 99.95997899957001ms
[NX v22.7.2 Daemon Server] - 2026-08-09T21:03:37.376Z - Time taken for 'start-plugin-worker:nx/core/project-json' 92.27244399953634ms
[plugin-worker] "nx/core/project-json" (pid: 862027) connected
[plugin-worker] "nx/core/package-json" (pid: 862024) connected
[plugin-worker] "nx/js/dependencies-and-lockfile" (pid: 862012) loaded successfully
[plugin-worker] "nx/core/project-json" (pid: 862027) loaded successfully
[isolated-plugin] shutting down worker for "nx/core/project-json" after createNodes
Time taken for 'nx/js/dependencies-and-lockfile:createNodes' 12.06778700000001ms
[plugin-worker] "nx/core/package-json" (pid: 862024) loaded successfully
[isolated-plugin] shutting down worker for "nx/core/package-json" after createNodes
[plugin-worker] "@nx/angular/plugin" (pid: 862011) loaded successfully
[isolated-plugin] shutting down worker for "@nx/angular/plugin" after createNodes
[NX v22.7.2 Daemon Server] - 2026-08-09T21:03:37.477Z - Time taken for 'build-project-configs' 209.59707900043577ms
[NX v22.7.2 Daemon Server] - 2026-08-09T21:03:37.477Z - Time taken for 'createNodes:merge' 0.8529099998995662ms
[NX v22.7.2 Daemon Server] - 2026-08-09T21:03:37.477Z - Time taken for 'get-all-workspace-files' 0.05522399954497814ms
Time taken for 'build typescript dependencies' 4.413659999999993ms
[isolated-plugin] shutting down worker for "nx/js/dependencies-and-lockfile" after createDependencies
[NX v22.7.2 Daemon Server] - 2026-08-09T21:03:37.498Z - [SYNC]: collect registered sync generators
[NX v22.7.2 Daemon Server] - 2026-08-09T21:03:37.498Z - [SYNC]: project graph hash is the same, not collecting task sync generators
[NX v22.7.2 Daemon Server] - 2026-08-09T21:03:37.498Z - [SYNC]: nx.json hash is the same, not collecting global sync generators
[NX v22.7.2 Daemon Server] - 2026-08-09T21:03:37.498Z - Time taken for 'total execution time for createProjectGraph()' 21.890522999688983ms
[NX v22.7.2 Daemon Server] - 2026-08-09T21:03:37.498Z - Time taken for 'createDependencies' 19.516871999949217ms
[NX v22.7.2 Daemon Server] - 2026-08-09T21:03:37.498Z - Time taken for 'nx/js/dependencies-and-lockfile:createDependencies' 19.405226999893785ms
[NX v22.7.2 Daemon Server] - 2026-08-09T21:03:37.498Z - Time taken for 'createMetadata' 0.009314999915659428ms
[NX v22.7.2 Daemon Server] - 2026-08-09T21:03:37.498Z - Time taken for 'serialize graph' 3.063883999362588ms
[NX v22.7.2 Daemon Server] - 2026-08-09T21:05:04.326Z - [WATCHER]: Processing file changes in outputs
[NX v22.7.2 Daemon Server] - 2026-08-09T21:05:04.326Z - [WATCHER]: packages/shared/src/index.ts was modified
[NX v22.7.2 Daemon Server] - 2026-08-09T21:05:04.326Z - [WATCHER]: File changes detected:
Created:
(none)
Updated:
  - packages/shared/src/index.ts
Deleted:
(none)
[NX v22.7.2 Daemon Server] - 2026-08-09T21:05:04.326Z - [SYNC]: clearing sync generators cache due to file changes
[NX v22.7.2 Daemon Server] - 2026-08-09T21:05:10.725Z - [REQUEST]: Updated workspace context based on watched changes, recomputing project graph...
[NX v22.7.2 Daemon Server] - 2026-08-09T21:05:10.725Z - [REQUEST]: packages/shared/src/index.ts
[NX v22.7.2 Daemon Server] - 2026-08-09T21:05:10.725Z - [REQUEST]: 
[plugin-client] restarting worker for "@nx/angular/plugin"
[isolated-plugin] spawned worker for "@nx/angular/plugin" (pid: 862857, socket: /tmp/plugin823708-188-5241633.176267.sock)
[plugin-client] restarting worker for "nx/js/dependencies-and-lockfile"
[isolated-plugin] spawned worker for "nx/js/dependencies-and-lockfile" (pid: 862858, socket: /tmp/plugin823708-189-5241642.152757.sock)
[plugin-client] restarting worker for "nx/core/package-json"
[isolated-plugin] spawned worker for "nx/core/package-json" (pid: 862869, socket: /tmp/plugin823708-190-5241649.301299.sock)
[plugin-client] restarting worker for "nx/core/project-json"
[isolated-plugin] spawned worker for "nx/core/project-json" (pid: 862870, socket: /tmp/plugin823708-191-5241656.673778.sock)
[NX v22.7.2 Daemon Server] - 2026-08-09T21:05:10.763Z - Time taken for 'hash changed files from watcher' 0.37459000013768673ms
[plugin-worker] "@nx/angular/plugin" (pid: 862857) listening on /tmp/plugin823708-188-5241633.176267.sock
Time taken for 'plugin worker 862857 code loading' 63.701789000000005ms
[plugin-worker] "nx/js/dependencies-and-lockfile" (pid: 862858) listening on /tmp/plugin823708-189-5241642.152757.sock
[isolated-plugin] connected to worker for "@nx/angular/plugin" (pid: 862857)
[isolated-plugin] connected to worker for "nx/js/dependencies-and-lockfile" (pid: 862858)
[NX v22.7.2 Daemon Server] - 2026-08-09T21:05:10.840Z - Time taken for 'start-plugin-worker:@nx/angular/plugin' 106.59589500073344ms
[NX v22.7.2 Daemon Server] - 2026-08-09T21:05:10.840Z - Time taken for 'start-plugin-worker:nx/js/dependencies-and-lockfile' 97.68810400087386ms
[plugin-worker] "nx/js/dependencies-and-lockfile" (pid: 862858) connected
[plugin-worker] "@nx/angular/plugin" (pid: 862857) connected
Time taken for 'plugin worker 862858 code loading' 67.05979500000001ms
[plugin-worker] "nx/core/package-json" (pid: 862869) listening on /tmp/plugin823708-190-5241649.301299.sock
Time taken for 'plugin worker 862869 code loading' 62.558999ms
[isolated-plugin] connected to worker for "nx/core/package-json" (pid: 862869)
[NX v22.7.2 Daemon Server] - 2026-08-09T21:05:10.851Z - Time taken for 'start-plugin-worker:nx/core/package-json' 101.44152799993753ms
[plugin-worker] "nx/core/package-json" (pid: 862869) connected
[plugin-worker] "nx/core/project-json" (pid: 862870) listening on /tmp/plugin823708-191-5241656.673778.sock
Time taken for 'plugin worker 862870 code loading' 66.442399ms
[isolated-plugin] connected to worker for "nx/core/project-json" (pid: 862870)
[NX v22.7.2 Daemon Server] - 2026-08-09T21:05:10.862Z - Time taken for 'start-plugin-worker:nx/core/project-json' 104.72701499983668ms
[plugin-worker] "nx/core/project-json" (pid: 862870) connected
[plugin-worker] "nx/js/dependencies-and-lockfile" (pid: 862858) loaded successfully
[plugin-worker] "nx/core/package-json" (pid: 862869) loaded successfully
Time taken for 'nx/js/dependencies-and-lockfile:createNodes' 10.294270999999995ms
[plugin-worker] "nx/core/project-json" (pid: 862870) loaded successfully
[isolated-plugin] shutting down worker for "nx/core/package-json" after createNodes
[isolated-plugin] shutting down worker for "nx/core/project-json" after createNodes
[plugin-worker] "@nx/angular/plugin" (pid: 862857) loaded successfully
[isolated-plugin] shutting down worker for "@nx/angular/plugin" after createNodes
[NX v22.7.2 Daemon Server] - 2026-08-09T21:05:10.927Z - Time taken for 'build-project-configs' 189.41454000025988ms
[NX v22.7.2 Daemon Server] - 2026-08-09T21:05:10.927Z - Time taken for 'createNodes:merge' 0.9507369995117188ms
[NX v22.7.2 Daemon Server] - 2026-08-09T21:05:10.927Z - Time taken for 'get-all-workspace-files' 0.05669499933719635ms
[isolated-plugin] shutting down worker for "nx/js/dependencies-and-lockfile" after createDependencies
[NX v22.7.2 Daemon Server] - 2026-08-09T21:05:10.951Z - [SYNC]: collect registered sync generators
[NX v22.7.2 Daemon Server] - 2026-08-09T21:05:10.951Z - [SYNC]: project graph hash is the same, not collecting task sync generators
[NX v22.7.2 Daemon Server] - 2026-08-09T21:05:10.951Z - [SYNC]: nx.json hash is the same, not collecting global sync generators
[NX v22.7.2 Daemon Server] - 2026-08-09T21:05:10.951Z - Time taken for 'total execution time for createProjectGraph()' 23.612170999869704ms
[NX v22.7.2 Daemon Server] - 2026-08-09T21:05:10.951Z - Time taken for 'createDependencies' 21.2655130000785ms
[NX v22.7.2 Daemon Server] - 2026-08-09T21:05:10.951Z - Time taken for 'nx/js/dependencies-and-lockfile:createDependencies' 21.158335000276566ms
[NX v22.7.2 Daemon Server] - 2026-08-09T21:05:10.951Z - Time taken for 'createMetadata' 0.009682999923825264ms
[NX v22.7.2 Daemon Server] - 2026-08-09T21:05:10.951Z - Time taken for 'serialize graph' 4.077262000180781ms
[NX v22.7.2 Daemon Server] - 2026-08-09T21:05:51.619Z - [WATCHER]: packages/shared/src/lib/types/tenant.types.ts was modified
[NX v22.7.2 Daemon Server] - 2026-08-09T21:05:51.619Z - [WATCHER]: File changes detected:
Created:
(none)
Updated:
  - packages/shared/src/lib/types/tenant.types.ts
Deleted:
(none)
[NX v22.7.2 Daemon Server] - 2026-08-09T21:05:51.619Z - [SYNC]: clearing sync generators cache due to file changes
[NX v22.7.2 Daemon Server] - 2026-08-09T21:05:51.619Z - [WATCHER]: Processing file changes in outputs
[NX v22.7.2 Daemon Server] - 2026-08-09T21:05:58.020Z - [REQUEST]: Updated workspace context based on watched changes, recomputing project graph...
[NX v22.7.2 Daemon Server] - 2026-08-09T21:05:58.020Z - [REQUEST]: packages/shared/src/lib/types/tenant.types.ts
[NX v22.7.2 Daemon Server] - 2026-08-09T21:05:58.020Z - [REQUEST]: 
[plugin-client] restarting worker for "@nx/angular/plugin"
[isolated-plugin] spawned worker for "@nx/angular/plugin" (pid: 863406, socket: /tmp/plugin823708-192-5288928.327395.sock)
[plugin-client] restarting worker for "nx/js/dependencies-and-lockfile"
[isolated-plugin] spawned worker for "nx/js/dependencies-and-lockfile" (pid: 863407, socket: /tmp/plugin823708-193-5288936.508687.sock)
[plugin-client] restarting worker for "nx/core/package-json"
[isolated-plugin] spawned worker for "nx/core/package-json" (pid: 863418, socket: /tmp/plugin823708-194-5288944.553326.sock)
[plugin-client] restarting worker for "nx/core/project-json"
[isolated-plugin] spawned worker for "nx/core/project-json" (pid: 863419, socket: /tmp/plugin823708-195-5288953.279969.sock)
[NX v22.7.2 Daemon Server] - 2026-08-09T21:05:58.057Z - Time taken for 'hash changed files from watcher' 0.3330999994650483ms
[plugin-worker] "@nx/angular/plugin" (pid: 863406) listening on /tmp/plugin823708-192-5288928.327395.sock
Time taken for 'plugin worker 863406 code loading' 67.244907ms
[isolated-plugin] connected to worker for "@nx/angular/plugin" (pid: 863406)
[NX v22.7.2 Daemon Server] - 2026-08-09T21:05:58.135Z - Time taken for 'start-plugin-worker:@nx/angular/plugin' 108.64099000021815ms
[plugin-worker] "nx/js/dependencies-and-lockfile" (pid: 863407) listening on /tmp/plugin823708-193-5288936.508687.sock
Time taken for 'plugin worker 863407 code loading' 67.685969ms
[plugin-worker] "@nx/angular/plugin" (pid: 863406) connected
[isolated-plugin] connected to worker for "nx/js/dependencies-and-lockfile" (pid: 863407)
[NX v22.7.2 Daemon Server] - 2026-08-09T21:05:58.145Z - Time taken for 'start-plugin-worker:nx/js/dependencies-and-lockfile' 110.86871399916708ms
[plugin-worker] "nx/js/dependencies-and-lockfile" (pid: 863407) connected
[plugin-worker] "nx/core/package-json" (pid: 863418) listening on /tmp/plugin823708-194-5288944.553326.sock
Time taken for 'plugin worker 863418 code loading' 69.04817200000001ms
[isolated-plugin] connected to worker for "nx/core/package-json" (pid: 863418)
[NX v22.7.2 Daemon Server] - 2026-08-09T21:05:58.156Z - Time taken for 'start-plugin-worker:nx/core/package-json' 113.6342240003869ms
[plugin-worker] "nx/core/package-json" (pid: 863418) connected
[plugin-worker] "nx/core/project-json" (pid: 863419) listening on /tmp/plugin823708-195-5288953.279969.sock
Time taken for 'plugin worker 863419 code loading' 77.832663ms
[isolated-plugin] connected to worker for "nx/core/project-json" (pid: 863419)
[NX v22.7.2 Daemon Server] - 2026-08-09T21:05:58.172Z - Time taken for 'start-plugin-worker:nx/core/project-json' 121.2378199994564ms
[plugin-worker] "nx/core/project-json" (pid: 863419) connected
[plugin-worker] "nx/js/dependencies-and-lockfile" (pid: 863407) loaded successfully
[plugin-worker] "nx/core/package-json" (pid: 863418) loaded successfully
Time taken for 'nx/js/dependencies-and-lockfile:createNodes' 14.768912999999998ms
[isolated-plugin] shutting down worker for "nx/core/package-json" after createNodes
[plugin-worker] "nx/core/project-json" (pid: 863419) loaded successfully
[isolated-plugin] shutting down worker for "nx/core/project-json" after createNodes
[plugin-worker] "@nx/angular/plugin" (pid: 863406) loaded successfully
[isolated-plugin] shutting down worker for "@nx/angular/plugin" after createNodes
[NX v22.7.2 Daemon Server] - 2026-08-09T21:05:58.237Z - Time taken for 'build-project-configs' 206.01677399966866ms
[NX v22.7.2 Daemon Server] - 2026-08-09T21:05:58.237Z - Time taken for 'createNodes:merge' 0.8498339997604489ms
[NX v22.7.2 Daemon Server] - 2026-08-09T21:05:58.237Z - Time taken for 'get-all-workspace-files' 0.0665319999679923ms
Time taken for 'build typescript dependencies' 6.535164000000009ms
[isolated-plugin] shutting down worker for "nx/js/dependencies-and-lockfile" after createDependencies
[NX v22.7.2 Daemon Server] - 2026-08-09T21:05:58.260Z - [SYNC]: collect registered sync generators
[NX v22.7.2 Daemon Server] - 2026-08-09T21:05:58.260Z - [SYNC]: project graph hash is the same, not collecting task sync generators
[NX v22.7.2 Daemon Server] - 2026-08-09T21:05:58.260Z - [SYNC]: nx.json hash is the same, not collecting global sync generators
[NX v22.7.2 Daemon Server] - 2026-08-09T21:05:58.261Z - Time taken for 'total execution time for createProjectGraph()' 24.550861000083387ms
[NX v22.7.2 Daemon Server] - 2026-08-09T21:05:58.261Z - Time taken for 'createDependencies' 21.969730000011623ms
[NX v22.7.2 Daemon Server] - 2026-08-09T21:05:58.261Z - Time taken for 'nx/js/dependencies-and-lockfile:createDependencies' 21.838147999718785ms
[NX v22.7.2 Daemon Server] - 2026-08-09T21:05:58.261Z - Time taken for 'createMetadata' 0.008719000034034252ms
[NX v22.7.2 Daemon Server] - 2026-08-09T21:05:58.261Z - Time taken for 'serialize graph' 2.9544839998707175ms
[NX v22.7.2 Daemon Server] - 2026-08-09T21:06:32.032Z - [WATCHER]: Processing file changes in outputs
[NX v22.7.2 Daemon Server] - 2026-08-09T21:06:32.033Z - [WATCHER]: packages/shared/src/lib/types/tenant.types.ts was modified
[NX v22.7.2 Daemon Server] - 2026-08-09T21:06:32.033Z - [WATCHER]: File changes detected:
Created:
(none)
Updated:
  - packages/shared/src/lib/types/tenant.types.ts
Deleted:
(none)
[NX v22.7.2 Daemon Server] - 2026-08-09T21:06:32.033Z - [SYNC]: clearing sync generators cache due to file changes
[NX v22.7.2 Daemon Server] - 2026-08-09T21:06:36.095Z - [WATCHER]: packages/shared/tsconfig.json was modified
[NX v22.7.2 Daemon Server] - 2026-08-09T21:06:36.095Z - [WATCHER]: File changes detected:
Created:
(none)
Updated:
  - packages/shared/tsconfig.json
Deleted:
(none)
[NX v22.7.2 Daemon Server] - 2026-08-09T21:06:36.095Z - [SYNC]: clearing sync generators cache due to file changes
[NX v22.7.2 Daemon Server] - 2026-08-09T21:06:36.095Z - [WATCHER]: Processing file changes in outputs
[NX v22.7.2 Daemon Server] - 2026-08-09T21:06:38.434Z - [REQUEST]: Updated workspace context based on watched changes, recomputing project graph...
[NX v22.7.2 Daemon Server] - 2026-08-09T21:06:38.434Z - [REQUEST]: packages/shared/src/lib/types/tenant.types.ts,packages/shared/tsconfig.json
[NX v22.7.2 Daemon Server] - 2026-08-09T21:06:38.434Z - [REQUEST]: 
[plugin-client] restarting worker for "@nx/angular/plugin"
[isolated-plugin] spawned worker for "@nx/angular/plugin" (pid: 864145, socket: /tmp/plugin823708-196-5329347.058337.sock)
[plugin-client] restarting worker for "nx/js/dependencies-and-lockfile"
[isolated-plugin] spawned worker for "nx/js/dependencies-and-lockfile" (pid: 864146, socket: /tmp/plugin823708-197-5329354.772039.sock)
[plugin-client] restarting worker for "nx/core/package-json"
[isolated-plugin] spawned worker for "nx/core/package-json" (pid: 864152, socket: /tmp/plugin823708-198-5329363.127056.sock)
[plugin-client] restarting worker for "nx/core/project-json"
[isolated-plugin] spawned worker for "nx/core/project-json" (pid: 864158, socket: /tmp/plugin823708-199-5329370.568405.sock)
[NX v22.7.2 Daemon Server] - 2026-08-09T21:06:38.473Z - Time taken for 'hash changed files from watcher' 0.6145100006833673ms
[plugin-worker] "@nx/angular/plugin" (pid: 864145) listening on /tmp/plugin823708-196-5329347.058337.sock
Time taken for 'plugin worker 864145 code loading' 73.49586ms
[plugin-worker] "nx/js/dependencies-and-lockfile" (pid: 864146) listening on /tmp/plugin823708-197-5329354.772039.sock
Time taken for 'plugin worker 864146 code loading' 72.453954ms
[isolated-plugin] connected to worker for "@nx/angular/plugin" (pid: 864145)
[isolated-plugin] connected to worker for "nx/js/dependencies-and-lockfile" (pid: 864146)
[NX v22.7.2 Daemon Server] - 2026-08-09T21:06:38.561Z - Time taken for 'start-plugin-worker:@nx/angular/plugin' 118.21532100066543ms
[NX v22.7.2 Daemon Server] - 2026-08-09T21:06:38.561Z - Time taken for 'start-plugin-worker:nx/js/dependencies-and-lockfile' 110.71631700079888ms
[plugin-worker] "@nx/angular/plugin" (pid: 864145) connected
[plugin-worker] "nx/js/dependencies-and-lockfile" (pid: 864146) connected
[plugin-worker] "nx/core/package-json" (pid: 864152) listening on /tmp/plugin823708-198-5329363.127056.sock
Time taken for 'plugin worker 864152 code loading' 69.884783ms
[plugin-worker] "nx/core/project-json" (pid: 864158) listening on /tmp/plugin823708-199-5329370.568405.sock
Time taken for 'plugin worker 864158 code loading' 67.46295599999999ms
[isolated-plugin] connected to worker for "nx/core/package-json" (pid: 864152)
[NX v22.7.2 Daemon Server] - 2026-08-09T21:06:38.571Z - Time taken for 'start-plugin-worker:nx/core/package-json' 111.82028399966657ms
[plugin-worker] "nx/core/package-json" (pid: 864152) connected
[isolated-plugin] connected to worker for "nx/core/project-json" (pid: 864158)
[NX v22.7.2 Daemon Server] - 2026-08-09T21:06:38.577Z - Time taken for 'start-plugin-worker:nx/core/project-json' 110.44323000032455ms
[plugin-worker] "nx/core/project-json" (pid: 864158) connected
[plugin-worker] "nx/js/dependencies-and-lockfile" (pid: 864146) loaded successfully
[plugin-worker] "nx/core/package-json" (pid: 864152) loaded successfully
[plugin-worker] "nx/core/project-json" (pid: 864158) loaded successfully
[isolated-plugin] shutting down worker for "nx/core/project-json" after createNodes
[isolated-plugin] shutting down worker for "nx/core/package-json" after createNodes
Time taken for 'nx/js/dependencies-and-lockfile:createNodes' 10.734708999999981ms
[plugin-worker] "@nx/angular/plugin" (pid: 864145) loaded successfully
[isolated-plugin] shutting down worker for "@nx/angular/plugin" after createNodes
[NX v22.7.2 Daemon Server] - 2026-08-09T21:06:38.645Z - Time taken for 'build-project-configs' 197.78405399993062ms
[NX v22.7.2 Daemon Server] - 2026-08-09T21:06:38.645Z - Time taken for 'createNodes:merge' 1.5664849998429418ms
[NX v22.7.2 Daemon Server] - 2026-08-09T21:06:38.645Z - Time taken for 'get-all-workspace-files' 0.053732999600470066ms
Time taken for 'build typescript dependencies' 5.937349000000012ms
[isolated-plugin] shutting down worker for "nx/js/dependencies-and-lockfile" after createDependencies
[NX v22.7.2 Daemon Server] - 2026-08-09T21:06:38.667Z - [SYNC]: collect registered sync generators
[NX v22.7.2 Daemon Server] - 2026-08-09T21:06:38.667Z - [SYNC]: project graph hash is the same, not collecting task sync generators
[NX v22.7.2 Daemon Server] - 2026-08-09T21:06:38.668Z - [SYNC]: nx.json hash is the same, not collecting global sync generators
[NX v22.7.2 Daemon Server] - 2026-08-09T21:06:38.668Z - Time taken for 'total execution time for createProjectGraph()' 23.11037699971348ms
[NX v22.7.2 Daemon Server] - 2026-08-09T21:06:38.668Z - Time taken for 'createDependencies' 20.62772399932146ms
[NX v22.7.2 Daemon Server] - 2026-08-09T21:06:38.668Z - Time taken for 'nx/js/dependencies-and-lockfile:createDependencies' 20.525627999566495ms
[NX v22.7.2 Daemon Server] - 2026-08-09T21:06:38.668Z - Time taken for 'createMetadata' 0.008932999335229397ms
[NX v22.7.2 Daemon Server] - 2026-08-09T21:06:38.668Z - Time taken for 'serialize graph' 3.024795999750495ms
[NX v22.7.2 Daemon Server] - 2026-08-09T21:06:55.381Z - [WATCHER]: 9 file(s) created or restored, 0 file(s) modified, 0 file(s) deleted
[NX v22.7.2 Daemon Server] - 2026-08-09T21:06:55.382Z - [WATCHER]: File changes detected:
Created:
  - packages/portal/cert/staging/staging.key
  - packages/portal/cert/local/localhost.crt
  - packages/portal/cert/local/localhost.ext
  - packages/portal/cert/local/localhost.decrypted.key
  - packages/portal/cert/local/localhost-chain.pem
  - packages/portal/cert/staging/staging.cert
  - packages/portal/cert/local/localhost.csr
  - packages/portal/cert/local/localhost.pem
  - packages/portal/cert/local/localhost.key
Updated:
(none)
Deleted:
(none)
[NX v22.7.2 Daemon Server] - 2026-08-09T21:06:55.382Z - [SYNC]: clearing sync generators cache due to file changes
[NX v22.7.2 Daemon Server] - 2026-08-09T21:06:55.382Z - [WATCHER]: Processing file changes in outputs
[NX v22.7.2 Daemon Server] - 2026-08-09T21:06:55.484Z - [REQUEST]: Updated workspace context based on watched changes, recomputing project graph...
[NX v22.7.2 Daemon Server] - 2026-08-09T21:06:55.484Z - [REQUEST]: packages/portal/cert/staging/staging.key,packages/portal/cert/local/localhost.crt,packages/portal/cert/local/localhost.ext,packages/portal/cert/local/localhost.decrypted.key,packages/portal/cert/local/localhost-chain.pem,packages/portal/cert/staging/staging.cert,packages/portal/cert/local/localhost.csr,packages/portal/cert/local/localhost.pem,packages/portal/cert/local/localhost.key
[NX v22.7.2 Daemon Server] - 2026-08-09T21:06:55.485Z - [REQUEST]: 
[plugin-client] restarting worker for "@nx/angular/plugin"
[isolated-plugin] spawned worker for "@nx/angular/plugin" (pid: 864339, socket: /tmp/plugin823708-200-5346400.285144.sock)
[plugin-client] restarting worker for "nx/js/dependencies-and-lockfile"
[isolated-plugin] spawned worker for "nx/js/dependencies-and-lockfile" (pid: 864341, socket: /tmp/plugin823708-201-5346409.828668.sock)
[plugin-client] restarting worker for "nx/core/package-json"
[isolated-plugin] spawned worker for "nx/core/package-json" (pid: 864346, socket: /tmp/plugin823708-202-5346417.629021.sock)
[plugin-client] restarting worker for "nx/core/project-json"
[isolated-plugin] spawned worker for "nx/core/project-json" (pid: 864352, socket: /tmp/plugin823708-203-5346424.556471.sock)
[NX v22.7.2 Daemon Server] - 2026-08-09T21:06:55.525Z - Time taken for 'hash changed files from watcher' 1.605134000070393ms
[plugin-worker] "@nx/angular/plugin" (pid: 864339) listening on /tmp/plugin823708-200-5346400.285144.sock
[isolated-plugin] connected to worker for "@nx/angular/plugin" (pid: 864339)
[NX v22.7.2 Daemon Server] - 2026-08-09T21:06:55.599Z - Time taken for 'start-plugin-worker:@nx/angular/plugin' 105.60372500028461ms
[plugin-worker] "@nx/angular/plugin" (pid: 864339) connected
Time taken for 'plugin worker 864339 code loading' 66.779291ms
[plugin-worker] "nx/core/package-json" (pid: 864346) listening on /tmp/plugin823708-202-5346417.629021.sock
Time taken for 'plugin worker 864346 code loading' 60.594374ms
[plugin-worker] "nx/js/dependencies-and-lockfile" (pid: 864341) listening on /tmp/plugin823708-201-5346409.828668.sock
Time taken for 'plugin worker 864341 code loading' 66.921438ms
[isolated-plugin] connected to worker for "nx/js/dependencies-and-lockfile" (pid: 864341)
[isolated-plugin] connected to worker for "nx/core/package-json" (pid: 864346)
[NX v22.7.2 Daemon Server] - 2026-08-09T21:06:55.609Z - Time taken for 'start-plugin-worker:nx/js/dependencies-and-lockfile' 105.91164899989963ms
[NX v22.7.2 Daemon Server] - 2026-08-09T21:06:55.609Z - Time taken for 'start-plugin-worker:nx/core/package-json' 98.26265699975193ms
[plugin-worker] "nx/core/package-json" (pid: 864346) connected
[plugin-worker] "nx/js/dependencies-and-lockfile" (pid: 864341) connected
[plugin-worker] "nx/core/project-json" (pid: 864352) listening on /tmp/plugin823708-203-5346424.556471.sock
Time taken for 'plugin worker 864352 code loading' 65.077821ms
[isolated-plugin] connected to worker for "nx/core/project-json" (pid: 864352)
[NX v22.7.2 Daemon Server] - 2026-08-09T21:06:55.620Z - Time taken for 'start-plugin-worker:nx/core/project-json' 102.04297100007534ms
[plugin-worker] "nx/core/project-json" (pid: 864352) connected
[plugin-worker] "nx/core/package-json" (pid: 864346) loaded successfully
[plugin-worker] "nx/js/dependencies-and-lockfile" (pid: 864341) loaded successfully
[isolated-plugin] shutting down worker for "nx/core/package-json" after createNodes
[plugin-worker] "nx/core/project-json" (pid: 864352) loaded successfully
[isolated-plugin] shutting down worker for "nx/core/project-json" after createNodes
Time taken for 'nx/js/dependencies-and-lockfile:createNodes' 11.364067999999989ms
[plugin-worker] "@nx/angular/plugin" (pid: 864339) loaded successfully
[isolated-plugin] shutting down worker for "@nx/angular/plugin" after createNodes
[NX v22.7.2 Daemon Server] - 2026-08-09T21:06:55.683Z - Time taken for 'build-project-configs' 185.22729000076652ms
[NX v22.7.2 Daemon Server] - 2026-08-09T21:06:55.683Z - Time taken for 'createNodes:merge' 1.4161359993740916ms
[NX v22.7.2 Daemon Server] - 2026-08-09T21:06:55.683Z - Time taken for 'get-all-workspace-files' 0.05889800004661083ms
Time taken for 'build typescript dependencies' 5.79485600000001ms
[isolated-plugin] shutting down worker for "nx/js/dependencies-and-lockfile" after createDependencies
[NX v22.7.2 Daemon Server] - 2026-08-09T21:06:55.706Z - [SYNC]: collect registered sync generators
[NX v22.7.2 Daemon Server] - 2026-08-09T21:06:55.707Z - [SYNC]: project graph hash is the same, not collecting task sync generators
[NX v22.7.2 Daemon Server] - 2026-08-09T21:06:55.707Z - [SYNC]: nx.json hash is the same, not collecting global sync generators
[NX v22.7.2 Daemon Server] - 2026-08-09T21:06:55.707Z - Time taken for 'total execution time for createProjectGraph()' 24.31004699971527ms
[NX v22.7.2 Daemon Server] - 2026-08-09T21:06:55.707Z - Time taken for 'createDependencies' 21.802523999474943ms
[NX v22.7.2 Daemon Server] - 2026-08-09T21:06:55.707Z - Time taken for 'nx/js/dependencies-and-lockfile:createDependencies' 21.637632999569178ms
[NX v22.7.2 Daemon Server] - 2026-08-09T21:06:55.707Z - Time taken for 'createMetadata' 0.009914999827742577ms
[NX v22.7.2 Daemon Server] - 2026-08-09T21:06:55.707Z - Time taken for 'serialize graph' 3.8059819992631674ms
[NX v22.7.2 Daemon Server] - 2026-08-09T21:07:06.457Z - [WATCHER]: 2 file(s) created or restored, 0 file(s) modified, 0 file(s) deleted
[NX v22.7.2 Daemon Server] - 2026-08-09T21:07:06.457Z - [WATCHER]: File changes detected:
Created:
  - packages/portal/scripts/gen.mjs
  - packages/portal/scripts/package.json
Updated:
(none)
Deleted:
(none)
[NX v22.7.2 Daemon Server] - 2026-08-09T21:07:06.457Z - [SYNC]: clearing sync generators cache due to file changes
[NX v22.7.2 Daemon Server] - 2026-08-09T21:07:06.457Z - [WATCHER]: Processing file changes in outputs
[NX v22.7.2 Daemon Server] - 2026-08-09T21:07:06.559Z - [REQUEST]: Updated workspace context based on watched changes, recomputing project graph...
[NX v22.7.2 Daemon Server] - 2026-08-09T21:07:06.559Z - [REQUEST]: packages/portal/scripts/gen.mjs,packages/portal/scripts/package.json
[NX v22.7.2 Daemon Server] - 2026-08-09T21:07:06.559Z - [REQUEST]: 
[plugin-client] restarting worker for "@nx/angular/plugin"
[isolated-plugin] spawned worker for "@nx/angular/plugin" (pid: 864513, socket: /tmp/plugin823708-204-5357471.359188.sock)
[plugin-client] restarting worker for "nx/js/dependencies-and-lockfile"
[isolated-plugin] spawned worker for "nx/js/dependencies-and-lockfile" (pid: 864514, socket: /tmp/plugin823708-205-5357480.73007.sock)
[plugin-client] restarting worker for "nx/core/package-json"
[isolated-plugin] spawned worker for "nx/core/package-json" (pid: 864520, socket: /tmp/plugin823708-206-5357488.798563.sock)
[plugin-client] restarting worker for "nx/core/project-json"
[isolated-plugin] spawned worker for "nx/core/project-json" (pid: 864526, socket: /tmp/plugin823708-207-5357496.542488.sock)
[NX v22.7.2 Daemon Server] - 2026-08-09T21:07:06.602Z - Time taken for 'hash changed files from watcher' 0.5694559998810291ms
[plugin-worker] "@nx/angular/plugin" (pid: 864513) listening on /tmp/plugin823708-204-5357471.359188.sock
Time taken for 'plugin worker 864513 code loading' 76.90292299999999ms
[isolated-plugin] connected to worker for "@nx/angular/plugin" (pid: 864513)
[NX v22.7.2 Daemon Server] - 2026-08-09T21:07:06.686Z - Time taken for 'start-plugin-worker:@nx/angular/plugin' 121.6768789999187ms
[plugin-worker] "@nx/angular/plugin" (pid: 864513) connected
[plugin-worker] "nx/js/dependencies-and-lockfile" (pid: 864514) listening on /tmp/plugin823708-205-5357480.73007.sock
Time taken for 'plugin worker 864514 code loading' 77.15542ms
[isolated-plugin] connected to worker for "nx/js/dependencies-and-lockfile" (pid: 864514)
[NX v22.7.2 Daemon Server] - 2026-08-09T21:07:06.697Z - Time taken for 'start-plugin-worker:nx/js/dependencies-and-lockfile' 122.75465600006282ms
[plugin-worker] "nx/js/dependencies-and-lockfile" (pid: 864514) connected
[plugin-worker] "nx/core/package-json" (pid: 864520) listening on /tmp/plugin823708-206-5357488.798563.sock
Time taken for 'plugin worker 864520 code loading' 72.517131ms
[plugin-worker] "nx/core/project-json" (pid: 864526) listening on /tmp/plugin823708-207-5357496.542488.sock
[isolated-plugin] connected to worker for "nx/core/project-json" (pid: 864526)
[NX v22.7.2 Daemon Server] - 2026-08-09T21:07:06.705Z - Time taken for 'start-plugin-worker:nx/core/project-json' 115.50136100035161ms
[plugin-worker] "nx/core/project-json" (pid: 864526) connected
Time taken for 'plugin worker 864526 code loading' 72.542726ms
[isolated-plugin] connected to worker for "nx/core/package-json" (pid: 864520)
[NX v22.7.2 Daemon Server] - 2026-08-09T21:07:06.707Z - Time taken for 'start-plugin-worker:nx/core/package-json' 125.43241100013256ms
[plugin-worker] "nx/core/package-json" (pid: 864520) connected
[plugin-worker] "nx/js/dependencies-and-lockfile" (pid: 864514) loaded successfully
[plugin-worker] "nx/core/project-json" (pid: 864526) loaded successfully
[plugin-worker] "nx/core/package-json" (pid: 864520) loaded successfully
[isolated-plugin] shutting down worker for "nx/core/project-json" after createNodes
Time taken for 'nx/js/dependencies-and-lockfile:createNodes' 10.067014999999998ms
[isolated-plugin] shutting down worker for "nx/core/package-json" after createNodes
[plugin-worker] "@nx/angular/plugin" (pid: 864513) loaded successfully
[isolated-plugin] shutting down worker for "@nx/angular/plugin" after createNodes
[NX v22.7.2 Daemon Server] - 2026-08-09T21:07:06.772Z - Time taken for 'build-project-configs' 202.30577499978244ms
[NX v22.7.2 Daemon Server] - 2026-08-09T21:07:06.772Z - Time taken for 'createNodes:merge' 1.1680859997868538ms
[NX v22.7.2 Daemon Server] - 2026-08-09T21:07:06.772Z - Time taken for 'get-all-workspace-files' 0.08148099947720766ms
Time taken for 'build typescript dependencies' 7.711982999999975ms
[isolated-plugin] shutting down worker for "nx/js/dependencies-and-lockfile" after createDependencies
[NX v22.7.2 Daemon Server] - 2026-08-09T21:07:06.796Z - [SYNC]: collect registered sync generators
[NX v22.7.2 Daemon Server] - 2026-08-09T21:07:06.797Z - [SYNC]: project graph hash is the same, not collecting task sync generators
[NX v22.7.2 Daemon Server] - 2026-08-09T21:07:06.797Z - [SYNC]: nx.json hash is the same, not collecting global sync generators
[NX v22.7.2 Daemon Server] - 2026-08-09T21:07:06.797Z - Time taken for 'total execution time for createProjectGraph()' 24.72461699973792ms
[NX v22.7.2 Daemon Server] - 2026-08-09T21:07:06.797Z - Time taken for 'createDependencies' 22.115299000404775ms
[NX v22.7.2 Daemon Server] - 2026-08-09T21:07:06.797Z - Time taken for 'nx/js/dependencies-and-lockfile:createDependencies' 21.997219999320805ms
[NX v22.7.2 Daemon Server] - 2026-08-09T21:07:06.797Z - Time taken for 'createMetadata' 0.01066100038588047ms
[NX v22.7.2 Daemon Server] - 2026-08-09T21:07:06.797Z - Time taken for 'serialize graph' 4.12854399997741ms
[NX v22.7.2 Daemon Server] - 2026-08-09T21:07:15.475Z - [WATCHER]: packages/portal/src/app/core/services/domain.ts was modified
[NX v22.7.2 Daemon Server] - 2026-08-09T21:07:15.475Z - [WATCHER]: File changes detected:
Created:
(none)
Updated:
  - packages/portal/src/app/core/services/domain.ts
Deleted:
(none)
[NX v22.7.2 Daemon Server] - 2026-08-09T21:07:15.475Z - [SYNC]: clearing sync generators cache due to file changes
[NX v22.7.2 Daemon Server] - 2026-08-09T21:07:15.475Z - [WATCHER]: Processing file changes in outputs
[NX v22.7.2 Daemon Server] - 2026-08-09T21:07:15.677Z - [REQUEST]: Updated workspace context based on watched changes, recomputing project graph...
[NX v22.7.2 Daemon Server] - 2026-08-09T21:07:15.677Z - [REQUEST]: packages/portal/src/app/core/services/domain.ts
[NX v22.7.2 Daemon Server] - 2026-08-09T21:07:15.677Z - [REQUEST]: 
[plugin-client] restarting worker for "@nx/angular/plugin"
[isolated-plugin] spawned worker for "@nx/angular/plugin" (pid: 864829, socket: /tmp/plugin823708-208-5366597.061554.sock)
[plugin-client] restarting worker for "nx/js/dependencies-and-lockfile"
[isolated-plugin] spawned worker for "nx/js/dependencies-and-lockfile" (pid: 864830, socket: /tmp/plugin823708-209-5366606.534757.sock)
[plugin-client] restarting worker for "nx/core/package-json"
[isolated-plugin] spawned worker for "nx/core/package-json" (pid: 864836, socket: /tmp/plugin823708-210-5366614.554739.sock)
[plugin-client] restarting worker for "nx/core/project-json"
[isolated-plugin] spawned worker for "nx/core/project-json" (pid: 864842, socket: /tmp/plugin823708-211-5366620.816953.sock)
[NX v22.7.2 Daemon Server] - 2026-08-09T21:07:15.717Z - Time taken for 'hash changed files from watcher' 0.5514249997213483ms
[plugin-worker] "@nx/angular/plugin" (pid: 864829) listening on /tmp/plugin823708-208-5366597.061554.sock
Time taken for 'plugin worker 864829 code loading' 67.267357ms
[plugin-worker] "nx/js/dependencies-and-lockfile" (pid: 864830) listening on /tmp/plugin823708-209-5366606.534757.sock
Time taken for 'plugin worker 864830 code loading' 62.485553ms
[isolated-plugin] connected to worker for "@nx/angular/plugin" (pid: 864829)
[isolated-plugin] connected to worker for "nx/js/dependencies-and-lockfile" (pid: 864830)
[NX v22.7.2 Daemon Server] - 2026-08-09T21:07:15.802Z - Time taken for 'start-plugin-worker:@nx/angular/plugin' 113.90723400004208ms
[NX v22.7.2 Daemon Server] - 2026-08-09T21:07:15.802Z - Time taken for 'start-plugin-worker:nx/js/dependencies-and-lockfile' 104.7399819996208ms
[plugin-worker] "nx/js/dependencies-and-lockfile" (pid: 864830) connected
[plugin-worker] "@nx/angular/plugin" (pid: 864829) connected
[plugin-worker] "nx/core/package-json" (pid: 864836) listening on /tmp/plugin823708-210-5366614.554739.sock
Time taken for 'plugin worker 864836 code loading' 64.192268ms
[isolated-plugin] connected to worker for "nx/core/package-json" (pid: 864836)
[NX v22.7.2 Daemon Server] - 2026-08-09T21:07:15.808Z - Time taken for 'start-plugin-worker:nx/core/package-json' 102.59029200021178ms
[plugin-worker] "nx/core/package-json" (pid: 864836) connected
[plugin-worker] "nx/core/project-json" (pid: 864842) listening on /tmp/plugin823708-211-5366620.816953.sock
Time taken for 'plugin worker 864842 code loading' 66.732732ms
[isolated-plugin] connected to worker for "nx/core/project-json" (pid: 864842)
[NX v22.7.2 Daemon Server] - 2026-08-09T21:07:15.810Z - Time taken for 'start-plugin-worker:nx/core/project-json' 98.54144299961627ms
[plugin-worker] "nx/core/project-json" (pid: 864842) connected
[plugin-worker] "nx/js/dependencies-and-lockfile" (pid: 864830) loaded successfully
[plugin-worker] "nx/core/package-json" (pid: 864836) loaded successfully
[plugin-worker] "nx/core/project-json" (pid: 864842) loaded successfully
[isolated-plugin] shutting down worker for "nx/core/package-json" after createNodes
[isolated-plugin] shutting down worker for "nx/core/project-json" after createNodes
Time taken for 'nx/js/dependencies-and-lockfile:createNodes' 14.872187999999994ms
[plugin-worker] "@nx/angular/plugin" (pid: 864829) loaded successfully
[isolated-plugin] shutting down worker for "@nx/angular/plugin" after createNodes
[NX v22.7.2 Daemon Server] - 2026-08-09T21:07:15.889Z - Time taken for 'build-project-configs' 196.50610700063407ms
[NX v22.7.2 Daemon Server] - 2026-08-09T21:07:15.889Z - Time taken for 'createNodes:merge' 0.8142470000311732ms
[NX v22.7.2 Daemon Server] - 2026-08-09T21:07:15.889Z - Time taken for 'get-all-workspace-files' 0.05493499990552664ms
Time taken for 'build typescript dependencies' 0.13718800000000897ms
[isolated-plugin] shutting down worker for "nx/js/dependencies-and-lockfile" after createDependencies
[NX v22.7.2 Daemon Server] - 2026-08-09T21:07:15.903Z - [SYNC]: collect registered sync generators
[NX v22.7.2 Daemon Server] - 2026-08-09T21:07:15.903Z - [SYNC]: project graph hash is the same, not collecting task sync generators
[NX v22.7.2 Daemon Server] - 2026-08-09T21:07:15.903Z - [SYNC]: nx.json hash is the same, not collecting global sync generators
[NX v22.7.2 Daemon Server] - 2026-08-09T21:07:15.904Z - Time taken for 'total execution time for createProjectGraph()' 16.14792300015688ms
[NX v22.7.2 Daemon Server] - 2026-08-09T21:07:15.904Z - Time taken for 'createDependencies' 13.44532800000161ms
[NX v22.7.2 Daemon Server] - 2026-08-09T21:07:15.904Z - Time taken for 'nx/js/dependencies-and-lockfile:createDependencies' 13.333188000135124ms
[NX v22.7.2 Daemon Server] - 2026-08-09T21:07:15.904Z - Time taken for 'createMetadata' 0.008456000126898289ms
[NX v22.7.2 Daemon Server] - 2026-08-09T21:07:15.904Z - Time taken for 'serialize graph' 2.9683560002595186ms
[NX v22.7.2 Daemon Server] - 2026-08-09T21:07:31.691Z - [WATCHER]: packages/portal/src/app/core/services/domain.ts was modified
[NX v22.7.2 Daemon Server] - 2026-08-09T21:07:31.691Z - [WATCHER]: File changes detected:
Created:
(none)
Updated:
  - packages/portal/src/app/core/services/domain.ts
Deleted:
(none)
[NX v22.7.2 Daemon Server] - 2026-08-09T21:07:31.691Z - [SYNC]: clearing sync generators cache due to file changes
[NX v22.7.2 Daemon Server] - 2026-08-09T21:07:31.691Z - [WATCHER]: Processing file changes in outputs
[NX v22.7.2 Daemon Server] - 2026-08-09T21:07:32.092Z - [REQUEST]: Updated workspace context based on watched changes, recomputing project graph...
[NX v22.7.2 Daemon Server] - 2026-08-09T21:07:32.092Z - [REQUEST]: packages/portal/src/app/core/services/domain.ts
[NX v22.7.2 Daemon Server] - 2026-08-09T21:07:32.092Z - [REQUEST]: 
[plugin-client] restarting worker for "@nx/angular/plugin"
[isolated-plugin] spawned worker for "@nx/angular/plugin" (pid: 865178, socket: /tmp/plugin823708-212-5383007.504655.sock)
[plugin-client] restarting worker for "nx/js/dependencies-and-lockfile"
[isolated-plugin] spawned worker for "nx/js/dependencies-and-lockfile" (pid: 865179, socket: /tmp/plugin823708-213-5383016.110411.sock)
[plugin-client] restarting worker for "nx/core/package-json"
[isolated-plugin] spawned worker for "nx/core/package-json" (pid: 865186, socket: /tmp/plugin823708-214-5383022.575479.sock)
[plugin-client] restarting worker for "nx/core/project-json"
[isolated-plugin] spawned worker for "nx/core/project-json" (pid: 865191, socket: /tmp/plugin823708-215-5383029.466876.sock)
[NX v22.7.2 Daemon Server] - 2026-08-09T21:07:32.125Z - Time taken for 'hash changed files from watcher' 0.26982600055634975ms
[plugin-worker] "@nx/angular/plugin" (pid: 865178) listening on /tmp/plugin823708-212-5383007.504655.sock
Time taken for 'plugin worker 865178 code loading' 69.786283ms
[plugin-worker] "nx/js/dependencies-and-lockfile" (pid: 865179) listening on /tmp/plugin823708-213-5383016.110411.sock
Time taken for 'plugin worker 865179 code loading' 69.559534ms
[isolated-plugin] connected to worker for "@nx/angular/plugin" (pid: 865178)
[isolated-plugin] connected to worker for "nx/js/dependencies-and-lockfile" (pid: 865179)
[NX v22.7.2 Daemon Server] - 2026-08-09T21:07:32.210Z - Time taken for 'start-plugin-worker:@nx/angular/plugin' 111.79642799962312ms
[NX v22.7.2 Daemon Server] - 2026-08-09T21:07:32.210Z - Time taken for 'start-plugin-worker:nx/js/dependencies-and-lockfile' 103.42197399958968ms
[plugin-worker] "@nx/angular/plugin" (pid: 865178) connected
[plugin-worker] "nx/js/dependencies-and-lockfile" (pid: 865179) connected
[plugin-worker] "nx/core/project-json" (pid: 865191) listening on /tmp/plugin823708-215-5383029.466876.sock
Time taken for 'plugin worker 865191 code loading' 63.042535ms
[isolated-plugin] connected to worker for "nx/core/project-json" (pid: 865191)
[NX v22.7.2 Daemon Server] - 2026-08-09T21:07:32.219Z - Time taken for 'start-plugin-worker:nx/core/project-json' 98.80579599924386ms
[plugin-worker] "nx/core/project-json" (pid: 865191) connected
[plugin-worker] "nx/core/package-json" (pid: 865186) listening on /tmp/plugin823708-214-5383022.575479.sock
Time taken for 'plugin worker 865186 code loading' 72.325334ms
[isolated-plugin] connected to worker for "nx/core/package-json" (pid: 865186)
[NX v22.7.2 Daemon Server] - 2026-08-09T21:07:32.225Z - Time taken for 'start-plugin-worker:nx/core/package-json' 111.64976699929684ms
[plugin-worker] "nx/core/package-json" (pid: 865186) connected
[plugin-worker] "nx/core/project-json" (pid: 865191) loaded successfully
[plugin-worker] "nx/js/dependencies-and-lockfile" (pid: 865179) loaded successfully
[isolated-plugin] shutting down worker for "nx/core/project-json" after createNodes
[plugin-worker] "nx/core/package-json" (pid: 865186) loaded successfully
[isolated-plugin] shutting down worker for "nx/core/package-json" after createNodes
Time taken for 'nx/js/dependencies-and-lockfile:createNodes' 16.41763800000001ms
[plugin-worker] "@nx/angular/plugin" (pid: 865178) loaded successfully
[isolated-plugin] shutting down worker for "@nx/angular/plugin" after createNodes
[NX v22.7.2 Daemon Server] - 2026-08-09T21:07:32.313Z - Time taken for 'build-project-configs' 210.89969300013036ms
[NX v22.7.2 Daemon Server] - 2026-08-09T21:07:32.313Z - Time taken for 'createNodes:merge' 0.7534320000559092ms
[NX v22.7.2 Daemon Server] - 2026-08-09T21:07:32.313Z - Time taken for 'get-all-workspace-files' 0.056739999912679195ms
Time taken for 'build typescript dependencies' 6.593024000000014ms
[isolated-plugin] shutting down worker for "nx/js/dependencies-and-lockfile" after createDependencies
[NX v22.7.2 Daemon Server] - 2026-08-09T21:07:32.334Z - [SYNC]: collect registered sync generators
[NX v22.7.2 Daemon Server] - 2026-08-09T21:07:32.334Z - [SYNC]: project graph hash is the same, not collecting task sync generators
[NX v22.7.2 Daemon Server] - 2026-08-09T21:07:32.334Z - [SYNC]: nx.json hash is the same, not collecting global sync generators
[NX v22.7.2 Daemon Server] - 2026-08-09T21:07:32.335Z - Time taken for 'total execution time for createProjectGraph()' 21.95977299939841ms
[NX v22.7.2 Daemon Server] - 2026-08-09T21:07:32.335Z - Time taken for 'createDependencies' 19.8012350006029ms
[NX v22.7.2 Daemon Server] - 2026-08-09T21:07:32.335Z - Time taken for 'nx/js/dependencies-and-lockfile:createDependencies' 19.689067999832332ms
[NX v22.7.2 Daemon Server] - 2026-08-09T21:07:32.335Z - Time taken for 'createMetadata' 0.010107999667525291ms
[NX v22.7.2 Daemon Server] - 2026-08-09T21:07:32.335Z - Time taken for 'serialize graph' 3.077415999956429ms
[NX v22.7.2 Daemon Server] - 2026-08-09T21:07:42.148Z - [WATCHER]: packages/shared/src/index.ts was modified
[NX v22.7.2 Daemon Server] - 2026-08-09T21:07:42.148Z - [WATCHER]: File changes detected:
Created:
(none)
Updated:
  - packages/shared/src/index.ts
Deleted:
(none)
[NX v22.7.2 Daemon Server] - 2026-08-09T21:07:42.148Z - [SYNC]: clearing sync generators cache due to file changes
[NX v22.7.2 Daemon Server] - 2026-08-09T21:07:42.148Z - [WATCHER]: Processing file changes in outputs
[NX v22.7.2 Daemon Server] - 2026-08-09T21:07:42.950Z - [REQUEST]: Updated workspace context based on watched changes, recomputing project graph...
[NX v22.7.2 Daemon Server] - 2026-08-09T21:07:42.950Z - [REQUEST]: packages/shared/src/index.ts
[NX v22.7.2 Daemon Server] - 2026-08-09T21:07:42.950Z - [REQUEST]: 
[plugin-client] restarting worker for "@nx/angular/plugin"
[isolated-plugin] spawned worker for "@nx/angular/plugin" (pid: 865491, socket: /tmp/plugin823708-216-5393871.88973.sock)
[plugin-client] restarting worker for "nx/js/dependencies-and-lockfile"
[isolated-plugin] spawned worker for "nx/js/dependencies-and-lockfile" (pid: 865492, socket: /tmp/plugin823708-217-5393884.674929.sock)
[plugin-client] restarting worker for "nx/core/package-json"
[isolated-plugin] spawned worker for "nx/core/package-json" (pid: 865498, socket: /tmp/plugin823708-218-5393895.388713.sock)
[plugin-client] restarting worker for "nx/core/project-json"
[isolated-plugin] spawned worker for "nx/core/project-json" (pid: 865509, socket: /tmp/plugin823708-219-5393903.672821.sock)
[NX v22.7.2 Daemon Server] - 2026-08-09T21:07:43.002Z - Time taken for 'hash changed files from watcher' 0.7819529995322227ms
[plugin-worker] "nx/js/dependencies-and-lockfile" (pid: 865492) listening on /tmp/plugin823708-217-5393884.674929.sock
Time taken for 'plugin worker 865492 code loading' 70.92374099999999ms
[plugin-worker] "@nx/angular/plugin" (pid: 865491) listening on /tmp/plugin823708-216-5393871.88973.sock
[isolated-plugin] connected to worker for "@nx/angular/plugin" (pid: 865491)
[isolated-plugin] connected to worker for "nx/js/dependencies-and-lockfile" (pid: 865492)
[NX v22.7.2 Daemon Server] - 2026-08-09T21:07:43.086Z - Time taken for 'start-plugin-worker:@nx/angular/plugin' 125.98439999949187ms
[NX v22.7.2 Daemon Server] - 2026-08-09T21:07:43.087Z - Time taken for 'start-plugin-worker:nx/js/dependencies-and-lockfile' 113.3278249995783ms
[plugin-worker] "@nx/angular/plugin" (pid: 865491) connected
[plugin-worker] "nx/js/dependencies-and-lockfile" (pid: 865492) connected
Time taken for 'plugin worker 865491 code loading' 72.587364ms
[plugin-worker] "nx/core/package-json" (pid: 865498) listening on /tmp/plugin823708-218-5393895.388713.sock
[isolated-plugin] connected to worker for "nx/core/package-json" (pid: 865498)
[NX v22.7.2 Daemon Server] - 2026-08-09T21:07:43.097Z - Time taken for 'start-plugin-worker:nx/core/package-json' 113.46709199994802ms
[plugin-worker] "nx/core/package-json" (pid: 865498) connected
Time taken for 'plugin worker 865498 code loading' 71.889718ms
[plugin-worker] "nx/core/project-json" (pid: 865509) listening on /tmp/plugin823708-219-5393903.672821.sock
Time taken for 'plugin worker 865509 code loading' 77.253094ms
[isolated-plugin] connected to worker for "nx/core/project-json" (pid: 865509)
[NX v22.7.2 Daemon Server] - 2026-08-09T21:07:43.118Z - Time taken for 'start-plugin-worker:nx/core/project-json' 125.83529799990356ms
[plugin-worker] "nx/core/project-json" (pid: 865509) connected
[plugin-worker] "nx/js/dependencies-and-lockfile" (pid: 865492) loaded successfully
[plugin-worker] "nx/core/package-json" (pid: 865498) loaded successfully
Time taken for 'nx/js/dependencies-and-lockfile:createNodes' 15.011455000000012ms
[isolated-plugin] shutting down worker for "nx/core/package-json" after createNodes
[plugin-worker] "nx/core/project-json" (pid: 865509) loaded successfully
[isolated-plugin] shutting down worker for "nx/core/project-json" after createNodes
[plugin-worker] "@nx/angular/plugin" (pid: 865491) loaded successfully
[isolated-plugin] shutting down worker for "@nx/angular/plugin" after createNodes
[NX v22.7.2 Daemon Server] - 2026-08-09T21:07:43.195Z - Time taken for 'build-project-configs' 230.01650399994105ms
[NX v22.7.2 Daemon Server] - 2026-08-09T21:07:43.195Z - Time taken for 'createNodes:merge' 0.9475730005651712ms
[NX v22.7.2 Daemon Server] - 2026-08-09T21:07:43.195Z - Time taken for 'get-all-workspace-files' 0.08979000058025122ms
Time taken for 'build typescript dependencies' 0.1410900000000197ms
[isolated-plugin] shutting down worker for "nx/js/dependencies-and-lockfile" after createDependencies
[NX v22.7.2 Daemon Server] - 2026-08-09T21:07:43.210Z - [SYNC]: collect registered sync generators
[NX v22.7.2 Daemon Server] - 2026-08-09T21:07:43.210Z - [SYNC]: project graph hash is the same, not collecting task sync generators
[NX v22.7.2 Daemon Server] - 2026-08-09T21:07:43.210Z - [SYNC]: nx.json hash is the same, not collecting global sync generators
[NX v22.7.2 Daemon Server] - 2026-08-09T21:07:43.210Z - Time taken for 'total execution time for createProjectGraph()' 15.835458000190556ms
[NX v22.7.2 Daemon Server] - 2026-08-09T21:07:43.210Z - Time taken for 'createDependencies' 13.503744999878109ms
[NX v22.7.2 Daemon Server] - 2026-08-09T21:07:43.210Z - Time taken for 'nx/js/dependencies-and-lockfile:createDependencies' 13.404326999559999ms
[NX v22.7.2 Daemon Server] - 2026-08-09T21:07:43.210Z - Time taken for 'createMetadata' 0.006912000477313995ms
[NX v22.7.2 Daemon Server] - 2026-08-09T21:07:43.210Z - Time taken for 'serialize graph' 3.360573999583721ms
[NX v22.7.2 Daemon Server] - 2026-08-09T21:07:44.179Z - [WATCHER]: packages/shared/tsconfig.json was modified
[NX v22.7.2 Daemon Server] - 2026-08-09T21:07:44.180Z - [WATCHER]: File changes detected:
Created:
(none)
Updated:
  - packages/shared/tsconfig.json
Deleted:
(none)
[NX v22.7.2 Daemon Server] - 2026-08-09T21:07:44.180Z - [SYNC]: clearing sync generators cache due to file changes
[NX v22.7.2 Daemon Server] - 2026-08-09T21:07:44.180Z - [WATCHER]: Processing file changes in outputs
[NX v22.7.2 Daemon Server] - 2026-08-09T21:07:45.781Z - [REQUEST]: Updated workspace context based on watched changes, recomputing project graph...
[NX v22.7.2 Daemon Server] - 2026-08-09T21:07:45.781Z - [REQUEST]: packages/shared/tsconfig.json
[NX v22.7.2 Daemon Server] - 2026-08-09T21:07:45.781Z - [REQUEST]: 
[plugin-client] restarting worker for "@nx/angular/plugin"
[isolated-plugin] spawned worker for "@nx/angular/plugin" (pid: 865770, socket: /tmp/plugin823708-220-5396698.085065.sock)
[plugin-client] restarting worker for "nx/js/dependencies-and-lockfile"
[isolated-plugin] spawned worker for "nx/js/dependencies-and-lockfile" (pid: 865771, socket: /tmp/plugin823708-221-5396704.488414.sock)
[plugin-client] restarting worker for "nx/core/package-json"
[isolated-plugin] spawned worker for "nx/core/package-json" (pid: 865782, socket: /tmp/plugin823708-222-5396711.913574.sock)
[plugin-client] restarting worker for "nx/core/project-json"
[isolated-plugin] spawned worker for "nx/core/project-json" (pid: 865783, socket: /tmp/plugin823708-223-5396719.75898.sock)
[NX v22.7.2 Daemon Server] - 2026-08-09T21:07:45.818Z - Time taken for 'hash changed files from watcher' 0.2673279996961355ms
[plugin-worker] "nx/js/dependencies-and-lockfile" (pid: 865771) listening on /tmp/plugin823708-221-5396704.488414.sock
[plugin-worker] "@nx/angular/plugin" (pid: 865770) listening on /tmp/plugin823708-220-5396698.085065.sock
Time taken for 'plugin worker 865771 code loading' 81.204237ms
Time taken for 'plugin worker 865770 code loading' 84.17129ms
[isolated-plugin] connected to worker for "@nx/angular/plugin" (pid: 865770)
[isolated-plugin] connected to worker for "nx/js/dependencies-and-lockfile" (pid: 865771)
[NX v22.7.2 Daemon Server] - 2026-08-09T21:07:45.912Z - Time taken for 'start-plugin-worker:@nx/angular/plugin' 125.07439099997282ms
[NX v22.7.2 Daemon Server] - 2026-08-09T21:07:45.912Z - Time taken for 'start-plugin-worker:nx/js/dependencies-and-lockfile' 118.87049399968237ms
[plugin-worker] "@nx/angular/plugin" (pid: 865770) connected
[plugin-worker] "nx/js/dependencies-and-lockfile" (pid: 865771) connected
[plugin-worker] "nx/core/package-json" (pid: 865782) listening on /tmp/plugin823708-222-5396711.913574.sock
Time taken for 'plugin worker 865782 code loading' 77.243814ms
[plugin-worker] "nx/core/project-json" (pid: 865783) listening on /tmp/plugin823708-223-5396719.75898.sock
[isolated-plugin] connected to worker for "nx/core/project-json" (pid: 865783)
[isolated-plugin] connected to worker for "nx/core/package-json" (pid: 865782)
[NX v22.7.2 Daemon Server] - 2026-08-09T21:07:45.922Z - Time taken for 'start-plugin-worker:nx/core/package-json' 121.09968299977481ms
[NX v22.7.2 Daemon Server] - 2026-08-09T21:07:45.922Z - Time taken for 'start-plugin-worker:nx/core/project-json' 113.07745400071144ms
[plugin-worker] "nx/core/package-json" (pid: 865782) connected
[plugin-worker] "nx/core/project-json" (pid: 865783) connected
Time taken for 'plugin worker 865783 code loading' 74.433949ms
[plugin-worker] "nx/js/dependencies-and-lockfile" (pid: 865771) loaded successfully
[plugin-worker] "nx/core/package-json" (pid: 865782) loaded successfully
[plugin-worker] "nx/core/project-json" (pid: 865783) loaded successfully
[isolated-plugin] shutting down worker for "nx/core/project-json" after createNodes
[isolated-plugin] shutting down worker for "nx/core/package-json" after createNodes
Time taken for 'nx/js/dependencies-and-lockfile:createNodes' 15.541266000000007ms
[plugin-worker] "@nx/angular/plugin" (pid: 865770) loaded successfully
[isolated-plugin] shutting down worker for "@nx/angular/plugin" after createNodes
[NX v22.7.2 Daemon Server] - 2026-08-09T21:07:46.015Z - Time taken for 'build-project-configs' 223.95944700017571ms
[NX v22.7.2 Daemon Server] - 2026-08-09T21:07:46.015Z - Time taken for 'createNodes:merge' 0.6968270000070333ms
[NX v22.7.2 Daemon Server] - 2026-08-09T21:07:46.015Z - Time taken for 'get-all-workspace-files' 0.03965300042182207ms
Time taken for 'build typescript dependencies' 0.17205200000000787ms
[isolated-plugin] shutting down worker for "nx/js/dependencies-and-lockfile" after createDependencies
[NX v22.7.2 Daemon Server] - 2026-08-09T21:07:46.030Z - [SYNC]: collect registered sync generators
[NX v22.7.2 Daemon Server] - 2026-08-09T21:07:46.031Z - [SYNC]: project graph hash is the same, not collecting task sync generators
[NX v22.7.2 Daemon Server] - 2026-08-09T21:07:46.031Z - [SYNC]: nx.json hash is the same, not collecting global sync generators
[NX v22.7.2 Daemon Server] - 2026-08-09T21:07:46.031Z - Time taken for 'total execution time for createProjectGraph()' 16.594118000008166ms
[NX v22.7.2 Daemon Server] - 2026-08-09T21:07:46.031Z - Time taken for 'createDependencies' 14.459884000010788ms
[NX v22.7.2 Daemon Server] - 2026-08-09T21:07:46.031Z - Time taken for 'nx/js/dependencies-and-lockfile:createDependencies' 14.357862000353634ms
[NX v22.7.2 Daemon Server] - 2026-08-09T21:07:46.031Z - Time taken for 'createMetadata' 0.008471000008285046ms
[NX v22.7.2 Daemon Server] - 2026-08-09T21:07:46.031Z - Time taken for 'serialize graph' 3.0194080006331205ms
[NX v22.7.2 Daemon Server] - 2026-08-09T21:11:24.854Z - [WATCHER]: .gitignore was modified
[NX v22.7.2 Daemon Server] - 2026-08-09T21:11:24.854Z - [WATCHER]: File changes detected:
Created:
(none)
Updated:
  - .gitignore
Deleted:
(none)
[NX v22.7.2 Daemon Server] - 2026-08-09T21:11:24.854Z - [SYNC]: clearing sync generators cache due to file changes
[NX v22.7.2 Daemon Server] - 2026-08-09T21:11:24.855Z - [WATCHER]: Processing file changes in outputs
[NX v22.7.2 Daemon Server] - 2026-08-09T21:11:24.856Z - [WATCHER]: Stopping the watcher for /home/m/integrations/onboarded (sources)
[NX v22.7.2 Daemon Server] - 2026-08-09T21:11:24.856Z - [WATCHER]: Stopping the watcher for /home/m/integrations/onboarded (outputs)
[NX v22.7.2 Daemon Server] - 2026-08-09T21:11:24.857Z - Server stopped because: "Stopping the daemon the set of ignored files changed (native)"
